adult,backdrop_path,genre_ids,id,title,original_language,original_title,overview,popularity,poster_path,release_date,softcore,video,vote_average,vote_count
False,/5lTZyuBTNOfawsfPT8Q0cIg6qAF.jpg,"[27, 53]",1339713,Obsession,en,Obsession,"After breaking the mysterious ""One Wish Willow"" to win his crush's heart, a hopeless romantic finds himself getting exactly what he asked for but soon discovers that some desires come at a dark, sinister price.",898.7716,/bRwnj8WEKBCvmfeUNOukJPwB43K.jpg,2026-05-13,False,False,7.93,621
False,/oPsRr7AfNLw6XaPuMpvkWK0bIUA.jpg,"[28, 18]",1057265,Peddi,te,పెద్ది,"In 1980s rural Andhra Pradesh, a spirited villager unites his community through sports to defend their pride against a powerful rival.",879.0599,/kJAJNNBYlbqAcpTDxBNnaILSMTy.jpg,2026-06-03,False,False,6.132,19
False,/xugEpZk9YQ0DIz1aFvH5HGkqpZK.jpg,"[27, 9648]",1304313,Lee Cronin's The Mummy,en,Lee Cronin's The Mummy,"The young daughter of a journalist disappears into the desert without a trace—eight years later, the broken family is shocked when she is returned to them, as what should be a joyful reunion turns into a living nightmare.",358.5428,/1q308iixueCU4pFtSYugNOevtNx.jpg,2026-04-15,False,False,8.078,1689
False,/e5IdZ1OEWMYxTeu51tI67gXvfpn.jpg,"[80, 18, 53]",1433117,Kara,ta,கர,"A thief tries to go straight, but when predatory banks trap his father in debt, he returns to crime — with a determined cop closing in on his trail.",323.3147,/6U6i4qhgHR1MWkUb6OGQwNpqcZC.jpg,2026-04-30,False,False,6.3,20
False,/6zg7A9ICOthNR2TSXlT51KvXrsA.jpg,"[28, 12, 878]",1228710,The Mandalorian and Grogu,en,The Mandalorian and Grogu,"The evil Empire has fallen, and Imperial warlords remain scattered throughout the galaxy. As the fledgling New Republic works to protect everything the Rebellion fought for, they have enlisted the help of legendary Mandalorian bounty hunter Din Djarin and his young apprentice Grogu.",345.949,/5Vi8dSauVwH1HOsiZceDMbRr1Ca.jpg,2026-05-20,False,False,6.792,419
False,/kxQiIJ4gVcD3K6o14MJ72p5yRcE.jpg,"[10751, 35, 12, 14, 16]",1226863,The Super Mario Galaxy Movie,en,The Super Mario Galaxy Movie,"Having thwarted Bowser's previous plot to marry Princess Peach, Mario and Luigi now face a fresh threat in Bowser Jr., who is determined to liberate his father from captivity and restore the family legacy. Alongside companions new and old, the brothers travel across the stars to stop the young heir's crusade.",305.432,/eJGWx219ZcEMVQJhAgMiqo8tYY.jpg,2026-04-01,False,False,8.152,2475
False,/l5QgEvlfK6eHPM4YPEk7AArXmh8.jpg,"[10749, 35]",1308553,Hai Jawani Toh Ishq Hona Hai,hi,है जवानी तो इश्क होना है,"When Jass leaves his marriage over conflicting priorities, a new romance abroad is upended by shocking revelations, forcing him to confront love, loyalty, and the true meaning of commitment.",382.0772,/vmlJvz6qVzYgei2V74GvnmcuQfW.jpg,2026-06-04,False,False,5.3,11
False,/oBft4BZeoDQzTT9ZGijClr76qvK.jpg,"[28, 53]",1122573,In the Grey,en,In the Grey,"A covert team of elite operatives are living in the shadows. When a ruthless despot steals a billion-dollar fortune, they're sent to take it back—an impossible heist that erupts into a deadly game of strategy, deception and survival.",249.1226,/dQgIcW6Th08kMRf2HBoYWoFE6OD.jpg,2026-05-13,False,False,6.6,172
False,/2I1OFQJ0L9T0dpU6FobKFWV2PxX.jpg,"[878, 12]",687163,Project Hail Mary,en,Project Hail Mary,"Science teacher Ryland Grace wakes up on a spaceship light years from home with no recollection of who he is or how he got there. As his memory returns, he begins to uncover his mission: solve the riddle of the mysterious substance causing the sun to die out. He must call on his scientific knowledge and unorthodox ideas to save everything on Earth from extinction.",231.4921,/yihdXomYb5kTeSivtFndMy5iDmf.jpg,2026-03-15,False,False,8.666,4803
False,/qO55CD8tgVL1T4WKn6zYFFiD6lL.jpg,"[28, 18, 80]",1439930,The Punisher: One Last Kill,en,The Punisher: One Last Kill,"As Frank Castle searches for meaning beyond revenge, an unexpected force pulls him back into the fight.",230.7795,/qQclTgLMDvGBuUBFGHRipxkEwWR.jpg,2026-05-12,False,False,8.371,1513
False,/eQySd26OW7UmCuaeBOL7qy6foMn.jpg,"[28, 14, 878]",454639,Masters of the Universe,en,Masters of the Universe,"After being separated for 15 years, the Sword of Power leads Prince Adam back to Eternia, where he discovers his home shattered under the fiendish rule of Skeletor. To save his family and his world, Adam must join forces with his closest allies, Teela and Duncan/Man-At-Arms, and embrace his true destiny as He-Man — the most powerful man in the universe.",284.1781,/3YMd9Ogae4rDKLWuAZFuse9xhc5.jpg,2026-06-03,False,False,7.374,131
False,/dd31qJxOarrHyGZwYsCzOjobQzP.jpg,"[28, 53]",1380291,Tom Clancy's Jack Ryan: Ghost War,en,Tom Clancy's Jack Ryan: Ghost War,"Jack Ryan is reluctantly pulled back into espionage when an international covert mission unravels a deadly conspiracy. Racing against time, he joins CIA allies Mike November & James Greer and sharp MI6 officer Emma Marlowe to battle a rogue black-ops unit in a high-stakes, deeply personal fight.",214.552,/8ehYxUh5MWE41AeE9gkHE8DKzvB.jpg,2026-05-20,False,False,7.076,513
False,/erkh3hHfGh06qPQIuFpV0PoQeV8.jpg,"[10749, 35]",1358005,Office Romance,en,Office Romance,"Jackie, President and CEO of Air Cruz, runs a tight ship in her business, including a rigid anti-fraternization policy for all her employees. When a new sexy lawyer begins working for her, that policy becomes very tested.",234.5292,/1HRUTqEVDmJC4L6tp6zd85MI6uH.jpg,2026-06-04,False,False,6.7,113
False,/mCpwRayjXMFzKHbjbzc5JRKfq1O.jpg,"[27, 9648, 878]",1083381,Backrooms,en,Backrooms,A strange doorway appears in the basement of a furniture showroom.,216.2298,/rhGx6E3qRNMgj3i5su2oukNHwIQ.jpg,2026-05-27,False,False,6.845,415
False,/ksl01eojCFiGl5zO9kACiyiwpZs.jpg,"[10749, 18]",1523145,Your Heart Will Be Broken,ru,Твоё сердце будет разбито,"High school student Polina is saved from bullying at her new school and makes a deal with the main bully Bars: he must pretend to be her boyfriend and protect her, and she must do everything he says. During this game, the couple develops real feelings, but her family and classmates have reasons to separate the lovers.",221.0357,/7wIBfBl2gejt6xHxNSK0reVIm7E.jpg,2026-03-26,False,False,6.845,86
False,/zMwhWailP1WY7sb6AoE6b8ugoy.jpg,"[12, 16, 10751, 14]",1007757,Swapped,en,Swapped,"A small woodland creature and a majestic bird, two natural sworn enemies of the Valley, magically trade places and set off on an adventure of a lifetime to switch back. Their journey soon uncovers a greater threat—one that could endanger not only their species, but the entire valley they call home.",210.035,/tHhxWxge06goXU6ZQH1hj7vK8Hd.jpg,2026-05-01,False,False,8.974,1632
False,/woZX9wZaiX70LbW7bOeNccNTIhp.jpg,[27],1430077,Hokum,en,Hokum,"When novelist Ohm Bauman retreats to a remote inn to scatter his parents' ashes, he is consumed by tales of a witch haunting the honeymoon suite. Disturbing visions and a shocking disappearance forces him to confront dark corners of his past.",211.3545,/jKPWwsbAM6HKURPYQ1eG8DmKMKn.jpg,2026-04-29,False,False,6.8,182
False,/gRoZG3Z0zJxgElmTsVHOl2dNYXe.jpg,"[28, 80, 53]",1582770,Dhurandhar: The Revenge,hi,धुरंधर: द रिवेंज,"As rival gangs, corrupt officials and a ruthless Major Iqbal close in, Hamza's mission for his country spirals into a bloody personal war where the line between patriot and monster disappears in the streets of Lyari.",200.8613,/ov8vrRLZGoXHpYjSY9Vpv1tHJX7.jpg,2026-03-18,False,False,7.3,113
False,/4BtL2vvEufDXDP4u6xQjjQ1Y2aT.jpg,"[28, 80, 18, 53]",1419406,The Shadow's Edge,zh,捕风追影,Macau Police brings the tracking expert police officer out of retirement to help catch a dangerous group of professional thieves.,189.1485,/cHKo3m8N1fwvEy2ZEr0xGmmMODV.jpg,2025-08-16,False,False,7.703,816
False,/l1nekhf05HS5OpBr0vRqcD3NxoS.jpg,"[36, 80, 28, 14]",1103473,KD – The Devil,kn,ಕೆಡಿ - ದಿ ಡೆವಿಲ್,"In the early 1970s, a petty criminal Kaali unwittingly involves himself with underworld thugs, catalyzing events beyond his control.",206.0315,/nEuEMJrnLBneE9tJlmzbhCFLu95.jpg,2026-04-30,False,False,7.5,2
False,/lj6AaDqDUbzm2XJltFNHeAm2uXN.jpg,"[35, 27]",1273221,Scary Movie,en,Scary Movie,"Twenty-six years after outrunning a suspiciously familiar masked killer, the Core Four are back in the killer's crosshairs and no horror movie IP is safe.",172.3399,/bqOKJrZFR9KpqWE607dw6KOdKCj.jpg,2026-06-03,False,False,5.732,185
False,/xGJT18qN8lzELAnHRyfoe1vLTiI.jpg,[18],186745,Rape of Love,fr,L'Amour violé,"Nicole, nurse in Grenoble, is raped one night by four men. Deeply scarred, emotionally and physically, she thinks she will never recover from the trauma. Following a friend's advice, she decides to file a lawsuit.",128.538,/qVGL9xgGCzXtRwexUTmpz7z1MVg.jpg,1978-01-10,False,False,5.6,24
False,/3QEwa9vZFC8PyZgFOKYPZx55nv8.jpg,"[35, 53, 18]",1628448,Maa Behen,hi,माँ बहन,"In this dark comedy, a woman calls her estranged daughters in the middle of the night with chilling news — there's a dead body in her kitchen.",179.3971,/dpQIeEunpgj0C4rngb6OFb4zSd1.jpg,2026-06-04,False,False,8.625,4
False,/rHnANzYUmV3WZw3n0yWOLiR3pen.jpg,"[53, 80]",976912,Graphic Desires,en,Graphic Desires,"When reclusive Franklin cheats on his partner with a mysterious girl he meets on a dating app, it becomes the start of a deadly obsession.",152.1779,/3BjLdTWRiHc1ISIZMFvToOmghOM.jpg,2023-08-31,False,False,6.977,87
False,/5RkZOvu9FC0A8NypE2BL7oKNOTU.jpg,"[28, 53]",1065834,Kattalan,ml,കാട്ടാളൻ,"Power-hungry forces clash in the Ivory cartel war-a fierce story of control, vengeance, and survival where compassion vanishes and only the ruthless endure.",121.2079,/9OA6y2GdbXuJ5PAMMMawNBIkrZA.jpg,2026-05-14,False,False,7.6,4
False,/iN41Ccw4DctL8npfmYg1j5Tr1eb.jpg,"[878, 12, 14]",83533,Avatar: Fire and Ash,en,Avatar: Fire and Ash,"In the wake of the devastating war against the RDA and the loss of their eldest son, Jake Sully and Neytiri face a new threat on Pandora: the Ash People, a violent and power-hungry Na'vi tribe led by the ruthless Varang. Jake's family must fight for their survival and the future of Pandora in a conflict that pushes them to their emotional and physical limits.",156.6227,/aabwWZWx6z1aYP4PX2ADvbDKktd.jpg,2025-12-17,False,False,7.569,3379
False,/krhj4Fhb0G3QCmyBtEADxgFFmRX.jpg,"[18, 10749]",11012,Damage,en,Damage,The life of a respected British politician at the height of his career crumbles when he becomes obsessed with his son's lover.,150.0238,/alf3JOPP7EYP0iO24gwe5YfRnqo.jpg,1992-12-02,False,False,6.568,686
False,/u53UYu5XG2hNgWGvs3xGhAVzypl.jpg,"[12, 16, 35, 10751, 878]",1327819,Hoppers,en,Hoppers,"Scientists have discovered how to 'hop' human consciousness into lifelike robotic animals, allowing people to communicate with animals as animals. Animal lover Mabel seizes an opportunity to use the technology, uncovering mysteries within the animal world beyond anything she could have imagined.",141.2933,/xjtWQ2CL1mpmMNwuU5HeS4Iuwuu.jpg,2026-03-04,False,False,8.2,1483
False,/7TJjD2X9GTEqyLVIJKLS85J2V47.jpg,"[53, 28, 80]",28322,Madness,it,Vacanze per un massacro,"An escaped convicted murderer invades the cottage of a man, his wife and the wife's sister, whereupon he proceeds to torment this already dysfunctional trio with rape and violence.",172.7417,/gV0J0Fqw2mYMtQbzb0ruxv9MAeZ.jpg,1980-03-20,False,False,4.969,32
False,/5AsIFZ2AJC7JcGpq40aRPuRuaRc.jpg,[18],1241752,Rita,tl,Rita,"Rita, who finds herself alone when husband Ariel works abroad. They both find solace and sexual satisfaction in other people. When Ariel comes back, they both act like nothing happened. But will this keep their marriage from falling apart?",132.4846,/pXENxAzOBrTSDJGxDcUnlNTNmWr.jpg,2024-03-22,False,False,5.979,24
False,/cfDHxkco8RrslL0Vk2XPTwTVFCe.jpg,"[28, 53]",1472951,Infiltrate,en,Infiltrate,"In a city overrun by crime, government Agent Lily Chen is forced to choose between her duty and her family when her husband is kidnapped, and she’s blackmailed into assassinating high-level criminals to save him. As she delves deeper into the criminal underworld, Lily’s relentless pursuit of justice unravels a web of corruption, leading to a final, life-altering decision that will change her world forever.",116.025,/8Cw8GF9wG63kF8pRRXwOx2kXGt.jpg,2026-04-10,False,False,5.471,17
False,/gqGQ0zADV5FIcgMWtWX8FcGQjFp.jpg,"[27, 9648, 878]",1116201,Iron Lung,en,Iron Lung,"In a post-apocalyptic future where an event known as ""The Quiet Rapture"" caused all known stars and habitable planets in the universe to disappear, a convict is sent to search an ocean of blood discovered on a desolate moon, using a small submarine nicknamed the ""Iron Lung"".",101.0252,/sIwakdbMGS1krtgendTWpxTY9Hw.jpg,2026-01-30,False,False,7.177,229
False,/1RgPyOhN4DRs225BGTlHJqCudII.jpg,"[16, 28, 14]",1311031,Demon Slayer: Kimetsu no Yaiba Infinity Castle,ja,劇場版「鬼滅の刃」無限城編 第一章 猗窩座再来,"The Demon Slayer Corps are drawn into the Infinity Castle, where Tanjiro, Nezuko, and the Hashira face terrifying Upper Rank demons in a desperate fight as the final battle against Muzan Kibutsuji begins.",106.9583,/fWVSwgjpT2D78VUh6X8UBd2rorW.jpg,2025-07-18,False,False,7.737,853
False,/1eAuwNBy34kkM3xkl202z4f1NiI.jpg,"[28, 14]",1367220,Karuppu,ta,கருப்பு,"In a world where justice falters, guardian deity Vettai Karuppu takes the guise of a lawyer to battle a corrupt legal system preying on the powerless.",173.3807,/4KZXlZ5tTT6ghbW77gS4hSLkCd7.jpg,2026-05-14,False,False,7.6,12
False,/kI7JBjvZkqYsLJRhcqTQU1MMdQA.jpg,[35],424711,Poppea's Hot Nights,it,Le calde notti di Poppea,Poppea's Hot Nights (Italian: Le calde notti di Poppea) is a 1969 Italian comedy film set in Ancient Rome. It was written and directed by Guido Malatesta and stars Olga Schoberová (credited as Olinka Berova) and Brad Harris in the main roles.,114.4246,/zNfqugt7ZPFpWeXAQsF5IqDCDft.jpg,1969-01-01,False,False,3.6,4
False,/7uXzE0ZBkbAeKylOz7cUQF4Yw75.jpg,[18],879945,The Unknown Man,nl,L'homme inconnu,"Louis, a Flemish writer, decides to isolate himself at the Côte d’Azur, hoping this place will bring him inspiration.",190.7919,/4TpBhdaSl5ALHbgeaYOLF8Q3haz.jpg,2021-10-16,False,False,8.2,5
False,/gkh6Nt8DtY1XT4gQsyFq9XAVJlJ.jpg,"[18, 35]",350,The Devil Wears Prada,en,The Devil Wears Prada,"A young woman from the Midwest gets more than she bargained for when she moves to New York to become a writer and ends up as the assistant to the tyrannical, larger-than-life editor-in-chief of a major fashion magazine.",99.0828,/8912AsVuS7Sj915apArUFbv6F9L.jpg,2006-06-29,False,False,7.432,13683
False,/vP7YFt9pP8NPCg4PMBAHO5ILdrQ.jpg,"[28, 53]",44980,Zero Woman 2,ja,Zero WOMAN ＩＩ　警視庁０課の女,"When a valuable suitcase is stolen, the mob, petty criminals, and a beautiful agent from the Elite Zero division are pulled into a battle to settle the score.",90.5383,/sQHeDjwmBQba8E51Mkp5dvgkzeZ.jpg,1995-09-05,False,False,5.0,8
False,/6ELCZlTA5lGUops70hKdB83WJxH.jpg,"[28, 14, 12]",460465,Mortal Kombat,en,Mortal Kombat,"Washed-up MMA fighter Cole Young, unaware of his heritage, and hunted by Emperor Shang Tsung's best warrior, Sub-Zero, seeks out and trains with Earth's greatest champions as he prepares to stand against the enemies of Outworld in a high stakes battle for the universe.",104.1313,/ybrX94xQm8lXYpZAPRmwD9iIbWP.jpg,2021-04-07,False,False,7.041,6723
False,/oTE4lNs4PSG5iIWjqaTdCIFJ4Bs.jpg,"[28, 53]",1318447,Apex,en,Apex,A grieving woman pushing her limits on a solo adventure in the Australian wild is ensnared in a twisted game with a cunning killer who thinks she's prey.,95.6403,/eTp7gSPkSF3Aw79mNx1NkBP1PZT.jpg,2026-04-24,False,False,6.8,1410
False,/g2aOpyCO1vEyUZURh3V5uaHu187.jpg,"[28, 53]",1288341,Seven Snipers,en,Seven Snipers,"When a former elite sniper is hunted down by the ruthless warlord who once held her captive, she must fight to the death to protect the daughter she has raised in hiding, on a remote Australian farm.",108.8394,/xIZ8huVdXCL7OMtsjd3XvmFP5sK.jpg,2026-04-30,False,False,6.075,20
False,/6DfHl4CE88x7Rt9oyARQQm6bHXD.jpg,"[28, 53]",1510339,Mark,kn,ಮಾರ್ಕ್,"Mark is suspended from his police duties for his unruly yet effective ways of operating, but when 18 children are abducted and found dead, races to catch the criminals. With only 18 hours left, he must confront powerful foes and use unconventional tactics to succeed.",80.5185,/6LTDv6XHiHN0N77QIFg2tidVvhh.jpg,2025-12-25,False,False,4.0,1
False,/kkRpcauZoBFKnH0Qsy7J5qtwBF5.jpg,"[10749, 18]",1371023,Chand Mera Dil,hi,चाँद मेरा दिल,"Aarav and Chandni's passionate college romance is struck by adulthood far too soon, forcing the two young lovers to balance their ambitions with responsibility and realize the evolved meaning of love.",81.3278,/9LPkXJustudEBgPZEm9tgDx5KtC.jpg,2026-05-22,False,False,3.833,3
False,/tq3h43fZy0H80vzf47MAY7R9Mxo.jpg,"[16, 35, 10751]",1297842,GOAT,en,GOAT,"A small goat with big dreams gets a once-in-a-lifetime shot to join the pros and play roarball, a high-intensity, co-ed, full-contact sport dominated by the fastest, fiercest animals in the world.",93.0387,/wfuqMlaExcoYiUEvKfVpUTt1v4u.jpg,2026-02-11,False,False,8.136,759
False,/5n417Ff5GXOGCOKj3ZLMRAxEP0o.jpg,"[18, 9648]",249397,Nymphomaniac: Vol. II,en,Nymphomaniac: Vol. II,The continuation of Joe's sexually dictated life delves into the darker aspects of her adult life and what led to her being in Seligman's care.,87.2013,/iLUNqgNKuWn667kXCKztSxYbT3k.jpg,2013-12-25,False,False,6.715,3182
False,/lJJUpqjlZYKxIO1YdlmA15pa1Bf.jpg,"[18, 10749, 53]",462183,Wild Awakening,es,Salvaje despertar,"Toni and Emma are brother and sister who owns a stable farm. Ramon and his son, Aaron works for them. Toni is openly gay and loves to party, Emma has a crush on Aaron who is a closeted gay who is afraid that his father might find out, but his father also has a secret.",86.5406,/jD9MILmkIeBBoFJbOjHAaCQ3sEA.jpg,2016-10-23,False,False,5.295,22
False,/lgotja3xMoJZbynwHfcQcJAEMWH.jpg,"[12, 16, 35, 10751, 9648]",1084242,Zootopia 2,en,Zootopia 2,"After cracking the biggest case in Zootopia's history, rookie cops Judy Hopps and Nick Wilde find themselves on the twisting trail of a great mystery when Gary De'Snake arrives and turns the animal metropolis upside down. To crack the case, Judy and Nick must go undercover to unexpected new parts of town, where their growing partnership is tested like never before.",88.7753,/oJ7g2CifqpStmoYQyaLQgEU32qO.jpg,2025-11-26,False,False,7.657,2906
False,/xBT0oNq6rsTFv4SxG5uGRIEOrq6.jpg,"[10402, 18]",936075,Michael,en,Michael,"The story of Michael Jackson, one of the most influential artists the world has ever known, and his life beyond the music. His journey from the discovery of his extraordinary talent as the lead of the Jackson Five, to the visionary artist whose creative ambition fueled a relentless pursuit to become the biggest entertainer in the world, highlighting both his life off-stage and some of the most iconic performances from his early solo career.",167.9048,/zm0KAbOjlt9eR5y7vDiL2dEOwMl.jpg,2026-04-22,False,False,8.011,1165
False,/4EAAwpylq313qrDqpCxulUrXBNF.jpg,"[28, 14, 12]",931285,Mortal Kombat II,en,Mortal Kombat II,"The fan favorite champions—now joined by Johnny Cage himself—are pitted against one another in the ultimate, no-holds barred, gory battle to defeat the dark rule of Shao Kahn that threatens the very existence of the Earthrealm and its defenders.",189.6381,/lIsMeDbwntNXSUVHmWMMRXEZOVc.jpg,2026-05-06,False,False,7.451,574
False,/aqqoDJs8vYp2EZ74aQ1UMY0sjM7.jpg,"[18, 53]",235271,Addicted,en,Addicted,A gallerist risks her family and flourishing career when she enters into an affair with a talented painter and slowly loses control of her life.,85.1501,/fAERrD6vvmznDoL99wlgjhSfPcH.jpg,2014-10-10,False,False,5.927,447
False,/pjlxrd646cBYznHoPBWTzz6FujX.jpg,"[28, 878, 18]",39254,Real Steel,en,Real Steel,"Charlie Kenton is a washed-up fighter who retired from the ring when robots took over the sport. After his robot is trashed, he reluctantly teams up with his estranged son to rebuild and train an unlikely contender.",87.739,/4GIeI5K5YdDUkR3mNQBoScpSFEf.jpg,2011-09-28,False,False,7.102,9195
False,/lnEnGidQaqiQvJAQoJhwKBF7prk.jpg,"[27, 53]",1473332,No One Will Hear Your Scream,es,Nadie va a escuchar tu grito,"While an entire country is focused on the 1990 World Cup in Italy, someone takes advantage of Argentina's matches to commit brutal murders.",89.4716,/32xWlHXSCywvHuy20ElcbAbnpRg.jpg,2025-09-05,False,False,4.2,6
False,/6kheApG5qPsKbiKDxsGpOb6i6i6.jpg,"[27, 53]",1694978,Chum,en,Chum,"A newlywed couple joins friends on a Mediterranean yacht excursion, only to find themselves caught between a predatory shark and a psychopathic killer in their midst-transforming a sun-drenched escape into a fight for survival.",86.875,/uJOW6pWxJ0i5sji9VXRR6Y1wXyE.jpg,2026-05-27,False,False,3.6,5
False,/m5dA4JZsj78EBTa2D6imWOAebwB.jpg,[35],4247,Scary Movie,en,Scary Movie,"A familiar-looking group of teenagers find themselves being stalked by a more-than-vaguely recognizable masked killer! As the victims begin to pile up and the laughs pile on, none of your favorite scary movies escape the razor-sharp satire of this outrageously funny parody!",91.2532,/fVQFPRuw3yWXojYDJvA5EoFjUOY.jpg,2000-07-07,False,False,6.4,7812
False,/4DfxcN4w0FuYZHQ3JAHzpHWia1U.jpg,"[28, 80, 53]",1291608,Dhurandhar,hi,धुरंधर,"A mysterious traveler slips into the heart of Karachi's underbelly and rises through its ranks with lethal precision, only to tear the notorious ISI-Underworld nexus apart from within.",78.4532,/snBOuXDdhmTvlzMUvP9Em3Pp1u1.jpg,2025-12-05,False,False,7.201,299
False,/zfbjgQE1uSd9wiPTX4VzsLi0rGG.jpg,"[18, 80]",278,The Shawshank Redemption,en,The Shawshank Redemption,"Imprisoned in the 1940s for the double murder of his wife and her lover, upstanding banker Andy Dufresne begins a new life at the Shawshank prison, where he puts his accounting skills to work for an amoral warden. During his long stretch in prison, Dufresne comes to be admired by the other inmates -- including an older prisoner named Red -- for his integrity and unquenchable sense of hope.",82.6474,/9cqNxx0GxF0bflZmeSMuL5tnGzr.jpg,1994-09-23,False,False,8.722,30519
False,/sS3zGYFPcfM5pArVNWl6qLyaSmU.jpg,"[28, 12, 16, 14]",980431,Avatar Aang: The Last Airbender,en,Avatar Aang: The Last Airbender,"Avatar Aang, the world's last Airbender, learns of an ancient power that could save his culture from extinction. With the help of his friends, he embarks on a global quest to find it before it falls into the wrong hands and threatens to upend the peace they sacrificed everything to achieve.",77.2781,/29Jdsak3SrwGds5k1t43kH6Khed.jpg,2026-10-09,False,False,0.0,0
False,/tlm8UkiQsitc8rSuIAscQDCnP8d.jpg,"[28, 878]",603,The Matrix,en,The Matrix,"Set in the 22nd century, The Matrix tells the story of a computer hacker who joins a group of underground insurgents fighting the vast and powerful computers who now rule the earth.",72.5069,/aOIuZAjPaRIE6CMzbazvcHuHXDc.jpg,1999-03-31,False,False,8.246,27976
False,/6muIb4lmdF2uJmrAY4zyH11wYxW.jpg,"[10749, 18, 35]",1157008,Dime lo que quieres (de verdad),es,Dime lo que quieres (de verdad),"Diego and Emilia are a conservative couple with 16 years of marriage who have lost the spark, until Tomás and Betina rescue them and introduce them to the forbidden world, changing what they know about intimacy, relationships, and sex.",74.5321,/2ynUMfrwnEdGmkZmpiiJmTdTi4w.jpg,2023-07-27,False,False,7.629,31
False,/mxdiaM2tsx8M6W3zLgiPwAkhQfq.jpg,"[18, 10749]",744275,After We Fell,en,After We Fell,"Just as Tessa's life begins to become unglued, nothing is what she thought it would be. Not her friends nor her family. The only person that she should be able to rely on is Hardin, who is furious when he discovers the massive secret that she's been keeping. Before Tessa makes the biggest decision of her life, everything changes because of revelations about her family.",74.5721,/dU4HfnTEJDf9KvxGS9hgO7BVeju.jpg,2021-09-01,False,False,7.004,2745
False,/mxdiaM2tsx8M6W3zLgiPwAkhQfq.jpg,"[18, 10749]",744275,After We Fell,en,After We Fell,"Just as Tessa's life begins to become unglued, nothing is what she thought it would be. Not her friends nor her family. The only person that she should be able to rely on is Hardin, who is furious when he discovers the massive secret that she's been keeping. Before Tessa makes the biggest decision of her life, everything changes because of revelations about her family.",74.5721,/dU4HfnTEJDf9KvxGS9hgO7BVeju.jpg,2021-09-01,False,False,7.004,2745
False,/vmdt6nUXYX4mM0Ahcvh4bgHOjUt.jpg,"[28, 18]",1292415,Beast,en,Beast,"MMA legend Patton James, now a commercial fisherman, is pulled back into the cage when his brother is in danger. Reuniting with his old coach Sammy, he commits to one final fight in one championship against the brutal champion Xavier Grau.",71.0071,/7NrvUI3vnW8H3rD7ExKcTL7KRcQ.jpg,2026-04-10,False,False,6.3,49
False,,"[35, 18]",1699574,Deool Band 2,mr,देऊळ बँड 2,"The story follows a farmer who decides to question and test his faith, setting off a journey filled with emotional and life-altering moments. At its core, the narrative centers on a woman who tirelessly struggles for her family, facing hardships with resilience, as her path ultimately leads her to confront the very idea of divine power",74.71,/89n9cfc5dm0kdkABmDJalzveEwU.jpg,2026-05-21,False,False,0.0,0
False,/5Dkv39CuytJDnJeZjkepFtOWqBr.jpg,"[35, 36, 18]",1530510,Mexico 86,es,México 86,"When a last-minute chance to host the 1986 World Cup appears, a cunning Mexican bureaucrat, armed with nothing but guts and audacity, cons his way through FIFA to beat the United States, but in a country of power games, every victory has a price.",73.2063,/dj4MbmBrZXzNQpxsLBIxKohRp9b.jpg,2026-05-21,False,False,7.098,46
False,/62a8bMDftwD9aU0dkXr4eN6Q5q2.jpg,"[99, 10770]",1522126,1000 Men and Me: The Bonnie Blue Story,en,1000 Men and Me: The Bonnie Blue Story,"Adult content creator Bonnie Blue announced that she’d slept with 1057 men in 12 hours. Exploring the polarising debate around Bonnie and the pornification of our society, the film follows her over the most eye-opening six months of her life.",79.7239,/5dcgoyf8nt6Xt4VSR6Nrn6nwhuz.jpg,2025-07-29,False,False,5.694,18
False,/g8jcF5MhO5o5W7XYli4Zuc7LGGW.jpg,"[14, 12, 28, 10402]",104594,The Cave of the Silken Web,zh,盤絲洞,"Monkey King, Pig and Friar Sand must rescue his master Buddhist monk from seven witches / spiders who believe themselves to be immortal if they eat the monk's flesh. The third part of the Shaw Brothers film series about Monkey King after the novel ""Journey to the West.""",96.8235,/lEvNC9J2UzWc3PkptXMGcGVxSNq.jpg,1967-07-31,False,False,5.727,11
False,/eNAFLrd1XAAD4hgdTPjewpzYU4W.jpg,[35],1320660,Pati Patni Aur Woh Do,hi,पति पत्नी और वो दो,"A seemingly perfect marriage in Prayagraj takes an unexpected turn when one decision leads to a chain of misunderstandings, suspicion, and comedic chaos.",62.1968,/x0RUPvba4JlCCkyyEZGlQFIFVuF.jpg,2026-05-15,False,False,7.5,4
False,/nHxWyy18SvAZ8jJeemtS8k1UNjM.jpg,"[28, 80, 53]",1290821,Shelter,en,Shelter,"A man living in self-imposed exile on a remote island rescues a young girl from a violent storm, setting off a chain of events that forces him out of seclusion to protect her from enemies tied to his past.",71.0349,/cv7DeQQ7TOozPoTCBdNJIvWKhU1.jpg,2026-01-28,False,False,7.641,1160
False,/rw1WmxUvmbwRsbAX12m6toIg04j.jpg,"[10749, 35, 18]",1325734,The Drama,en,The Drama,A happily engaged couple is put to the test when an unexpected turn sends their wedding week off the rails.,70.8802,/rnIOUhzwJDfgQakx8EjoNyItKgs.jpg,2026-03-26,False,False,6.954,970
False,/A2tzVTVtnTvpji96IZmleN78KKv.jpg,"[27, 35]",1239134,Bhooth Bangla,hi,भूत बंगला,"A man inherits a palace in rural Mangalpur and plans his sister's wedding there, but strange supernatural events and panicked locals force him to investigate the property's mysterious past.",66.1158,/79RBp8afL4u4z3nVGR78z6eIvBB.jpg,2026-04-16,False,False,6.5,10
False,/2fgcRuaseQ9RIiTAUDbLtymnj2z.jpg,"[53, 80]",1274706,The Marked Woman,es,La desconocida,"When a woman is found in a shipping container with no memory of who she is, two detectives race to figure out her identity — and who wants her dead.",71.6503,/dyUZ6IKbzmgtdshHevJahpH51Eq.jpg,2026-06-05,False,False,4.806,31
False,/2ssWTSVklAEc98frZUQhgtGHx7s.jpg,"[12, 18, 878]",157336,Interstellar,en,Interstellar,The adventures of a group of explorers who make use of a newly discovered wormhole to surpass the limitations on human space travel and conquer the vast distances involved in an interstellar voyage.,71.2233,/yQvGrMoipbRoddT0ZR8tPoR7NfX.jpg,2014-11-05,False,False,8.477,39949
False,/cLFbDVfhllIMybpo2fkGNzehiQG.jpg,"[12, 53, 878]",840464,Greenland 2: Migration,en,Greenland 2: Migration,"Having found the safety of the Greenland bunker after the comet Clarke decimated the Earth, the Garrity family must now risk everything to embark on a perilous journey across the wasteland of Europe to find a new home.",65.1422,/z2tqCJLsw6uEJ8nJV8BsQXGa3dr.jpg,2026-01-07,False,False,6.43,1175
False,,[10749],920728,We Want Now,ko,우리 지금 할래,"A man who protects the island and his woman, Soo-hee, live on a remote island that is nothing more than an uninhabited island. And Bok-soon, who lost her mind after being abandoned by the man she loved. This is an island where only three people live, even if they die. Then one day, a photographer who seems to be holding something secret comes to the island. However, the man who guards the island misunderstands the visitor and kills him because of it. Bok-soon, who loved the dead photographer, commits suicide upon seeing the photographer's death. A man who has gone mad after killing someone hears a story from Soo-hee, who lives with him, and only later finds out all the secrets...",53.4805,/mQ95TSIl1QqNWCMQs1lTRgZUWT8.jpg,2016-04-20,False,False,0.0,0
False,/zTnAnYIn0Iv3cn0ZHlzLhou3ybm.jpg,"[9648, 53]",1368166,The Housemaid,en,The Housemaid,"Trying to escape her past, Millie Calloway accepts a job as a live-in housemaid for the wealthy Nina and Andrew Winchester. But what begins as a dream job quickly unravels into something far more dangerous—a sexy, seductive game of secrets, scandal, and power.",66.3915,/cWsBscZzwu5brg9YjNkGewRUvJX.jpg,2025-12-18,False,False,7.245,2368
False,/gaKFXcB5J1gz0QqYj8bWIfrPc04.jpg,"[28, 878, 12]",1242898,Predator: Badlands,en,Predator: Badlands,"Cast out from his clan, a young Predator finds an unlikely ally in a damaged android and embarks on a treacherous journey in search of the ultimate adversary.",65.7618,/pHpq9yNUIo6aDoCXEBzjSolywgz.jpg,2025-11-05,False,False,7.776,3036
False,/iZLqwEwUViJdSkGVjePGhxYzbDb.jpg,"[878, 53]",755898,War of the Worlds,en,War of the Worlds,"Will Radford is a top analyst for Homeland Security who tracks potential threats through a mass surveillance program, until one day an attack by an unknown entity leads him to question whether the government is hiding something from him... and from the rest of the world.",59.9698,/yvirUYrva23IudARHn3mMGVxWqM.jpg,2025-07-29,False,False,4.1,1004
False,/s6ly8laenkHWlIBRkLSfIuEMLC6.jpg,"[9648, 878, 53]",1275779,Disclosure Day,en,Disclosure Day,"If you found out we weren’t alone, if someone showed you, proved it to you, would that frighten you?",77.0533,/bGgrr83LC6bVRg9F5UE52i4gpE3.jpg,2026-06-10,False,False,8.1,8
False,/ew3EqF9VLTxmK64OsHT7p7lr4wT.jpg,"[28, 80, 53]",1280738,The Furious,en,火遮眼,"After Wang Wei's daughter is kidnapped by a criminal network and he receives no help from the corrupt police, Wei sets out to find her himself. His only ally is Navin, a relentless journalist whose wife has mysteriously disappeared. Fueled by a furious vengeance, the unlikely duo ruthlessly battle the kidnappers in this explosive martial arts showdown.",58.1194,/zP19YO60jwEsfKd5Qf1UvA5uJu8.jpg,2026-06-10,False,False,0.0,0
False,/9qYPmrdpGT58hd3wSam82pmPIoW.jpg,"[27, 53]",1571594,The Photographer,es,La fotógrafa,"Inna, a young post-mortem photographer, arrives at a remote orphanage in northern Spain to capture the final image of Alejandra, a girl found dead under mysterious circumstances. But as her lens lingers on the tragedy, Inna begins to sense a dark presence within the orphanage's walls-an evil that refuses to remain hidden and threatens to make her its next subject.",54.9616,/95pZ9yB5SABddzaINITvZd7SvER.jpg,2025-10-30,False,False,7.0,2
False,/sUQQLJPQQSD2jEO2EgvchbQ0Yvy.jpg,"[28, 18, 53]",1300501,Patriot,ml,Patriot,"When a Malayali DRW analyst tries to expose a corrupt regional politician from Kerala and his malpractices regarding spyware, he goes on the run, becomes a vlogger, and must clear his name of the false allegations levelled against him.",49.3741,/4cK4Js7yg8wL2YeZh7DWuoz1bgZ.jpg,2026-05-01,False,False,7.4,9
False,/2eW8VlLXjUq4OKk8SYf5KTr91Kv.jpg,[35],4258,Scary Movie 5,en,Scary Movie 5,"Home with their newly-formed family, happy parents Dan and Jody are haunted by sinister, paranormal activities. Determined to expel the insidious force, they install security cameras and discover their family is being stalked by an evil dead demon.",58.9697,/vBqLLxE6GaAPhO6v9EFvFbLZ7Ap.jpg,2013-04-11,False,False,4.8,3044
False,/oV472EbPedkc5QzqolGc7sCgCnn.jpg,"[27, 28, 53]",1110034,Kraken,no,Kraken,"A marine biologist is doing research on a fish farm when she encounters several strange occurrences. Along with the brutal deaths of two teenagers, all signs point to the deep fjord; can there be more to the depths than the eye can see?",54.111,/xdZ8k5s8DTwWyPBMIcflrYLgcAK.jpg,2026-02-06,False,False,6.314,113
False,/8gBOpyW6iTDGZJR93YuF3L7dDuI.jpg,"[18, 10770]",441168,From Straight A's to XXX,en,From Straight A's to XXX,"When a change of circumstances leaves Miriam unable to pay her college tuition, she makes a surprising decision: to start performing in adult films, using the pseudonym Belle Knox. Miriam lies to her family and her friends at school, keeping her double life a secret. But soon rumours spread and Miriam becomes the subject of vicious online attacks and unwanted attention. Miriam fights back: she talks to the media, saying her new line of work empowers her as a feminist. But her confident stand has unintended consequences. Miriam is shunned by her conservative family and her colleagues in the adult film world. One impulsive decision has quickly spiralled out of control - and Miriam's problems are just beginning.",55.0318,/kvcdaGcres9pGDwZfPN9jOKfZh.jpg,2017-02-11,False,False,5.8,162
False,/wz1eLrNxK77xAY7JYi4iYrtiMEd.jpg,"[99, 10402]",78192,Michael Jackson: The Life of an Icon,en,Michael Jackson: The Life of an Icon,"See Michael Jackson, one of the most recognizable and popular entertainers of all time, like never before in the feature-length tribute Michael Jackson: The Life of an Icon. Known to millions of fans worldwide for his record-breaking albums, groundbreaking music videos, mesmerizing dance moves and humanitarian efforts, his true story has never really been told...until now. This unprecedented look into the King of Pop's fascinating life includes all-new interviews with his mother Katherine Jackson as well as siblings Tito and Rebbie Jackson,  his nephew  Jaafar Jackson and niece Tahkyah brings plenty Jackson and Friends ends and music legends such as Smokey Robinson, Dionne Warwick and  his 3 children and many more.",52.9206,/tOCYV9JCXXFtb7YehKXJBMKI4aD.jpg,2011-11-02,False,False,8.115,183
False,/t9J2HXaDuJR7bvIG9XF7mttn4VY.jpg,"[27, 9648, 80]",1159559,Scream 7,en,Scream 7,"When a new Ghostface killer emerges in the quiet town where Sidney Prescott has built a new life, her darkest fears are realized as her daughter becomes the next target. Determined to protect her family, Sidney must face the horrors of her past to put an end to the bloodshed once and for all.",58.4409,/jjyuk0edLiW8vOSnlfwWCCLpbh5.jpg,2026-02-25,False,False,6.162,997
False,/wENlYOyR10DZzkICmrGUQQX4Ih5.jpg,"[16, 10751, 35, 12]",1084244,Toy Story 5,en,Toy Story 5,"When Bonnie receives a Lilypad tablet as a gift and becomes obsessed, Buzz, Woody, Jessie and the rest of the gang's jobs become exponentially harder when they have to go head to head with the all-new threat to playtime.",60.9911,/pxG26JdyuiDvJbSoucknaFiLeZD.jpg,2026-06-17,False,False,0.0,0
False,/be5SIsRGMckO8tU9lrLcIik70Dy.jpg,"[27, 14, 10749]",1246049,Dracula,fr,Dracula,"In late 15th-century Eastern Europe, Prince Vlad II’s bride is brutally murdered. As a result, he renounces God and damns Heaven itself. Cursed with eternal life, Vlad is reborn as Dracula, an immortal warlord who defies fate in a blood-soaked crusade to wrench his lost love back from death.",53.3612,/dYRqA50yd0nB3qBR7AtWEJJQ8q.jpg,2025-07-30,False,False,7.1,1246
False,,[27],1663082,The Last Supper,en,The Last Supper,"In a deserted house, a mysterious man savors an exquisite menu in the company of an unseen guest. From this eerie dinner table, a succession of terrifying stories is revealed-each probing primal fears of hunger, flesh, and survival.",51.541,/6rGa9huzhmG1i2iu2Vcyv5HI02t.jpg,2025-10-23,False,False,6.5,2
False,/z18AIGSU0vk4Y7LQP37CPSeKZvF.jpg,"[28, 18, 10751]",1515729,Blast,ta,Blast,Follows a family trained to protect the powerless who become the most dangerous obstacle of all.,52.5663,/ho824aZtnBzE6FuJRn2znQCq4qQ.jpg,2026-05-28,False,False,7.0,3
False,/xA6AM5MvEkieZKlv1Tn3sN23I7i.jpg,"[28, 18, 10749]",1630423,My Dearest Assassin,th,Lueat Rak Nakkha,"Hunted for her rare blood type, a caged woman vows to fight alongside the assassin she loves to protect their future when an old enemy resurfaces.",52.5782,/ul4dQcA68mtSx8J56N5gEcaCCtP.jpg,2026-05-06,False,False,8.621,232
False,/gQq1r3H0QgM9h72o2OpOV5kTOpG.jpg,"[18, 53]",405818,Door II: Tokyo Diary,ja,Door II: Tokyo Diary,Ai is a call girl that makes good money for what she does but there’s always at risk no matter how good the money is.,30.5695,/lskJ34j4VKwbMwcvFSQeNYEdt8g.jpg,1991-04-25,False,False,6.1,14
False,/dzY2ZYyPRbXcw8UOupHK3V5VQYk.jpg,"[10749, 99]",259872,Skin. Like. Sun.,fr,Des jours plus belles que la nuit,"Real-life young couple Wim and Floor spend an afternoon in the sunwashed rooms of a crumbling home in Belgium. In a unique twist, this artistic erotic documentary is edited in nearly real-time. In the slowness, we get the build, the sweetness, and the sexiness. Forget about fingersnapping fast editing. Slow is where it’s at.",59.7854,/uCkANtG6ezb7hjRKVudY3PUcbvn.jpg,2009-10-10,False,False,6.074,115
False,/abQxLSkGxpHyUxRjRXACt8NbiGf.jpg,"[18, 10749]",48650,Room in Rome,es,Habitación en Roma,"A hotel room in the center of Rome serves as the setting for Alba and Natasha, two sexy and recently acquainted women, to have a physical adventure that touches their very souls.",52.9212,/w90ItYf9qagQKVEBr1uFxPomAtf.jpg,2010-05-07,False,False,6.412,829
False,/7B72d6f09eIifSgkpCkzwkv8fle.jpg,"[18, 10749]",1002398,Virgin,tl,Donselya,"Iris, an 18-year old virgin marries Joaquin, a rich widower, because of money. However, when he learns that Iris is not really a virgin, their honeymoon turns to a bloodbath.",54.8934,/iVS3ZiPsKy8Hhc5Dipqgrjmoj2b.jpg,2024-10-29,False,False,6.739,23
False,/oz4U9eA6ilYf1tyiVuGmkftdLac.jpg,"[18, 10749, 53]",1010581,My Fault,es,Culpa mía,"Noah must leave her city, boyfriend, and friends to move into William Leister's mansion, the flashy and wealthy husband of her mother Rafaela. As a proud and independent 17 year old, Noah resists living in a mansion surrounded by luxury. However, it is there where she meets Nick, her new stepbrother, and the clash of their strong personalities becomes evident from the very beginning.",53.4411,/w46Vw536HwNnEzOa7J24YH9DPRS.jpg,2023-06-08,False,False,7.7,4082
False,/lsFLh0tcvafTom7lADYg4EGtDlY.jpg,"[16, 28, 12]",1599189,剑来院线剧场版 十三之争,zh,剑来院线剧场版 十三之争,,55.2024,/95OnjUQ1mlu7JHvIMcjYL6ah9Ah.jpg,2026-05-01,False,False,0.0,0
False,/mDfJG3LC3Dqb67AZ52x3Z0jU0uB.jpg,"[12, 28, 878]",299536,Avengers: Infinity War,en,Avengers: Infinity War,"As the Avengers and their allies have continued to protect the world from threats too large for any one hero to handle, a new danger has emerged from the cosmic shadows: Thanos. A despot of intergalactic infamy, his goal is to collect all six Infinity Stones, artifacts of unimaginable power, and use them to inflict his twisted will on all of reality. Everything the Avengers have fought for has led up to this moment - the fate of Earth and existence itself has never been more uncertain.",53.9543,/7WsyChQLEftFiDOVTGkv3hFpyyt.jpg,2018-04-25,False,False,8.237,32067
False,/nBTUocp7lHmyrTmD8mTBOYem4ok.jpg,"[878, 53, 27, 80]",1340110,Redux Redux,en,Redux Redux,"In an attempt to avenge her daughter’s death, Irene Kelly travels through parallel universes, killing her daughter’s murderer again and again. As she becomes consumed by vengeance, her humanity begins to slip away—until the cycle is disrupted when she rescues Mia, a sharp-witted teenager already marked by the killer.",52.5681,/9u7sUTYPPTxGCXbkcw8FTq50PnO.jpg,2025-12-28,False,False,6.458,119
False,/q8Qlpmp2my1IZV9EVebzvhhJPmy.jpg,"[28, 10749, 53]",1220522,Dacoit,te,డెకాయిట్,"Betrayed by his better half, a man is convicted for a crime he didn't commit. Once free, he hunts her down in pursuit of vengeance, as their stories intertwine with a series of robberies.",51.8154,/530ELGtiZKTUpyxEvP2ufzz8bJB.jpg,2026-04-10,False,False,6.2,4
False,/q8Qlpmp2my1IZV9EVebzvhhJPmy.jpg,"[28, 10749, 53]",1220522,Dacoit,te,డెకాయిట్,"Betrayed by his better half, a man is convicted for a crime he didn't commit. Once free, he hunts her down in pursuit of vengeance, as their stories intertwine with a series of robberies.",51.8154,/530ELGtiZKTUpyxEvP2ufzz8bJB.jpg,2026-04-10,False,False,6.2,4
False,/9BBTo63ANSmhC4e6r62OJFuK2GL.jpg,"[878, 28, 12]",24428,The Avengers,en,The Avengers,"When an unexpected enemy emerges and threatens global safety and security, Nick Fury, director of the international peacekeeping agency known as S.H.I.E.L.D., finds himself in need of a team to pull the world back from the brink of disaster. Spanning the globe, a daring recruitment effort begins!",56.1904,/RYMX2wcKCBAr24UyPD7xwmjaTn.jpg,2012-04-25,False,False,8.039,38244
False,/bpp58yHuQmpt6xwggI63mVRw7po.jpg,"[27, 53, 35]",1198994,Send Help,en,Send Help,"Two colleagues become stranded on a deserted island, the only survivors of a plane crash. On the island, they must overcome past grievances and work together to survive, but ultimately, it's a battle of wills and wits to make it out alive.",50.9316,/zbJWVHOtj3ljBzWgL1P8pxP03Up.jpg,2026-01-22,False,False,7.047,1721
False,/48dwB4axAbZUOlIz5dCJ9Li1T7W.jpg,"[35, 10749]",270473,Love Sick,th,ฟัด จัง โตะ,"Gob, a product designer who always manages to find something crap to present to his boss and really wants someone who can listen to his problems when he feels down. All he got, however, is Gab, a reckless dancer friend who only likes to talk about herself and order him to do this and that.",60.9908,/qJGVLxMO11CmLLSxtEO055limUr.jpg,2013-12-25,False,False,5.5,2
False,/nnmbJvYyDS1VkMOCbxSpdBi3WbJ.jpg,"[28, 18, 36]",1579,Apocalypto,en,Apocalypto,"Set in the Mayan civilization, when a man's idyllic presence is brutally disrupted by a violent invading force, he is taken on a perilous journey to a world ruled by fear and oppression where a harrowing end awaits him. Through a twist of fate and spurred by the power of his love for his woman and his family he will make a desperate break to return home and to ultimately save his way of life.",51.16,/cRY25Q32kDNPFDkFkxAs6bgCq3L.jpg,2006-12-07,False,False,7.633,6387
False,/6yeVcxFR0j08vlv2OlL6zbewm4D.jpg,"[28, 878, 53]",1265609,War Machine,en,War Machine,"On one last grueling mission during Army Ranger training, a combat engineer must lead his unit in a fight against a giant otherworldly killing machine.",47.9755,/rFhKkXhk7ClU03jQ5rHIApJDwev.jpg,2026-02-12,False,False,7.359,1861
False,/hdLsZ3dCjKt5A6xDpoo3UFgcTSm.jpg,"[27, 28]",1426822,Mortal Game,en,Mortal Game,"A group of hunters travel to a mysterious island to track down a legendary forest creature. They soon realize their guide has set them up as bait, forcing them to confront a highly intelligent predator that terrorizes them one by one.",45.0495,/iCvucorbs3hFqWshDbLe0fHzB71.jpg,2025-02-03,False,False,4.917,12
False,/gYumbUCWyUI6Mutgd7oILOCunk8.jpg,"[27, 53]",1252051,Disforia,es,Disforia,"Set in the near future against the backdrop of widespread looting and societal collapse, the couple formed by Esther and Tomás and their daughter Say move to their summer house so they can promptly sell it and then flee from their country to France, drawing attention from a ring of voyeurs of real-life torture streamed on the dark web.",43.8194,/49pzxbf1Eftz7wQZdVDVl8OM9bg.jpg,2025-09-20,False,False,4.429,7
False,/bOy625BjpCskOWnx3tD09MsKVCb.jpg,"[35, 14]",1368881,Ladies First,en,Ladies First,"An arrogant but charismatic ladies' man finds his life of money, power and casual flings upended when he wakes up in a parallel world dominated by women.",50.8292,/kjR56Yv17pbjTVBTMjqepvcus4f.jpg,2026-05-21,False,False,6.007,297
False,/a2PyqyjREwjnrjdJyJtHfSQOxyf.jpg,[18],1669051,Kesong Puti,tl,Kesong Puti,"Have a taste of VMX Newest Temptation Apphle Celso. Lena, a Kesong Puti vendor, meets a charming dairy supplier Manny. Their chemistry sparks a daring secret that transforms her humble cheese into their town’s obsession.",47.3703,/8zYU8hlKR5111IToxXvv5575tZG.jpg,2026-04-24,False,False,5.5,2
False,/jDvxsBemt2Iyslg7qn2WMzgxz23.jpg,"[28, 53, 27]",1375646,Colony,ko,군체,"Professor Se-jeong is thrust into a bloody nightmare when a rapidly mutating virus is released during a biotech conference causing authorities to seal the facility. Trapped inside with no escape, Se-jeong along with a small group of survivors must fight to stay alive while the infected undergo horrific transformations.",43.2137,/tN799oUR0f1gUKDYdMNrDaY7I51.jpg,2026-05-21,False,False,6.822,45
False,/xyW8rJO3rwG2EGcTO6eaUEa8b9d.jpg,"[28, 53]",1613798,Vengeance,es,Venganza,"The brutal murder of the wife of “Toro,” a military hero in the special forces, turns him into a man with a single purpose: revenge. After a stroke of fate makes him a millionaire, Carlos transforms his fortune into an arsenal and, together with his closest soldiers, sets out to hunt down those responsible.",46.6255,/ygWXPL0RS91JyJPNOfK34eV3bRE.jpg,2026-02-26,False,False,7.469,243
False,/7lizs4SuEU2ihkkAa0SZ66NtHbl.jpg,"[28, 53]",1641319,Sniper: No Nation,en,Sniper: No Nation,Brandon Beckett and Agent Zero lead a rescue mission in Costa Verde when their friends are taken hostage.,48.6312,/tUmARo0TZEK1EaSuS6dU35FhDyU.jpg,2026-04-07,False,False,6.4,54
False,/bVGHSe47W6oCQL1Q88pvRAet51A.jpg,"[18, 9648]",1330021,Remarkably Bright Creatures,en,Remarkably Bright Creatures,"Through unlikely bonds formed during night shifts at a local aquarium, Tova, an elderly widow, learns of a life-changing discovery that may bring her joy and wonder once again.",46.4917,/9HcEqn3D4J6b2Z0jK54id9nA0fr.jpg,2026-05-07,False,False,8.6,581
False,/iCML6fBe3X0y06P33bM7dyYXPKZ.jpg,"[35, 10749]",1632181,Accidental Partners,es,Socias por accidente,Two women discover they were both scammed by the same man (who also got them pregnant). They form an alliance to take revenge.,44.4645,/sr1Yoj6XLPTWYcbDoBy67xivW4I.jpg,2026-03-12,False,False,9.054,242
False,/vL5LR6WdxWPjLPFRLe133jXWsh5.jpg,"[878, 28, 12]",19995,Avatar,en,Avatar,"In the 22nd century, a paraplegic Marine is dispatched to the moon Pandora on a unique mission, but becomes torn between following orders and protecting an alien civilization.",44.9217,/gKY6q7SjCkAU6FqvqWybDYgUKIF.jpg,2009-12-16,False,False,7.606,34031
False,/y3fQa7pytlysovXzovpXc1OQlTW.jpg,"[35, 18]",1314481,The Devil Wears Prada 2,en,The Devil Wears Prada 2,"Andy Sachs returns to Runway as Miranda Priestly navigates a new media landscape and Runway's position within. The duo reconnect with former assistant Emily Charlton, now the head of a luxury brand that possesses funding which could ensure Runway's survival.",47.0345,/xTI42pmsP5EDnvsNJPEDubwWBQO.jpg,2026-04-29,False,False,6.6,780
False,/qYNJm1GOB4nULxIoTO0zfqjSAkC.jpg,"[53, 27, 35]",1266127,Ready or Not: Here I Come,en,Ready or Not: Here I Come,"Moments after surviving an all-out attack from the Le Domas family, Grace discovers she’s reached the next level of the nightmarish game — and this time with her estranged sister Faith at her side. Grace has one chance to survive, keep her sister alive, and claim the High Seat of the Council that controls the world. Four rival families are hunting her for the throne, and whoever wins rules it all.",46.8913,/13ZcJzSGEqVgDSqsS9U5EkQwPkV.jpg,2026-03-19,False,False,7.708,990
False,/emK2hOB6ACiExT0lNLog9lAmMFL.jpg,"[18, 10749]",1226293,Salitan,tl,Salitan,A suspicious wife follows her husband in Bali. She meets a dashing man who captures her heart. She soon wants her husband to really have an affair to alleviate the guilt she is feeling.,45.1512,/rMgG7cWuq9O6zhhLs2CbqIKVA8V.jpg,2024-02-16,False,False,4.714,7
False,/zxi6WQPVc0uQAG5TtLsKvxYHApC.jpg,"[16, 28, 14, 12]",980477,Ne Zha 2,zh,哪吒之魔童闹海,"After a catastrophic event leaves their bodies destroyed, Ne Zha and Ao Bing are granted a fragile second chance at life. As tensions rise between the dragon clans and celestial forces, the two must undergo a series of perilous trials that will test their bond, challenge their identities, and decide the fate of both mortals and immortals.",42.551,/cb5NyNrqiCNNoDkA8FfxHAtypdG.jpg,2025-01-29,False,False,8.167,705
False,/9ywA15OAiwjSTvg3cBs9B7kOCBF.jpg,"[18, 10749]",337167,Fifty Shades Freed,en,Fifty Shades Freed,"Believing they have left behind shadowy figures from their past, newlyweds Christian and Ana fully embrace an inextricable connection and shared life of luxury. But just as she steps into her role as Mrs. Grey and he relaxes into an unfamiliar stability, new threats could jeopardize their happy ending before it even begins.",45.9923,/jjPJ4s3DWZZvI4vw8Xfi4Vqa1Q8.jpg,2018-01-17,False,False,6.675,8353
False,/7cHPvy3aF1mDMX1zqmZRt8YE7Vr.jpg,"[28, 35]",1316427,7 Dogs,ar,7 كلاب,Interpol agent Khalid Al-Azzazi joins forces with Ghali Abu Dawood from the 7 Dogs crime syndicate to fight drug trafficking.,42.7167,/66n5bB6iYTWsWMz0mh3Qv7qmzIJ.jpg,2026-05-27,False,False,5.5,4
False,/dqmeFUrf6Hs2ejcGGGfv69vtbbR.jpg,[18],226674,The Adolescent,fr,L'Adolescente,"In the summer of 1939, 13-year-old Marie goes with her parents to visit her grandparents in a small town near Avignon. Marie discovers her femininity and falls for a young Jewish doctor, but he prefers Eva, Marie's mother.",45.4216,/v7yCEzF9BCF82lbp42X5ZLjIieo.jpg,1979-01-24,False,False,4.5,15
False,/tbbyUOh6Jd45hDun3kLyZkCttkI.jpg,"[10749, 18]",64641,Monika,it,La ragazzina,"Monika is young, beautiful and a virgin. She is only 16 years old, and, beside getting the attention of all her classmates, she also attracts older men. She has a relationship with a boy, Leo, but she doesn't know that he uses to pimp the girls he seduces to rich businessmen. One of Leo's client befriends Monika and becomes so obsessed that he pays Leo to get her. But Monika turns her attention to her art professor, unknowing that he too has his secrets.",39.6102,/y8Byo8Mwd1a9JwISWLYR0zVxA5.jpg,1974-02-28,False,False,4.7,20
False,/wG2VyZvBjXwuZUvqK00UcUNIpCG.jpg,"[16, 28, 12, 35, 878]",1598785,Milky☆Subway: The Galactic Limited Express - the Movie,ja,銀河特急 ミルキー☆サブウェイ 各駅停車劇場行き,"Six delinquents are tasked with cleaning a train as part of a community service program. But when the train suddenly takes off, chaos ensues.",43.7939,/brQf6Odu4S6WzfVLuXLbOcbsOP2.jpg,2026-02-06,False,False,9.313,16
False,/tSPT36ZKlP2WVHJLM4cQPLSzv3b.jpg,"[18, 80]",238,The Godfather,en,The Godfather,"Spanning the years 1945 to 1955, a chronicle of the fictional Italian-American Corleone crime family. When organized crime family patriarch, Vito Corleone barely survives an attempt on his life, his youngest son, Michael steps in to take care of the would-be killers, launching a campaign of bloody revenge.",43.0209,/3bhkrj58Vtu7enYsRolD1fZdja1.jpg,1972-03-14,False,False,8.687,23007
False,/cjSB3ZjaMpaa9oHFyeYha3KG0mp.jpg,[35],4248,Scary Movie 2,en,Scary Movie 2,"While the original parodied slasher flicks like Scream, Keenen Ivory Wayans's sequel to Scary Movie takes comedic aim at haunted house movies. A group of students visit a mansion called ""Hell House,"" and murderous high jinks ensue.",46.5062,/7Eb1JWK0Cb0rbfsYjwfc9g0PbQH.jpg,2001-07-04,False,False,5.828,5181
False,/ctiw6FZK4N36LmkjSklWEbuvlq9.jpg,"[12, 14, 28]",122,The Lord of the Rings: The Return of the King,en,The Lord of the Rings: The Return of the King,"As armies mass for a final battle that will decide the fate of the world--and powerful, ancient forces of Light and Dark compete to determine the outcome--one member of the Fellowship of the Ring is revealed as the noble heir to the throne of the Kings of Men. Yet, the sole hope for triumph over evil lies with a brave hobbit, Frodo, who, accompanied by his loyal friend Sam and the hideous, wretched Gollum, ventures deep into the very dark heart of Mordor on his seemingly impossible quest to destroy the Ring of Power.​",44.2642,/rCzpDGLbOoPwLjy3OAm5NUPOTrC.jpg,2003-12-17,False,False,8.5,26613
False,/cOoVcVQ3i1m5b2xtqKBtoTSbxC1.jpg,"[28, 35, 878]",533535,Deadpool & Wolverine,en,Deadpool & Wolverine,"A listless Wade Wilson toils away in civilian life with his days as the morally flexible mercenary, Deadpool, behind him. But when his homeworld faces an existential threat, Wade must reluctantly suit-up again with an even more reluctant Wolverine.",51.7268,/8cdWjvZQUExUUTzyp4t6EDMubfO.jpg,2024-07-24,False,False,7.573,8727
False,/rZWkXnIyTLzUJpHSUpOb7vgB0BL.jpg,"[28, 18]",911430,F1,en,F1,Racing legend Sonny Hayes is coaxed out of retirement to lead a struggling Formula 1 team—and mentor a young hotshot driver—while chasing one more chance at glory.,44.4916,/vqBmyAj0Xm9LnS1xe1MSlMAJyHq.jpg,2025-06-25,False,False,7.794,4042
False,/kKF4gEiBDArhONlCcunHVgBp3bA.jpg,"[80, 53]",1171145,Crime 101,en,Crime 101,"When an elusive thief whose high-stakes heists unfold along the iconic 101 freeway in Los Angeles eyes the score of a lifetime, with hopes of this being his final job, his path collides with a disillusioned insurance broker who is facing her own crossroads. Determined to crack the case, a relentless detective closes in on the operation, raising the stakes even higher.",42.2611,/tVvpFIoteRHNnoZMhdnwIVwJpCA.jpg,2026-02-11,False,False,6.993,1052
False,/qnTdOizsXBzYu3uIbfhHSfE29TE.jpg,"[28, 35, 27]",1292695,They Will Kill You,en,They Will Kill You,"A woman answers a help wanted ad to be a housekeeper in a mysterious New York City high-rise, unaware that she is entering a community that has seen a number of disappearances over the years and may be under the grip of a Satanic cult.",40.2831,/6oI4oQKTWMVUlr8Ivqydp28Ruu6.jpg,2026-03-25,False,False,7.042,686
False,,"[18, 10749]",1135873,GGS - Ganteng-Ganteng Sange,hi,GGS - Ganteng-Ganteng Sange,Kelas Bintang is back with this pack of drama called GGS - Ganteng-Ganteng Sange.,39.8444,/39fFH027tOpTyZwSNOydSAsOCzb.jpg,2023-05-28,False,False,6.1,7
False,/t6O6XWelu27BD0OmIDCCufZZT6d.jpg,"[35, 10751, 9648]",1301421,The Sheep Detectives,en,The Sheep Detectives,"George Hardy is a shepherd who reads detective novels to his beloved sheep every night, assuming they can't possibly understand. But when a mysterious incident disrupts life on the farm, the sheep realize they must become the detectives. As they follow the clues and investigate human suspects, they prove that even sheep can be brilliant crime-solvers.",36.7481,/hTirV44jiLh6NqdiB6jtxPsDIoG.jpg,2026-04-30,False,False,7.647,153
False,/82hjEm0x5Val6nCwExwlawdfwLJ.jpg,"[53, 27]",1639398,Mexican Psycho,es,Psicópata: El Asesino del Conejo Blanco,"Follows an ""ultra-violent and intelligent"" psychopath who challenges the police by leaving a white paper rabbit at each crime scene, connecting them all.",35.9274,/7tIgfsTWuzXKR2kLRUPrLRTbcuo.jpg,2026-03-19,False,False,7.42,88
False,/w3Bi0wygeFQctn6AqFTwhGNXRwL.jpg,"[14, 10402, 35, 16]",803796,KPop Demon Hunters,en,KPop Demon Hunters,"When K-pop superstars Rumi, Mira and Zoey aren't selling out stadiums, they're using their secret powers to protect their fans from supernatural threats.",38.3815,/zT7Lhw3BhJbMkRqm9Zlx2YGMsY0.jpg,2025-06-20,False,False,8.026,2856
False,/zo1SfeASCrbHFaXJN9y1RW7uU2m.jpg,"[35, 80, 18]",1295400,The Last Viking,da,Den sidste viking,"After serving fourteen years for robbery, Anker is released from prison and reunites with his mentally ill brother Manfred, who alone knows where the stolen money is hidden but has forgotten its location, sending them on a journey to recover the loot and confront who they are.",40.0272,/92ztdPsf98i0tLcONIX92yuh3MQ.jpg,2025-10-09,False,False,7.271,133
False,/i8MupUe4xgmYXoRNAQMYvuoexSU.jpg,[27],1038392,The Conjuring: Last Rites,en,The Conjuring: Last Rites,Paranormal investigators Ed and Lorraine Warren take on one last terrifying case involving mysterious entities they must confront.,40.2386,/byWgphT74ClOVa8EOGzYDkl8DVL.jpg,2025-09-03,False,False,6.926,1865
False,/gMItMzDOyrfQGZsMWRM9tdxq5cV.jpg,"[878, 28, 27]",1196067,Worldbreaker,en,Worldbreaker,"Five years ago, a tear in the fabric of reality brought creatures to our world from an alternate dimension bent on our destruction. A father hides his daughter on an island to keep her safe while he prepares her for survival and the battles to come. But when the world is about to break, no place is safe.",38.1742,/ahj1JU8r0uJv7QII5Uj7tKzbEsC.jpg,2025-10-30,False,False,6.037,205
False,/tyQo080tijexyUHBvWPwQt26bZa.jpg,"[28, 12, 878]",634649,Spider-Man: No Way Home,en,Spider-Man: No Way Home,"Peter Parker is unmasked and no longer able to separate his normal life from the high-stakes of being a super-hero. When he asks for help from Doctor Strange the stakes become even more dangerous, forcing him to discover what it truly means to be Spider-Man.",43.7297,/1g0dhYtq4irTY1GPXvft6k4YLjm.jpg,2021-12-15,False,False,7.934,22041
False,/oiwc338EoBgS4sEI2ixAny4KQKg.jpg,"[12, 14, 28]",120,The Lord of the Rings: The Fellowship of the Ring,en,The Lord of the Rings: The Fellowship of the Ring,"Young hobbit Frodo Baggins, after inheriting a mysterious ring from his uncle Bilbo, must leave his home in order to keep it from falling into the hands of its evil creator. Along the way, a fellowship is formed to protect the ringbearer and make sure that the ring arrives at its final destination: Mt. Doom, the only place where it can be destroyed.",40.0338,/6oom5QYQ2yQTMJIbnvbkBL9cHo6.jpg,2001-12-18,False,False,8.4,27624
False,/cfT29Im5VDvjE0RpyKOSdCKZal7.jpg,"[28, 80, 53]",155,The Dark Knight,en,The Dark Knight,"Batman raises the stakes in his war on crime. With the help of Lt. Jim Gordon and District Attorney Harvey Dent, Batman sets out to dismantle the remaining criminal organizations that plague the streets. The partnership proves to be effective, but they soon find themselves prey to a reign of chaos unleashed by a rising criminal mastermind known to the terrified citizens of Gotham as the Joker.",40.0363,/qJ2tW6WMUDux911r6m7haRef0WH.jpg,2008-07-16,False,False,8.531,35863
False,/vh7np635kDIcfO6x2Y9ElgLJsuI.jpg,"[80, 27, 9648]",4232,Scream,en,Scream,"A year after the murder of her mother, a teenage girl is terrorized by a masked killer who targets her and her friends by using scary movies as part of a deadly game.",38.2787,/lr9ZIrmuwVmZhpZuTCW8D9g0ZJe.jpg,1996-12-20,False,False,7.43,7979
False,/m3Pom6pbD51bBv3syz8NMHda3fz.jpg,"[12, 28, 14]",1368337,The Odyssey,en,The Odyssey,"Odysseus, the legendary King of Ithaca, embarks on a long and perilous journey home following the Trojan War. Throughout his voyage, he is forced to confront the whims of gods, mythological monsters, and trials that stretch both his cunning and his humanity to the breaking point.",38.0585,/9C9PAnrZcB8x7YHNlBs4PUv0Z7K.jpg,2026-07-15,False,False,0.0,0
False,/1XAC6RPT01UX9EQGy2JVn5c8pgy.jpg,"[12, 14]",671,Harry Potter and the Philosopher's Stone,en,Harry Potter and the Philosopher's Stone,"Harry Potter has lived under the stairs at his aunt and uncle's house his whole life. But on his 11th birthday, he learns he's a powerful wizard—with a place waiting for him at the Hogwarts School of Witchcraft and Wizardry. As he learns to harness his newfound powers with the help of the school's kindly headmaster, Harry uncovers the truth about his parents' deaths—and about the villain who's to blame.",40.3277,/wuMc08IPKEatf9rnMNXvIDxqP4W.jpg,2001-11-16,False,False,7.9,29613
False,/mFDQ8f2lPHorGwtuE0fjnUIbKLF.jpg,[35],62029,Bingo Bongo,it,Bingo Bongo,"The ape-man, found somewhere in the jungles of Congo, transferred to Milan and named Bingo Bongo. The only one who believes in the human qualities of him is Laura, a woman anthropologist , so their affection for each other even grows to love.",36.1602,/5ve4VuCwi7Xas5s50ynEB7uFjM2.jpg,1982-12-23,False,False,5.7,176
False,/cz4vLJrmaV1zJlRYbxqtvLzeLWB.jpg,"[28, 35, 80, 9648]",1168190,The Wrecking Crew,en,The Wrecking Crew,"Estranged half-brothers Jonny and James reunite after their father's mysterious death. As they search for the truth, buried secrets reveal a conspiracy threatening to tear their family apart.",35.3089,/gbVwHl4YPSq6BcC92TQpe7qUTh6.jpg,2026-01-28,False,False,6.981,1051
False,/qU7tNIMpRqkizIObXfkJY3haTqh.jpg,"[18, 10402, 10749]",27,9 Songs,en,9 Songs,"Matt, a young glaciologist, soars across the vast, silent, icebound immensities of the South Pole as he recalls his love affair with Lisa. They meet at a mobbed rock concert in a vast music hall - London's Brixton Academy. They are in bed at night's end. Together, over a period of several months, they pursue a mutual sexual passion whose inevitable stages unfold in counterpoint to nine live-concert songs.",36.2953,/91O7z0vo7MiNWd5xD2BoivwbQsb.jpg,2004-07-16,False,False,5.5,580
False,/3Rfvhy1Nl6sSGJwyjb0QiZzZYlB.jpg,"[10751, 35, 16, 12]",862,Toy Story,en,Toy Story,"Led by Woody, Andy's toys live happily in his room until Andy's birthday brings Buzz Lightyear onto the scene. Afraid of losing his place in Andy's heart, Woody plots against Buzz. But when circumstances separate Buzz and Woody from their owner, the duo eventually learns to put aside their differences.",36.9785,/uXDfjJbdP4ijW5hWSBrPrlKpxab.jpg,1995-11-22,False,False,7.976,19919
False,/mBc6RB7VajfykLqGx0ue7qatXky.jpg,[18],1266990,Kulong,tl,Kulong,"Three friends retreat to a resort to collaborate on a daring screenplay for a contest. Faced with the challenge of writing about passion despite their own dry spells, their journey soon blurs the line between imagination and experience.",35.7407,/AnzrE2WHg3DtZrtmB9AnEbAh17m.jpg,2024-05-24,False,False,6.417,18
False,/7QirCB1o80NEFpQGlQRZerZbQEp.jpg,"[10749, 18]",1156594,Our Fault,es,Culpa nuestra,"Jenna and Lion's wedding brings about the long-awaited reunion between Noah and Nick after their breakup. Nick's inability to forgive Noah stands as an insurmountable barrier. He, heir to his grandfather's businesses, and she, starting her professional life, resist fueling a flame that's still alive. But now that their paths have crossed again, will love be stronger than resentment?",36.2231,/yzqHt4m1SeY9FbPrfZ0C2Hi9x1s.jpg,2025-10-15,False,False,7.364,678
False,/hKHX04i2zQrgZJdxS9UuFsgPUd7.jpg,[18],13078,The Babysitters,en,The Babysitters,"Seventeen-year-old Shirley is a good student who works as a babysitter in order to make money for college. One night Michael, a father Shirley works for, confesses he's unhappy with married life. Shirley has a crush on Michael, and seizes this moment to kiss him. Michael is so happy he presents Shirley with a big tip, which gives her an idea. Shirley plans to make extra money by setting up her teenage friends with other unhappy fathers.",36.1532,/nsrNUqGXI95unRKZEu8BJ584xWn.jpg,2008-05-09,False,False,6.0,542
False,/wxijmbo9Oy5L9M9e4K1QhXVBRgm.jpg,"[12, 27, 28, 36]",6312,Brotherhood of the Wolf,fr,Le Pacte des loups,"In 18th century France, the Chevalier de Fronsac and his Native American friend Mani are sent by the King to the Gevaudan province to investigate the killings of hundreds by a mysterious beast.",28.3673,/Ahd4F7azhjsxgXYjVyFmVzJu9LB.jpg,2001-01-31,False,False,6.741,1727
False,/mHm73HhpvGWfRkXNErcwc15Czrv.jpg,"[80, 18, 53]",1628367,Kartavya,hi,कर्त्तव्य,"With his family's safety at stake and menacing threats closing in, a police officer must decide how far he'll go to uphold his duty.",36.2409,/2I689w0K02r5oXawo08W8yNYIzx.jpg,2026-05-15,False,False,6.5,19
False,/1rLMcnDdQlaac8Uh2PknM8lQN0k.jpg,"[35, 18, 10749]",1287454,The Farmer's Bride Requires Care! Part 2: The Organic Grand Strategy,ja,農家の嫁は、取り扱い注意！ Part 2 有機ある大作戦篇,"Rumi, now accustomed to life on the farm, remains frustrated with her husband's continued lack of interest in their nighttime intimacy. One day, she begins to suspect that her husband might be falling for a dubious organic farming investment scheme. Following him, Rumi discovers the presence of an unusually seductive woman, but...",31.2086,/tiXbRle5rTTC1rMfnRl5dLNGi8m.jpg,2021-04-02,False,False,10.0,1
False,/c4TkvRGVrghFY2qFKJ0SUwqtAiW.jpg,[],1599191,仙逆剧场版 弑仙之战,zh,仙逆剧场版 弑仙之战,,36.038,/m1dXI1997D7lj6Sh0Z2DI26o2nI.jpg,,False,False,0.0,0
False,/6pqJ5v7Q49aUZYtjnKqoJs2PTaf.jpg,[10749],1232221,Mother-in-law in Love With Son-in-law 4,ko,사위 사랑은 장모 4,"Joon-yeon and So-hyeon are living together with Joon-yeon's young and pretty mother-in-law for a while after his father-in-law remarries. One day, Joon-yeon is left home alone with his mother-in-law due to So-hyeon and her father-in-law's sudden business trip. The mother-in-law seduces her handsome son-in-law on a hot night. Unable to forget the sex he had with his mother-in-law, Joon-yeon even plans to have a threesome with his wife and his mother-in-law.",41.3815,/o3yMT5okmLA3x9rTe5tCrqke1oI.jpg,2023-12-26,False,False,4.0,1
False,/6D2NsU3FIQVthPgjT6RAsX58qZ6.jpg,"[28, 53, 9648, 18]",1414413,Brothers Under Fire,en,Brothers Under Fire,"Captain Jordan Wright's squadron on leave for a wedding in Mexico encounters a murderous cartel. As Jordan tries to lead survivors to safety, war erupts between his squad and the cartel, forcing him into a battle to save his men.",33.3258,/e5EKqk9V7N3w0WvYFhl6wSVrMp0.jpg,2026-04-15,False,False,5.907,27
False,/mQZJoIhTEkNhCYAqcHrQqhENLdu.jpg,"[10751, 16, 878, 12]",1184918,The Wild Robot,en,The Wild Robot,"After a shipwreck, an intelligent robot called Roz is stranded on an uninhabited island. To survive the harsh environment, Roz bonds with the island's animals and cares for an orphaned baby goose.",35.7082,/eG9lz41mJqsI4J6ubMtVqD26q2J.jpg,2024-09-12,False,False,8.314,6125
False,/nAxGnGHOsfzufThz20zgmRwKur3.jpg,"[27, 28, 53]",1233413,Sinners,en,Sinners,"Trying to leave their troubled lives behind, twin brothers return to their hometown to start again, only to discover that an even greater evil is waiting to welcome them back.",39.3826,/jYfMTSiFFK7ffbY2lay4zyvTkEk.jpg,2025-04-16,False,False,7.499,4605
False,/fjcX01h7VNUhhNjhFBthH7sTp2z.jpg,"[18, 10749]",204407,Bosco d'amore,en,Bosco d'amore,"The time is the mid-14th century --- the Pope is now residing at Avignon, the Black Death is killing millions across Europe, and civil wars are adding to the turmoil and chaos. In this story adapted from Giovanni Boccaccio's Decameron, a young teenage couple is sent to live in a nearby town by the man's uncle, in an attempt to keep them safe from harm. She is from the lower classes, and he comes from a noble family -- a family that opposes his choice of a future bride. While en route to the town, the couple's horses are stolen and they are forced to continue through the forest on foot -- at a pace that introduces them to a kaleidoscope of Boccaccio's characters, from masters of mysticism, to soldiers of the warring Papal armies. Somehow, the couple manage to get through this gauntlet of sorts, and they do marry. Just as they are ready to go back to Rome, they hear that there is an insurrection in the offing, and suddenly, their brief spate of stability is threatened again.",36.351,/jNV46xSIONTEvIAWon6NnveH7eG.jpg,1981-09-08,False,False,4.667,6
False,/gfRm3ITRJuFm8n6gRJ0L2VLrL5w.jpg,"[80, 18, 53]",847742,Drishyam 3,ml,ദൃശ്യം 3,"To protect his family and their dark secret, Georgekutty faces an organized new threat. As walls close in and cracks widen, how much more is he willing to sacrifice ?",30.7991,/iSBVjFjxvG94ypIi13Mdomz4j52.jpg,2026-05-21,False,False,7.0,5
False,/7f9ZaTwyqQOJtNWUS7xZgWQOzSt.jpg,[53],1431071,System,hi,सिस्टम,"When Neha Rajvansh, a privileged public prosecutor, meets Sarika Rawat, a courtroom stenographer from a humble background, their lives are thrown into upheaval where power defines truth, blurring the system and raising a question of what justice truly means to them.",29.1774,/ddSTqsxOoXs77xnKpP7XBPqiero.jpg,2026-05-22,False,False,7.5,2
False,/pSNwe7G9bESwlCBVurlwRs7fMZU.jpg,[35],4257,Scary Movie 4,en,Scary Movie 4,"Cindy finds out the house she lives in is haunted by a little boy and goes on a quest to find out who killed him and why. Also, Alien ""Tr-iPods"" are invading the world and she has to uncover the secret in order to stop them.",36.3325,/sEqFdw1wLtY94RKCSPolsHWzn6r.jpg,2006-04-12,False,False,5.5,3595
False,/dyJvKsNs2KP8qQnAXbRwDjblViy.jpg,"[16, 10751, 14]",129,Spirited Away,ja,千と千尋の神隠し,"A young girl, Chihiro, becomes trapped in a strange new world of spirits. When her parents undergo a mysterious transformation, she must call upon the courage she never knew she had to free her family.",33.0134,/39wmItIWsg5sZMyRUHLkWBcuVCM.jpg,2001-07-20,False,False,8.535,18379
False,/xnHVX37XZEp33hhCbYlQFq7ux1J.jpg,"[18, 10749]",597,Titanic,en,Titanic,"101-year-old Rose DeWitt Bukater tells the story of her life aboard the Titanic, 84 years later. A young Rose boards the ship with her mother and fiancé. Meanwhile, Jack Dawson and Fabrizio De Rossi win third-class tickets aboard the ship. Rose tells the whole story from Titanic's departure through to its death—on its first and last voyage—on April 15, 1912.",35.307,/9xjZS2rlVxm8SFx8kPC3aIGCOYQ.jpg,1997-12-18,False,False,7.903,27198
False,/suaEOtk1N1sgg2MTM7oZd2cfVp3.jpg,"[53, 80, 35]",680,Pulp Fiction,en,Pulp Fiction,"A burger-loving hit man, his philosophical partner, a drug-addled gangster's moll and a washed-up boxer converge in this sprawling, comedic crime caper. Their adventures unfurl in three stories that ingeniously trip back and forth in time.",32.9523,/vQWk5YBFWF4bZaofAbv0tShwBvQ.jpg,1994-09-10,False,False,8.483,30254
False,/TU9NIjwzjoKPwQHoHshkFcQUCG.jpg,"[35, 53, 18]",496243,Parasite,ko,기생충,"All unemployed, Ki-taek's family takes peculiar interest in the wealthy and glamorous Parks for their livelihood until they get entangled in an unexpected incident.",36.5266,/7IiTTgloJzvGI1TAYymCfbfl3vT.jpg,2019-05-30,False,False,8.494,20695
False,/9n2tJBplPbgR2ca05hS5CKXwP2c.jpg,"[10751, 35, 12, 14, 16]",502356,The Super Mario Bros. Movie,en,The Super Mario Bros. Movie,"While working underground to fix a water main, Brooklyn plumbers—and brothers—Mario and Luigi are transported down a mysterious pipe and wander into a magical new world. But when the brothers are separated, Mario embarks on an epic quest to find Luigi.",35.0269,/qNBAXBIQlnOThrVvA6mA2B5ggV6.jpg,2023-04-05,False,False,7.604,10787
False,/vpuPY4UziUCxv7gYYoaZQ3LX7to.jpg,"[28, 53]",1383731,Protector,en,Protector,"Nikki's life is shattered when her daughter is kidnapped. Thrust into the criminal underworld while hunted by cops and military, she must fight to rescue her child.",31.8975,/icOZpnGuH9YrEaW3wrw5GJaXGih.jpg,2026-02-20,False,False,8.008,185
False,/gM1kQRPwOVW1Eos5tVWqcYmHR5S.jpg,"[27, 9648]",1470130,The Mortuary Assistant,en,The Mortuary Assistant,"Rebecca Owens, a recent mortuary science graduate takes a night shift job at River Fields Mortuary. Initially, the job seems straightforward — embalming bodies, completing paperwork, and keeping things tidy. But once Rebecca starts working the night shift, things take a dark turn.",31.6725,/72AoFPC5TY4DfJwXXS9rPwPeReD.jpg,2026-02-13,False,False,5.518,113
False,/eU7IfdWq8KQy0oNd4kKXS0QUR08.jpg,"[878, 12, 28]",1061474,Superman,en,Superman,"Superman, a journalist in Metropolis, embarks on a journey to reconcile his Kryptonian heritage with his human upbringing as Clark Kent.",32.2898,/ldyfo0BKmz5rWtJJKCvwaNS4cJT.jpg,2025-07-09,False,False,7.342,4835
False,/hzsoVwU7k9ebO2CoVSK7OGS0tJY.jpg,"[10749, 18, 53]",1439584,Ugly Story,te,Ugly Story,"Follows a man who becomes obsessively attached to a girl in love with someone else, descending into a dark psychological state as he struggles with rejection, leading to dangerous consequences.",34.5151,/hxJOr9MRXTg3HYMpdj6VbD1FSXZ.jpg,2026-05-22,False,False,0.0,0
False,/zNriRTr0kWwyaXPzdg1EIxf0BWk.jpg,"[878, 12, 28]",1234821,Jurassic World Rebirth,en,Jurassic World Rebirth,"Five years after the events of Jurassic World Dominion, covert operations expert Zora Bennett is contracted to lead a skilled team on a top-secret mission to secure genetic material from the world's three most massive dinosaurs. When Zora's operation intersects with a civilian family whose boating expedition was capsized, they all find themselves stranded on an island where they come face-to-face with a sinister, shocking discovery that's been hidden from the world for decades.",38.7396,/1RICxzeoNCAO5NpcRMIgg1XT6fm.jpg,2025-06-23,False,False,6.27,3396
False,/xV1EfNSEg6id6juJPr1vM6p9x5X.jpg,"[18, 53, 80]",979,Irreversible,fr,Irréversible,A woman’s lover and her ex-boyfriend take justice into their own hands after she becomes the victim of a rapist. Because some acts can’t be undone. Because man is an animal. Because the desire for vengeance is a natural impulse. Because most crimes remain unpunished.,33.1696,/rxeDxo8FvZpLu6iplNpxdtAVnfu.jpg,2002-05-22,False,False,7.2,3299
False,/8ZTVqvKDQ8emSGUEMjsS4yHAwrp.jpg,"[28, 878, 12]",27205,Inception,en,Inception,"Cobb, a skilled thief who commits corporate espionage by infiltrating the subconscious of his targets is offered a chance to regain his old life as payment for a task considered to be impossible: ""inception"", the implantation of another person's idea into a target's subconscious.",33.2939,/xlaY2zyzMfkhk0HSC5VUwzoZPU1.jpg,2010-07-15,False,False,8.372,39327
False,/8wIaBCeGv3UhIn5CJOWQGHT1Cif.jpg,"[28, 80, 18, 53]",1242265,Fuze,en,Fuze,An unexploded WWII bomb is discovered on a busy construction site in the centre of London. Chaos ensues as the military and police begin a mass evacuation against a ticking clock.,30.0412,/oMFdQE5hMJ9JjhNORegwTo0GKmh.jpg,2026-03-23,False,False,6.5,104
False,/hofnlIyF6bePkgQOpcuRWLvzf15.jpg,"[16, 10751, 14]",14836,Coraline,en,Coraline,"Wandering her rambling old house in her boring new town, 11-year-old Coraline discovers a hidden door to a strangely idealized version of her life. In order to stay in the fantasy, she must make a frighteningly real sacrifice.",34.1949,/4jeFXQYytChdZYE9JYO7Un87IlW.jpg,2009-02-05,False,False,7.91,9004
False,/3F2EXWF1thX0BdrVaKvnm6mAhqh.jpg,"[28, 53, 80]",1306368,The Rip,en,The Rip,"Trust frays when a team of Miami cops discovers millions in cash inside a run-down stash house, calling everyone — and everything — into question.",31.0913,/eZo31Dhl5BQ6GfbMNf3oU0tUvPZ.jpg,2026-01-13,False,False,7.076,1651
False,,[],1497843,风尘女郎,zh,风尘女郎,taiwan films,28.8071,,1975-01-01,False,False,0.0,0
False,/5fA3ko0ZHkysz1aNO78jRsey4k4.jpg,"[10749, 10751, 18, 9648]",1556616,Summer House,tr,Yaz Evi,"Selin travels back in time at a summer house and finds herself in her mother's youth, changing her family's fate and rebuilding her own life.",36.756,/81xUChgVphBFehihIgbXbyneZXP.jpg,2026-06-06,False,False,10.0,1
False,/vjMvFSmGUxEtqVdaZgvFee9XkZl.jpg,"[878, 28, 12]",969681,Spider-Man: Brand New Day,en,Spider-Man: Brand New Day,"Four years have passed since the events of No Way Home, and Peter is now an adult living entirely alone, having voluntarily erased himself from the lives and memories of those he loves. Crime-fighting in a New York that no longer knows his name, he's devoted himself entirely to protecting his city — a full-time Spider-Man — but as the demands on him intensify, the pressure sparks a surprising physical evolution that threatens his existence, even as a strange new pattern of crimes gives rise to one of the most powerful threats he has ever faced.",32.2656,/yyB2VJEW3an2xCdcYCPQhn9QERR.jpg,2026-07-29,False,False,0.0,0
False,/gtKglOSEq3d4MgQE4VsrT1sRkd0.jpg,"[16, 28, 14]",1539104,JUJUTSU KAISEN: Execution,ja,劇場版 呪術廻戦「渋谷事変 特別編集版」×「死滅回游 先行上映」,"A veil abruptly descends over the busy Shibuya area amid the bustling Halloween crowds, trapping countless civilians inside. Satoru Gojo, the strongest jujutsu sorcerer, steps into the chaos. But lying in wait are curse users and spirits scheming to seal him away. Yuji Itadori, accompanied by his classmates and other top-tier jujutsu sorcerers, enters the fray in an unprecedented clash of curses — the Shibuya Incident. In the aftermath, ten colonies across Japan are transformed into dens of curses in a plan orchestrated by Noritoshi Kamo. As the deadly Culling Game starts, Special Grade sorcerer Yuta Okkotsu is assigned to carry out Yuji's execution for his perceived crimes. A compilation movie of Shibuya Incident including the first two episodes of the Culling Games arc.",31.0736,/v0s3dx6am0RzfsuK3KdEy8ZoCDs.jpg,2025-11-07,False,False,6.0,99
False,/w4bjx5qCKG6SjhnqLi2aj1GUsxe.jpg,"[28, 36, 18]",1247165,Raja Shivaji,mr,राजा शिवाजी,"Chronicles the rise of young Shivaji Bhonsale, who challenged the might of established empires to found the Maratha kingdom and lay the groundwork for 'Swarajya' (self-rule) during a turbulent period of Indian history.",27.7051,/hljQF3Ly6PzQe7iaNs9fmFuBYWj.jpg,2026-05-01,False,False,9.0,1
False,/dHSz0tSFuO2CsXJ1CApSauP9Ncl.jpg,"[80, 53]",425274,Now You See Me: Now You Don't,en,Now You See Me: Now You Don't,"The original Four Horsemen reunite with a new generation of illusionists to take on powerful diamond heiress Veronika Vanderberg, who leads a criminal empire built on money laundering and trafficking. The new and old magicians must overcome their differences to work together on their most ambitious heist yet.",31.0945,/oD3Eey4e4Z259XLm3eD3WGcoJAh.jpg,2025-11-12,False,False,6.508,1546
False,/hHDNOlATHhre4eZ7aYz5cdyJLik.jpg,"[27, 53, 878]",1272837,28 Years Later: The Bone Temple,en,28 Years Later: The Bone Temple,Dr. Kelson finds himself in a shocking new relationship - with consequences that could change the world as they know it - and Spike's encounter with Jimmy Crystal becomes a nightmare he can't escape.,31.9353,/kK1BGkG3KAvWB0WMV1DfOx9yTMZ.jpg,2026-01-14,False,False,7.13,1274
False,/jRsjWwZzI39bTm44FNhRtiICd9k.jpg,"[35, 28, 12]",1084577,Balls Up,en,Balls Up,"Two marketing executives go ""balls out"" and pitch a bold full‑coverage condom sponsorship with the World Cup. After their drunken celebration in Brazil sparks a global scandal, they must outrun furious fans, criminals, and power-hungry officials to salvage their careers and make it home alive.",30.4625,/xwvJ3WzdJ1OCuDoY8LAxBUlQyig.jpg,2026-04-15,False,False,5.887,253
False,/nF74HKjNe7X54XMcIc7ulK5InxR.jpg,[35],4256,Scary Movie 3,en,Scary Movie 3,"In the third installment of the Scary Movie franchise, news anchorwoman Cindy Campbell has to investigate mysterious crop circles and killing video tapes, and help the President stop an alien invasion in the process.",33.418,/lpNG1nx67rvYze1b1R9q0YoSzrC.jpg,2003-10-24,False,False,6.0,4498
False,/wVg11RahrRfghgqViuoJgcJL1iM.jpg,[35],264980,Loves of a French Pussycat,de,Das Mädchen mit der heißen Masche,"Rolf, a sex-advice columnist and a lecher, has affairs with numerous women, but never a permanent relationship. Suzanne, one of his ex-lovers, offers to bet that no woman can get Rolf to propose marriage, a bet her girlfriend Andrea eagerly accepts. But there's a catch: To win the bet, Andrea must get the womanizing Rolf to commit to marriage without first going to bed with him.",32.4361,/pdTvop9C03TkoWCK0KIgfTIqLlg.jpg,1972-03-09,False,False,4.5,8
False,/7Wev9JMo6R5XAfz2KDvXb7oPMmy.jpg,"[9648, 53]",77,Memento,en,Memento,"Leonard Shelby is tracking down the man who raped and murdered his wife. The difficulty of locating his wife's killer, however, is compounded by the fact that he suffers from a rare, untreatable form of short-term memory loss. Although he can recall details of life before his accident, Leonard cannot remember what happened fifteen minutes ago, where he's going, or why.",28.0314,/fKTPH2WvH8nHTXeBYBVhawtRqtR.jpg,2000-10-11,False,False,8.176,16270
False,/7RyHsO4yDXtBv1zUU3mTpHeQ0d5.jpg,"[12, 878, 28]",299534,Avengers: Endgame,en,Avengers: Endgame,"After the devastating events of Avengers: Infinity War, the universe is in ruins due to the efforts of the Mad Titan, Thanos. With the help of remaining allies, the Avengers must assemble once more in order to undo Thanos' actions and restore order to the universe once and for all, no matter what consequences may be in store.",34.8218,/ulzhLuWrPK07P1YkdWQLZnQh1JL.jpg,2019-04-24,False,False,8.237,27798
False,/40Wtp7kMG6mZ4d5T1jfrd8qrvD4.jpg,"[16, 35, 14, 12, 10751]",808,Shrek,en,Shrek,"It ain't easy bein' green -- especially if you're a likable (albeit smelly) ogre named Shrek. On a mission to retrieve a gorgeous princess from the clutches of a fire-breathing dragon, Shrek teams up with an unlikely compatriot -- a wisecracking donkey.",30.8698,/iB64vpL3dIObOtMZgX3RqdVdQDc.jpg,2001-05-18,False,False,7.764,18791
False,/9gWrxuOJeArUbvnqrZALSjhPv9Y.jpg,"[36, 28, 12, 10752]",1207162,Rise of the Conqueror,en,Rise of the Conqueror,"In the 14th-century, as the Silk Road crumbles and rival factions tear the land apart, fearless warrior Timur emerges from exile. Stripped of everything, he fights to unite the fractured kingdoms, using strategy and sheer will to carve an empire from chaos. Undefeated in battle and widely regarded as one of history’s greatest military leaders and tacticians, not to mention one of its most brutal, Timur would found the Timurid Empire, which ruled over modern-day Afghanistan, Iran and Central Asia.",28.6844,/9cRE0DsM6CNIiY9Ah3cd8oc3n1Y.jpg,2026-04-09,False,False,6.067,15
False,/AaV1YIdWKnjAIAOe8UUKBFm327v.jpg,"[28, 18]",361743,Top Gun: Maverick,en,Top Gun: Maverick,"After more than thirty years of service as one of the Navy’s top aviators, and dodging the advancement in rank that would ground him, Pete “Maverick” Mitchell finds himself training a detachment of TOP GUN graduates for a specialized mission the likes of which no living pilot has ever seen.",29.8273,/n0YuM4f5lvGAP6MAW2kBIzugXnc.jpg,2022-05-21,False,False,8.158,11013
False,/iGBbWXmAIgpiWg9Mx2D2gLzbg4n.jpg,[18],269955,Obsessed,ko,인간중독,"A secret, passionate affair happens in the summer of 1969 between Colonel Jin Pyeong, trapped in a loveless marriage with Soo Jin, and Jong Ga Heun, the Chinese-Korean wife of Captain Kyung Woo Jin.",28.1006,/fetCtoAvZShCk1nqAWZFuKZschR.jpg,2014-05-14,False,False,6.7,82
False,/oRzXPixvyO3zHbAXatpOwbM6u1S.jpg,"[27, 9648, 53]",405746,Door,ja,DOOR,"Yasuko, a housewife, lives in an urban high-rise apartment with her husband Satoru and her son Takuto.  Annoyed by spam calls and door-to-door salesmen, Yasuko slams the door on a salesman’s hand when he tries to squeeze a flyer through the apartment's chained front door. He leaves, but the next day, her nightmare starts.",29.4412,/uNTZ9vp32AYd6kcAcm63jVg6u44.jpg,1988-05-14,False,False,6.0,26
False,/z4nSdlQYIHcgaqqCnz1hRSGpEhy.jpg,"[28, 12, 878]",1081003,Supergirl,en,Supergirl,"When an unexpected and ruthless adversary strikes too close to home, Kara Zor-El, aka Supergirl, reluctantly joins forces with an unlikely companion on an epic, interstellar journey of vengeance and justice.",32.7832,/xhei2GX9L2H1eQlrHeFw44VNLd1.jpg,2026-06-23,False,False,0.0,0
False,/q00H8EqULYSK74lgevMkhmGGLHn.jpg,"[16, 10751, 18]",8587,The Lion King,en,The Lion King,"Young lion prince Simba, eager to one day become king of the Pride Lands, grows up under the watchful eye of his father Mufasa; all the while his villainous uncle Scar conspires to take the throne for himself. Amid betrayal and tragedy, Simba must confront his past and find his rightful place in the Circle of Life.",28.018,/sKCr78MXSLixwmZ8DyJLrpMsd15.jpg,1994-06-15,False,False,8.254,19710
False,/ihIVjdiuvtVuFUaCqfNJwajIs3i.jpg,"[14, 10402]",13192,Moonwalker,en,Moonwalker,This fantastical movie inspired by the music of Michael Jackson features imaginative interpretations of hit tracks from the iconic 1987 album “Bad”.,27.792,/3GwTPQkAcgDeAirRpEuJG8HDdRz.jpg,1988-10-29,False,False,7.076,655
False,/mMtUybQ6hL24FXo0F3Z4j2KG7kZ.jpg,"[16, 10749, 18]",372058,Your Name.,ja,君の名は。,"High schoolers Mitsuha and Taki are complete strangers living separate lives. But one night, they suddenly switch places. Mitsuha wakes up in Taki’s body, and he in hers. This bizarre occurrence continues to happen randomly, and the two must adjust their lives around each other.",29.8676,/q719jXXEzOoYaps6babgKnONONX.jpg,2016-08-26,False,False,8.5,12600
False,/akvlTeB0LiNzw9U9YCAB8wwb5Qo.jpg,[18],1075175,How to Have Sex,en,How to Have Sex,"Three British teenage girls go on a rites-of-passage holiday—drinking, clubbing and hooking up, in what should be the best summer of their lives.",28.6694,/yQyoFCBLGJH5HXESmJAzaiXw9zU.jpg,2023-11-02,False,False,6.235,502
False,/6G73mNyooWAEQTpckPSnFxFoNmc.jpg,"[12, 14, 28]",121,The Lord of the Rings: The Two Towers,en,The Lord of the Rings: The Two Towers,"Frodo Baggins and the other members of the Fellowship continue on their sacred quest to destroy the One Ring--but on separate paths. Their destinies lie at two towers--Orthanc Tower in Isengard, where the corrupt wizard Saruman awaits, and Sauron's fortress at Barad-dur, deep within the dark lands of Mordor. Frodo and Sam are trekking to Mordor to destroy the One Ring of Power while Gimli, Legolas and Aragorn search for the orc-captured Merry and Pippin. All along, nefarious wizard Saruman awaits the Fellowship members at the Orthanc Tower in Isengard.",28.9203,/5VTN0pR8gcqV3EPUHHfMGnJYN9L.jpg,2002-12-18,False,False,8.42,23938
False,/b6HWTOxn1xevvyHU2K9ICvaRU6g.jpg,"[14, 18, 80]",497,The Green Mile,en,The Green Mile,"A supernatural tale set on death row in a Southern prison, where gentle giant John Coffey possesses the mysterious power to heal people's ailments. When the cell block's head guard, Paul Edgecomb, recognizes Coffey's miraculous gift, he tries desperately to help stave off the condemned man's execution.",28.1038,/8VG8fDNiy50H4FedGwdSVUPoaJe.jpg,1999-12-10,False,False,8.507,19302
False,/61RYedFgX1K07xgVIvdJzukSR4g.jpg,"[35, 18, 10751, 10749]",848116,Rocky Aur Rani Kii Prem Kahaani,hi,रॉकी और रानी की प्रेम कहानी,"Gym-freak brat Rocky falls in love with Rani, who comes from a well-educated Bengali family. Being from polar opposite worlds, the two decide to switch their families to adjust to each other's cultures and backgrounds and to know if their marriage will survive. Rocky and Rani are trapped in a world where they are united by love but divided by families and the ultimate question is will they fit in?",19.3922,/vTQIqlxUkOuyf2UKhlM2OUaFGKz.jpg,2023-07-28,False,False,6.142,88
False,/7IGKrY1f1KfwMipx9wZC4NRgIdF.jpg,"[18, 10749, 53]",216015,Fifty Shades of Grey,en,Fifty Shades of Grey,"When college senior Anastasia Steele steps in for her sick roommate to interview prominent businessman Christian Grey for their campus paper, little does she realize the path her life will take. Christian, as enigmatic as he is rich and powerful, finds himself strangely drawn to Ana, and she to him. Though sexually inexperienced, Ana plunges headlong into an affair -- and learns that Christian's true sexual proclivities push the boundaries of pain and pleasure.",28.9816,/63kGofUkt1Mx0SIL4XI4Z5AoSgt.jpg,2015-02-11,False,False,5.868,12397
False,/xPNDRM50a58uvv1il2GVZrtWjkZ.jpg,"[28, 53, 12]",575265,Mission: Impossible - The Final Reckoning,en,Mission: Impossible - The Final Reckoning,"Ethan Hunt and team continue their search for the terrifying AI known as the Entity — which has infiltrated intelligence networks all over the globe — with the world's governments and a mysterious ghost from Hunt's past on their trail. Joined by new allies and armed with the means to shut the Entity down for good, Hunt is in a race against time to prevent the world as we know it from changing forever.",33.2296,/z53D72EAOxGRqdr7KXXWp9dJiDe.jpg,2025-05-17,False,False,7.168,2841
False,/8ODNt5olCeIqBYTP3GgXEQYTfeX.jpg,"[27, 878, 53]",933260,The Substance,en,The Substance,"A fading celebrity decides to use a black market drug, a cell-replicating substance that temporarily creates a younger, better version of herself.",31.1317,/lqoMzCcZYEFK729d6qzt349fB4o.jpg,2024-09-07,False,False,7.133,6041
False,/uYWy6sKFQ8ycp7D4g1YrZUmQ5DQ.jpg,"[28, 14, 878]",11649,Masters of the Universe,en,Masters of the Universe,"When the evil Skeletor finds a mysterious power called the Cosmic Key, he becomes nearly invincible, seizing Castle Grayskull and the surrounding city. The Sorceress is now Skeletor's prisoner and he begins to drain her life-force as he waits for the moon of Eternia to align with the Great Eye of the Universe which will bestow god-like power upon him. However, courageous warrior He-Man locates the locksmith inventor Gwildor, who created the Key and has another version of it. During a battle, one of the Keys is transported to Earth, where it is found by teenagers Julie and Kevin. Now, both He-Man and Skeletor's forces arrive on Earth searching for the potent weapon.",28.5123,/gaUecXFd31V68yOTJPJYaB9YhAf.jpg,1987-08-07,False,False,5.804,1026
False,/uRNgkJSkNBFbbn9fPsEjDIy8Sh3.jpg,"[12, 14, 28]",22,Pirates of the Caribbean: The Curse of the Black Pearl,en,Pirates of the Caribbean: The Curse of the Black Pearl,"When wily pirate Captain Barbossa seizes Jack Sparrow’s beloved ship, the Black Pearl, and kidnaps the governor’s daughter, Elizabeth Swann, blacksmith Will Turner reluctantly teams up with the unpredictable pirate Jack to rescue her—only to uncover a terrifying curse that turns Barbossa’s crew into the undead.",28.7223,/kvDwL2gTf6yxujbsWbsGQB3Z9Wa.jpg,2003-07-09,False,False,7.826,22274
False,/zBG5Mg29NH9xxpWMMG7BIvKwYhL.jpg,"[10749, 18]",829557,365 Days: This Day,pl,365 dni: Ten dzień,"Laura and Massimo are back and hotter than ever. But the reunited couple's new beginning is complicated by Massimo’s family ties and a mysterious man who enters Laura’s life to win her heart and trust, at any cost.",28.5129,/7qU0SOVcQ8BTJLodcAlulUAG16C.jpg,2022-04-26,False,False,5.938,1846
False,/k24eZq5I3jyz4htPkZCRpnUmBzE.jpg,"[18, 10749]",1156593,Your Fault,es,Culpa tuya,The love between Noah and Nick seems unwavering despite their parents' attempts to separate them. But his job and her entry into college open up their lives to new relationships that will shake the foundations of both their relationship and the Leister family itself.,27.6462,/1sQA7lfcF9yUyoLYC0e6Zo3jmxE.jpg,2024-12-26,False,False,7.1,1558
False,/xRyINp9KfMLVjRiO5nCsoRDdvvF.jpg,"[18, 53]",550,Fight Club,en,Fight Club,"A ticking-time-bomb insomniac and a slippery soap salesman channel primal male aggression into a shocking new form of therapy. Their concept catches on, with underground ""fight clubs"" forming in every town, until an eccentric gets in the way and ignites an out-of-control spiral toward oblivion.",29.5472,/jSziioSwPVrOy9Yow3XhWIBDjq1.jpg,1999-10-15,False,False,8.438,32111
False,/1stUIsjawROZxjiCMtqqXqgfZWC.jpg,"[12, 14]",672,Harry Potter and the Chamber of Secrets,en,Harry Potter and the Chamber of Secrets,"Cars fly, trees fight back, and a mysterious house-elf comes to warn Harry Potter at the start of his second year at Hogwarts. Adventure and danger await when bloody writing on a wall announces: The Chamber Of Secrets Has Been Opened. To save Hogwarts will require all of Harry, Ron and Hermione's magical abilities and courage.",31.5142,/sdEOH0992YZ0QSxgXNIGLq1ToUi.jpg,2002-11-13,False,False,7.7,23605
False,/1Xi0FNU0uj82GfUw2vWHsVCiRv5.jpg,"[27, 18, 9648]",1281425,Night Silence,pl,Cisza nocna,"A theatre actor whose health is failing gets admitted to a nursing home. Soon, he starts having nightmares that seemingly become deceptively real. The so-called nightmares were able to make him live in two parallel dimensions.",24.1289,/gBYhjuq0ZEDN710C5sKVq45y1pA.jpg,2024-10-31,False,False,4.7,6
False,/kGzFbGhp99zva6oZODW5atUtnqi.jpg,"[18, 80]",240,The Godfather Part II,en,The Godfather Part II,"In the continuing saga of the Corleone crime family, a young Vito Corleone grows up in Sicily and in 1910s New York. In the 1950s, Michael Corleone attempts to expand the family business into Las Vegas, Hollywood and Cuba.",29.8389,/hek3koDUyRQk7FIhPXsa6mT2Zc3.jpg,1974-12-20,False,False,8.6,13950
False,/zQ8AxTPiCiS5nnwXpwTBPBHSaa5.jpg,"[28, 878]",557,Spider-Man,en,Spider-Man,"After being bitten by a genetically altered spider at Oscorp, nerdy but endearing high school student Peter Parker is endowed with amazing powers to become the superhero known as Spider-Man.",28.3739,/kjdJntyBeEvqm9w97QGBdxPptzj.jpg,2002-05-01,False,False,7.33,20693
False,/fVpFOcQyHJM2di9upgSIwWD5wac.jpg,"[27, 53, 28, 12]",396535,Train to Busan,ko,부산행,"When a zombie virus pushes Korea into a state of emergency, those trapped on an express train to Busan must fight for their own survival.",30.9875,/vNVFt6dtcqnI7hqa6LFBUibuFiw.jpg,2016-07-20,False,False,7.75,8398
False,,"[18, 35]",448772,A Great Love,it,Un grande amore,Two couples meet at a spa when they realize their respective suites share a bathroom.,30.3391,/jZolzsQj3zPINjmGuNuIA6iZPZG.jpg,1995-01-01,False,False,5.0,5
False,/m2QvGozzKz5ux74gKocn4kFTGz1.jpg,"[18, 10749]",796,Cruel Intentions,en,Cruel Intentions,"Slaking a thirst for dangerous games, Kathryn challenges her stepbrother, Sebastian, to deflower their headmaster's daughter before the summer ends. If he succeeds, the prize is the chance to bed Kathryn. But if he loses, Kathryn will claim his most prized possession.",27.3412,/76cCsRtQ5MJBAqoigojXsLXLJwh.jpg,1999-03-05,False,False,6.816,3583
False,/9nhjGaFLKtddDPtPaX5EmKqsWdH.jpg,"[10749, 878, 53]",950396,The Gorge,en,The Gorge,"Two highly trained operatives grow close from a distance after being sent to guard opposite sides of a mysterious gorge. When an evil below emerges, they must work together to survive what lies within.",29.1542,/7iMBZzVZtG0oBug4TfqDb9ZxAOa.jpg,2025-02-13,False,False,7.645,3765
False,/9xfDWXAUbFXQK585JvByT5pEAhe.jpg,"[16, 28, 12, 878]",569094,Spider-Man: Across the Spider-Verse,en,Spider-Man: Across the Spider-Verse,"After reuniting with Gwen Stacy, Brooklyn’s full-time, friendly neighborhood Spider-Man is catapulted across the Multiverse, where he encounters the Spider Society, a team of Spider-People charged with protecting the Multiverse's very existence. But when the heroes clash on how to handle a new threat, Miles finds himself pitted against the other Spiders and must set out on his own to save those he loves most.",34.4194,/8Vt6mWEReuy4Of61Lnj5Xj704m8.jpg,2023-05-31,False,False,8.336,8650
False,/2Lu1jb8kv93ciXYhmUlsj0E2RK1.jpg,"[35, 10751, 18]",1653208,The Great Grand Superhero,hi,The Great Grand Superhero,,35.0457,/6CYmHknTN2UGGhqQUZh4tqQ6fEr.jpg,2026-05-29,False,False,0.0,0
False,/vbk5CfaAHOjQPSAcYm6AoRRz2Af.jpg,"[12, 14]",673,Harry Potter and the Prisoner of Azkaban,en,Harry Potter and the Prisoner of Azkaban,Harry Potter's life is in danger once more as dangerous wizard Sirius Black has escaped from Azkaban Prison and is heading to Hogwarts.,32.2123,/aWxwnYoe8p2d2fcxOqtvAtJ72Rw.jpg,2004-05-31,False,False,8.0,23179
False,/66Kn4XWhkuPkJxOJyPEx4U2CUfN.jpg,"[35, 18, 10749]",13,Forrest Gump,en,Forrest Gump,"A man with a low IQ has accomplished great things in his life and been present during significant historic events—in each case, far exceeding what anyone imagined he could do. But despite all he has achieved, his one true love eludes him.",29.7861,/Cw4hIUIAmSYfK9QfaUW5igp9La.jpg,1994-06-23,False,False,8.465,29807
False,/yUiXA68FfQeA8cRBhd0Ao0jIRZt.jpg,"[12, 28, 878]",11,Star Wars,en,Star Wars,Princess Leia is captured and held hostage by the evil Imperial forces in their effort to take over the galactic Empire. Venturesome Luke Skywalker and dashing captain Han Solo team together with the loveable robot duo R2-D2 and C-3PO to rescue the beautiful princess and restore peace and justice in the Empire.,27.0457,/6FfCtAuVAW8XJjZ7eWeLibRLWTw.jpg,1977-05-25,False,False,8.205,22369
False,/fTrQsdMS2MUw00RnzH0r3JWHhts.jpg,"[28, 80, 53]",1197306,A Working Man,en,A Working Man,"Levon Cade left behind a decorated military career in the black ops to live a simple life working construction. But when his boss's daughter, who is like family to him, is taken by human traffickers, his search to bring her home uncovers a world of corruption far greater than he ever could have imagined.",25.8029,/6FRFIogh3zFnVWn7Z6zcYnIbRcX.jpg,2025-03-26,False,False,6.693,1936
False,/3ffPx9jqg0yj9y1KWeagT7D20CB.jpg,"[28, 12, 16, 35, 10751, 14]",1011985,Kung Fu Panda 4,en,Kung Fu Panda 4,"Po is gearing up to become the spiritual leader of his Valley of Peace, but also needs someone to take his place as Dragon Warrior. As such, he will train a new kung fu practitioner for the spot and will encounter a villain called the Chameleon who conjures villains from the past.",27.1959,/kDp1vUBnMpe8ak4rjgl3cLELqjU.jpg,2024-03-02,False,False,7.003,3523
False,/1OV7hau4D3rWGS5bu8sqBYeVpe.jpg,"[12, 14]",674,Harry Potter and the Goblet of Fire,en,Harry Potter and the Goblet of Fire,"When his name emerges from the Goblet of Fire, Harry Potter becomes a competitor in a grueling battle for glory among three wizarding schools. Signs of Voldemort's return emerge as Harry's friends help him prepare for the Triwizard Tournament.",32.7667,/fECBtHlr0RB3foNHDiCBXeg9Bv9.jpg,2005-11-16,False,False,7.803,22189
False,/zo8CIjJ2nfNOevqNajwMRO6Hwka.jpg,"[12, 16, 35, 10751, 14]",1241982,Moana 2,en,Moana 2,"After receiving an unexpected call from her wayfinding ancestors, Moana journeys alongside Maui and a new crew to the far seas of Oceania and into dangerous, long-lost waters for an adventure unlike anything she's ever faced.",26.64,/aLVkiINlIeCkcZIzb7XHzPYgO6L.jpg,2024-11-21,False,False,7.004,3087
False,/swxhEJsAWms6X1fDZ4HdbvYBSf9.jpg,"[12, 35, 27]",1234731,Anaconda,en,Anaconda,"A group of friends facing mid-life crises head to the rainforest with the intention of remaking their favorite movie from their youth, only to find themselves in a fight for their lives against natural disasters, giant snakes and violent criminals.",26.2928,/hBxN6dwrANN1ic3a4G9x6JZcR3C.jpg,2025-12-24,False,False,5.894,1208
False,/7lmBufEG7P7Y1HClYK3gCxYrkgS.jpg,"[12, 28, 878]",10138,Iron Man 2,en,Iron Man 2,"With the world now aware of his dual life as the armored superhero Iron Man, billionaire inventor Tony Stark faces pressure from the government, the press and the public to share his technology with the military. Unwilling to let go of his invention, Stark, with Pepper Potts and James 'Rhodey' Rhodes at his side, must forge new alliances – and confront powerful enemies.",25.7729,/6WBeq4fCfn7AN0o21W9qNcRF2l9.jpg,2010-04-28,False,False,6.854,22405
False,/yPbW94JRopYqjz2CLyEiUhEwbB5.jpg,[10749],300496,Nefeli,el,Nefeli,"A beautiful woman is going to the island of Lesbos to rest, there she will meet two other beautiful young women and it will be great having sex with everyone.",31.4611,/4EgkcisexFjGfQmGI0IrVxZUBIv.jpg,1980-01-01,False,False,3.6,7
False,/sZ61Fo6Di1DvXXhrSjyF6Xunr9C.jpg,"[18, 53]",1380316,Is God Is,en,Is God Is,"Two sisters embark on an epic quest for revenge, confronting a charged family history that pushes them to extraordinary lengths.",26.3536,/c3nN8XnbYfj2ZEBcNqqlTbtLiQy.jpg,2026-05-14,False,False,5.859,32
False,/uNToXatdunyvWXyXMrTI1nLvh6r.jpg,"[35, 878, 80]",1115544,Mike & Nick & Nick & Alice,en,Mike & Nick & Nick & Alice,"Two gangsters and the woman they love try to survive the most dangerous night of their lives. As if that wasn’t enough, there’s one wild ingredient added to the mix: a time machine.",27.2255,/7F0jc75HrSkLVcvOXR2FXAIwuEv.jpg,2026-03-14,False,False,6.728,349
False,/mZ6J2g6HCV2gj3iuCdSxcyBXq9c.jpg,"[16, 18, 10751, 36]",1167307,David,en,David,"From the songs of his mother’s heart to the whispers of a faithful God, David’s story begins in quiet devotion. When the giant Goliath rises to terrorize a nation, a young shepherd armed with only a sling, a few stones, and unshakable faith steps forward. Pursued by power and driven by purpose, his journey tests the limits of loyalty, love, and courage—culminating in a battle not just for a crown, but for the soul of a kingdom.",25.8095,/bESlrLOrsQ9gKzaGQGHXKOyIUtX.jpg,2025-12-14,False,False,8.05,150
False,/zYm62AouAahA71AoOWHE5Qb0FYH.jpg,[18],1646787,Sundutan,tl,Sundutan,"A hole on the wall accidentally connects two women emotionally and physically. Forbidden love, greed, betrayal... what lies beyond the hole? And for how long can they keep covering it up?",25.3707,/2neZgVuY7prWIak5hhNKT53Hk0N.jpg,2026-03-06,False,False,4.0,1
False,/2OHa6ukEq3Hce7Pc2kvu8wkmMFY.jpg,"[28, 12, 53, 80, 18]",7451,xXx,en,xXx,"Xander Cage is your standard adrenaline junkie with no fear and a lousy attitude. When the US Government ""recruits"" him to go on a mission, he's not exactly thrilled. His mission: to gather information on an organization that may just be planning the destruction of the world, led by the nihilistic Yorgi.",24.8836,/xeEw3eLeSFmJgXZzmF2Efww0q3s.jpg,2002-08-09,False,False,5.988,4917
False,/zOpe0eHsq0A2NvNyBbtT6sj53qV.jpg,"[28, 878, 35, 10751]",939243,Sonic the Hedgehog 3,en,Sonic the Hedgehog 3,"Sonic, Knuckles, and Tails reunite against a powerful new adversary, Shadow, a mysterious villain with powers unlike anything they have faced before. With their abilities outmatched in every way, Team Sonic must seek out an unlikely alliance in hopes of stopping Shadow and protecting the planet.",25.6532,/d8Ryb8AunYAuycVKDp5HpdWPKgC.jpg,2024-12-19,False,False,7.617,3297
False,/p5ozvmdgsmbWe0H8Xk7Rc8SCwAB.jpg,"[16, 12, 35, 10751]",1022789,Inside Out 2,en,Inside Out 2,"Teenager Riley's mind headquarters is undergoing a sudden demolition to make room for something entirely unexpected: new Emotions! Joy, Sadness, Anger, Fear and Disgust, who’ve long been running a successful operation by all accounts, aren’t sure how to feel when Anxiety shows up. And it looks like she’s not alone.",29.8102,/vpnVM9B6NMmQpWeZvzLvDESb2QY.jpg,2024-06-11,False,False,7.546,6700
False,/tPpYGm2mVecue7Bk3gNVoSPA5qn.jpg,"[28, 12, 878]",315635,Spider-Man: Homecoming,en,Spider-Man: Homecoming,"Following the events of Captain America: Civil War, Peter Parker, with the help of his mentor Tony Stark, tries to balance his life as an ordinary high school student in Queens, New York City, with fighting crime as his superhero alter ego Spider-Man as a new threat, the Vulture, emerges.",27.4522,/c24sv2weTHPsmDa7jEMN0m2P3RT.jpg,2017-07-05,False,False,7.331,23194
False,/rI4waA7VlRAynrYUUpiPScsdPm8.jpg,"[16, 28, 10749, 14]",1218925,Chainsaw Man - The Movie: Reze Arc,ja,劇場版 チェンソーマン レゼ篇,"In a brutal war between devils, hunters, and secret enemies, a mysterious girl named Reze has stepped into Denji's world, and he faces his deadliest battle yet, fueled by love in a world where survival knows no rules.",27.3166,/3uX6xo6kZrylBrMIyLtrOS5BR9p.jpg,2025-09-19,False,False,8.37,907
False,/zRKQW58MBEY078AxkHxEJzUskCl.jpg,"[878, 12]",438631,Dune,en,Dune,"Paul Atreides, a brilliant and gifted young man born into a great destiny beyond his understanding, must travel to the most dangerous planet in the universe to ensure the future of his family and his people. As malevolent forces explode into conflict over the planet's exclusive supply of the most precious resource in existence-a commodity capable of unlocking humanity's greatest potential-only those who can conquer their fear will survive.",27.227,/gDzOcq0pfeCeqMBwKIJlSmQpjkZ.jpg,2021-09-15,False,False,7.78,14935
False,/rV9MLgLm4i5ImuhhqdJ2fa7JMc2.jpg,"[27, 9648]",1404791,Dollhouse,ja,ドールハウス,"After losing their child, a mother finds solace in a life-sized ancient doll she finds on the market.  When a new daughter enters the family's life, strange things begin to happen and no matter how hard the family tries to get rid of it, the doll always finds its way back.",24.7288,/vUs4OPpvu4Is7wIGaXkseNJHhEA.jpg,2025-06-13,False,False,7.544,91
False,/ecksst0Cb1AO1CZwmGjJu11bfUo.jpg,"[18, 10770]",458293,Michael Jackson: Searching for Neverland,en,Michael Jackson: Searching for Neverland,"Based on the best-selling book, Remember the Time: Protecting Michael Jackson in His Final Days, and told through the eyes of Jackson's trusted bodyguards, Bill Whitfield and Javon Beard. The movie will reveal firsthand the devotion Michael Jackson had to his children, and the hidden drama that took place during the last two years of his life.",24.8748,/mRZIiG4vJiCgJh4v2EPUVVTznC8.jpg,2017-05-29,False,False,6.591,115
False,/neeNHeXjMF5fXoCJRsOmkNGC7q.jpg,"[18, 36]",872585,Oppenheimer,en,Oppenheimer,The story of J. Robert Oppenheimer's role in the development of the atomic bomb during World War II.,27.6579,/8Gxv8gSFCU0XGDykEGv7zR1n2ua.jpg,2023-07-19,False,False,8.03,11825
False,/997ToEZvF2Obp9zNZbY5ELVnmrW.jpg,"[18, 10749]",537915,After,en,After,"Tessa Young is a dedicated student, dutiful daughter and loyal girlfriend to her high school sweetheart. Entering her first semester of college, Tessa's guarded world opens up when she meets Hardin Scott, a mysterious and brooding rebel who makes her question all she thought she knew about herself -- and what she wants out of life.",24.4122,/u3B2YKUjWABcxXZ6Nm9h10hLUbh.jpg,2019-04-11,False,False,7.107,8525
False,/vSQSYd2zZTqc0zmHImwWEGGluMI.jpg,"[10749, 18]",1316092,"""Wuthering Heights""",en,"""Wuthering Heights""","Tragedy strikes when Heathcliff falls in love with Catherine Earnshaw, a woman from a wealthy family in 18th-century England.",25.9203,/3YBce6dTh1D5oCMITXk2S5QhPt.jpg,2026-02-11,False,False,6.675,1078
False,/pMxO1beNNFYMDM7RcDyKW5Wheuz.jpg,"[12, 16, 35, 10751, 14]",991494,The SpongeBob Movie: Search for SquarePants,en,The SpongeBob Movie: Search for SquarePants,"Desperate to be a big guy, SpongeBob sets out to prove his bravery to Mr. Krabs by following The Flying Dutchman – a mysterious swashbuckling ghost pirate – on a seafaring adventure that takes him to the deepest depths of the deep sea, where no Sponge has gone before.",24.6068,/xJnOMMsFASxNiFnG7v3TNIQ3ife.jpg,2025-12-16,False,False,6.8,298
False,/8J6UlIFcU7eZfq9iCLbgc8Auklg.jpg,"[14, 10751, 28, 12]",1087192,How to Train Your Dragon,en,How to Train Your Dragon,"On the rugged isle of Berk, where Vikings and dragons have been bitter enemies for generations, Hiccup stands apart, defying centuries of tradition when he befriends Toothless, a feared Night Fury dragon. Their unlikely bond reveals the true nature of dragons, challenging the very foundations of Viking society.",28.9121,/q5pXRYTycaeW6dEgsCrd4mYPmxM.jpg,2025-06-06,False,False,7.931,2856
False,/aouxo2EaR7QSGBBUNTITuW0lj4z.jpg,"[80, 18]",875828,Peaky Blinders: The Immortal Man,en,Peaky Blinders: The Immortal Man,"After his estranged son gets embroiled in a Nazi plot, self-exiled gangster Tommy Shelby must return to Birmingham to save his family — and his nation.",23.8654,/gRMalasZEzsZi4w2VFuYusfSfqf.jpg,2026-03-05,False,False,7.25,998
False,/7iUDfakacY1HpajP1DtHrCuDB95.jpg,"[16, 35, 10751]",863,Toy Story 2,en,Toy Story 2,"Andy heads off to Cowboy Camp, leaving his toys to their own devices. Things shift into high gear when an obsessive toy collector named Al McWhiggen, owner of Al's Toy Barn kidnaps Woody. Andy's toys mount a daring rescue mission, Buzz Lightyear meets his match and Woody has to decide where he and his heart truly belong.",24.579,/4rbcp3ng8n1MKHjpeqW0L7Fnpzz.jpg,1999-10-30,False,False,7.609,14910
False,,[18],484503,The Black Pearl,zh,黑珍珠,"Women are beaten, raped, tortured and killed in brutal prison.",25.8494,/yRlYkjecV3lJf51jIJI9ECzofVQ.jpg,1982-01-01,False,False,0.0,0
False,/aHj7d7wSLqrg5cjAcgHhiGr97Ih.jpg,"[28, 53, 878]",798645,The Running Man,en,The Running Man,"Desperate to save his sick daughter, working-class Ben Richards is convinced by The Running Man's charming but ruthless producer to enter the deadly competition game as a last resort. But Ben's defiance, instincts, and grit turn him into an unexpected fan favorite — and a threat to the entire system. As ratings skyrocket, so does the danger, and Ben must outwit not just the Hunters, but a nation addicted to watching him fall.",25.8309,/dKL78O9zxczVgjtNcQ9UkbYLzqX.jpg,2025-11-11,False,False,6.789,1610
False,/xOMo8BRK7PfcJv9JCnx7s5hj0PX.jpg,"[878, 12]",693134,Dune: Part Two,en,Dune: Part Two,"Follow the mythic journey of Paul Atreides as he unites with Chani and the Fremen while on a path of revenge against the conspirators who destroyed his family. Facing a choice between the love of his life and the fate of the known universe, Paul endeavors to prevent a terrible future only he can foresee.",27.9345,/1pdfLvkbY9ohJlCjQH2CZjjYVvJ.jpg,2024-02-27,False,False,8.1,8010
False,/2Nti3gYAX513wvhp8IiLL6ZDyOm.jpg,"[10751, 14, 35, 12]",950387,A Minecraft Movie,en,A Minecraft Movie,"Four misfits find themselves struggling with ordinary problems when they are suddenly pulled through a mysterious portal into the Overworld: a bizarre, cubic wonderland that thrives on imagination. To get back home, they'll have to master this world while embarking on a magical quest with an unexpected, expert crafter, Steve.",24.6957,/yFHHfHcUgGAxziP1C3lLt0q2T4s.jpg,2025-03-31,False,False,6.263,3016
False,/7I6VUdPj6tQECNHdviJkUHD2u89.jpg,"[28, 53, 80]",603692,John Wick: Chapter 4,en,John Wick: Chapter 4,"With the price on his head ever increasing, John Wick uncovers a path to defeating The High Table. But before he can earn his freedom, Wick must face off against a new enemy with powerful alliances across the globe and forces that turn old friends into foes.",27.4036,/vZloFAK7NmvMGKE7VkF5UHaz0I.jpg,2023-03-21,False,False,7.707,7948
False,/vadUKKQixxOKWkcuZ1SUEoBQeVG.jpg,[18],10867,Malena,it,Malèna,"12-year-old Renato experiences three significant events on the same day: the beginning of the Second World War, getting a bike, and witnessing the arrival of the gorgeous Malèna. Through his eyes, we see the curse of beauty and loneliness of Malena, whose husband is presumed dead, and, through his soul, we see his love for her.",25.2204,/3OyQTl0IGkbnjDxd3MhztfPE34g.jpg,2000-10-27,False,False,7.5,2646
False,/v0NEB75SZjxY8GS3ho8WeEvjIT3.jpg,"[9648, 18, 27]",680493,Return to Silent Hill,en,Return to Silent Hill,"When James receives a mysterious letter from his lost love Mary, he is drawn to Silent Hill—a once-familiar town now consumed by darkness. As he searches for her, James faces monstrous creatures and unravels a terrifying truth that will push him to the edge of his sanity.",25.129,/mdw7bSnE11WpwWf3ViXtnavuqiT.jpg,2026-01-21,False,False,5.379,598
False,/gILte6Zd7m1YneIr6MVhh30S9pr.jpg,"[18, 80]",769,GoodFellas,en,GoodFellas,"The true story of Henry Hill, a half-Irish, half-Sicilian Brooklyn kid who is adopted by neighbourhood gangsters at an early age and climbs the ranks of a Mafia family under the guidance of Jimmy Conway.",25.3289,/9OkCLM73MIU2CrKZbqiT8Ln1wY2.jpg,1990-09-12,False,False,8.454,14388
False,/z3bzhmC0CPikWeerUkLO73YvGrC.jpg,"[10402, 53, 28, 27]",1084187,Pretty Lethal,en,Pretty Lethal,A troupe of ballerinas find themselves fighting for survival as they attempt to escape from a remote inn after their bus breaks down on the way to a dance competition.,25.1958,/znTPnXCK3lEQJgqXCvP7e5FUz6f.jpg,2026-03-13,False,False,6.761,398
False,/z3bzhmC0CPikWeerUkLO73YvGrC.jpg,"[10402, 53, 28, 27]",1084187,Pretty Lethal,en,Pretty Lethal,A troupe of ballerinas find themselves fighting for survival as they attempt to escape from a remote inn after their bus breaks down on the way to a dance competition.,25.5553,/znTPnXCK3lEQJgqXCvP7e5FUz6f.jpg,2026-03-13,False,False,6.761,398
False,/54BOXpX2ieTXMDzHymdDMnUIzYG.jpg,"[27, 53]",1228246,Five Nights at Freddy's 2,en,Five Nights at Freddy's 2,"One year since the supernatural nightmare at Freddy Fazbear's Pizza, the stories about what transpired there have been twisted into a campy local legend, inspiring the town's first ever Fazfest. With the truth kept from her, Abby sneaks out to reconnect with Freddy, Bonnie, Chica, and Foxy, setting into motion a terrifying series of events that will reveal dark secrets about the real origin of Freddy's, and unleash a decades-hidden horror.",25.4792,/udAxQEORq2I5wxI97N2TEqdhzBE.jpg,2025-12-03,False,False,6.645,974
False,/Adrip2Jqzw56KeuV2nAxucKMNXA.jpg,[37],429,"The Good, the Bad and the Ugly",it,"Il buono, il brutto, il cattivo","While the Civil War rages on between the Union and the Confederacy, three men – a quiet loner, a ruthless hitman, and a Mexican bandit – comb the American Southwest in search of a strongbox containing $200,000 in stolen gold.",25.4239,/bX2xnavhMYjWDoZp1VM6VnU1xwe.jpg,1966-12-23,False,False,8.5,9669
False,/sDTnMOJ3H5wI38OxObmCtK7wfd5.jpg,"[16, 35, 10751, 14]",585,"Monsters, Inc.",en,"Monsters, Inc.","Lovable Sulley and his wisecracking sidekick Mike Wazowski are the top scare team at Monsters, Inc., the scream-processing factory in Monstropolis. When a little girl named Boo wanders into their world, it's the monsters who are scared silly, and it's up to Sulley and Mike to keep her out of sight and get her back home.",25.3447,/wFSpyMsp7H0ttERbxY7Trlv8xry.jpg,2001-11-01,False,False,7.851,19798
False,/ldUVeDfA5ID2vchHGejrEltoBSN.jpg,"[12, 18, 10751]",1662414,Propeller One-Way Night Coach,en,Propeller One-Way Night Coach,"During the golden age of aviation, a young airplane enthusiast and his mother embark on a cross-country journey to Hollywood—and their simple flight transforms into the trip of a lifetime.",25.3162,/joal4OSVC4T1yFb3kph91tkNNFf.jpg,2026-05-15,False,False,6.845,29
False,/9tOkjBEiiGcaClgJFtwocStZvIT.jpg,"[16, 12, 10751, 35]",269149,Zootopia,en,Zootopia,"Determined to prove herself, Officer Judy Hopps, the first bunny on Zootopia's police force, jumps at the chance to crack her first case - even if it means partnering with scam-artist fox Nick Wilde to solve the mystery.",25.308,/hlK0e0wAQ3VLuJcsfIYPvb4JVud.jpg,2016-02-11,False,False,7.762,18132
False,/8mnXR9rey5uQ08rZAvzojKWbDQS.jpg,"[16, 28, 12, 878]",324857,Spider-Man: Into the Spider-Verse,en,Spider-Man: Into the Spider-Verse,"Struggling to find his place in the world while juggling school and family, Brooklyn teenager Miles Morales is unexpectedly bitten by a radioactive spider and develops unfathomable powers just like the one and only Spider-Man. While wrestling with the implications of his new abilities, Miles discovers a super collider created by the madman Wilson ""Kingpin"" Fisk, causing others from across the Spider-Verse to be inadvertently transported to his dimension.",25.1968,/iiZZdoQBEYBv6id8su7ImL0oCbD.jpg,2018-12-06,False,False,8.394,17265
False,/A7BiqPOKvGNalAZhFn1WfSeG9aO.jpg,"[27, 9648, 53, 10770]",137051,Midnight Matinee,en,Midnight Matinee,"Even though a devastating murder took place during a small town's horror film festival two years earlier, townspeople want another festival.",25.143,/czam6wq46B9UCZvq85vicElckFq.jpg,1988-10-12,False,False,5.4,7
False,/wfGDy0KVZsiQpGgYoxObUGgccwk.jpg,"[878, 27, 12]",1235192,Wormtown,en,Wormtown,"One year into a plague of flesh-eating, mind-altering worms, the nocturnal town of Ashland, Ohio, has embraced the parasites’ rule. Under cult-like Mayor Joshua, zealous Ranchers spread their gospel—by persuasion or by force. A trio of uninfected women cling to survival through scavenging, extreme hygiene, and evasion. But everyone breaks eventually, unleashing betrayal, sacrilege, and body horror.",25.1104,/lE10ww38b7XA5LIagIsVQj9a8Hn.jpg,2025-09-27,False,False,5.944,18
False,/8VyTWJrNEyV2MTWvniDVp0MpOAe.jpg,"[27, 9648]",1078605,Weapons,en,Weapons,"When all but one child from the same class mysteriously vanish on the same night at exactly the same time, a community is left questioning who or what is behind their disappearance.",24.9705,/cpf7vsRZ0MYRQcnLWteD5jK9ymT.jpg,2025-08-04,False,False,7.255,3455
False,/9Er1TPFQg2N4yBJQnkJAwoiiE6A.jpg,"[18, 53]",773543,Fib the Truth,ru,Соври мне правду,"A couple in love spends time away from civilization, but the sudden arrivals of the younger sister and then the girl's ex-boyfriend violate the country idyll.",24.9679,/fPUI4KHQKggOdJg9YIBCFEecuU5.jpg,2021-09-09,False,False,5.819,91
False,/hl7FEzMqgpsD0RfwMzskzQoiD1M.jpg,"[27, 53]",1368314,Passenger,en,Passenger,"After a young couple witnesses a gruesome highway accident, they soon realize they did not leave the crash scene alone, as a demonic presence called the Passenger that won't stop until it claims them both turns their van life adventure into a nightmare.",24.9015,/2sOEJzhPzjTkZSlPbGxOJ7xgIyS.jpg,2026-05-20,False,False,6.192,65
False,/hT3OqvzMqCQuJsUjZnQwA5NuxgK.jpg,[53],985939,Fall,en,Fall,"For best friends Becky and Hunter, life is all about conquering fears and pushing limits. But after they climb 2,000 feet to the top of a remote, abandoned radio tower, they find themselves stranded with no way down. Now Becky and Hunter's expert climbing skills will be put to the ultimate test as they desperately fight to survive the elements, a lack of supplies, and vertigo-inducing heights.",24.8231,/spCAxD99U1A6jsiePFoqdEcY0dG.jpg,2022-08-11,False,False,7.134,4616
False,/uAfhsySkr1UzQg1zdg3dZQRz9Fd.jpg,"[16, 10751, 35]",10193,Toy Story 3,en,Toy Story 3,"Woody, Buzz, and the rest of Andy's toys haven't been played with in years. With Andy about to go to college, the gang find themselves accidentally left at a nefarious day care center. The toys must band together to escape and return home to Andy.",24.657,/AbbXspMOwdvwWZgVN0nabZq03Ec.jpg,2010-06-16,False,False,7.806,15742
False,/nv5wwZou159v5OC61i4ElR7OqyY.jpg,"[14, 16, 12]",4935,Howl's Moving Castle,ja,ハウルの動く城,"Sophie, a young milliner, is turned into an elderly woman by a witch who enters her shop and curses her. She encounters a wizard named Howl and gets caught up in his resistance to fighting for the king.",24.6418,/13kOl2v0nD2OLbVSHnHk8GUFEhO.jpg,2004-09-09,False,False,8.388,11100
False,/1YU6Hy3x7fUh7dfOzSfjifTp20g.jpg,"[28, 80, 53]",1242332,Normal,en,Normal,"An unassuming substitute sheriff with a troubled past responds to a bank robbery in a small, sleepy town and unknowingly uncovers something far more explosive.",24.6197,/17xQjvbcot0zhv8q2MnXGPzs8BR.jpg,2026-04-16,False,False,6.5,141
False,/be5T7oHxmDG4ytEimwPdmDHZD9N.jpg,[27],1352874,The Crucifix: Blood of the Exorcist,en,The Crucifix: Blood of the Exorcist,"A gruesome discovery in the grounds of their new home plunges a young couple into a maelstrom of spiritual possession, pagan rituals, Viking battles, and violent revenge.",24.5381,/u3qOxvlykoTpurg1G8VOcawoePI.jpg,2025-01-09,False,False,5.473,55
False,/i5H7zusQGsysGQ8i6P361Vnr0n2.jpg,"[80, 9648, 53]",807,Se7en,en,Se7en,"Two homicide detectives are on a desperate hunt for a serial killer whose crimes are based on the ""seven deadly sins"" in this dark and haunting film that takes viewers from the tortured remains of one victim to the next. The seasoned Det. Somerset researches each sin in an effort to get inside the killer's mind, while his novice partner, Mills, scoffs at his efforts to unravel the case.",24.5085,/191nKfP0ehp3uIvWqgPbFmI4lv9.jpg,1995-09-22,False,False,8.382,23123
False,/ewUVE6exfcs1dqC6PGWApTV3oVl.jpg,"[35, 18]",1487604,God's Shirt,es,La casaca de Dios,"During the 1986 World Cup in Mexico, in the legendary match between Argentina and England, Diego Maradona scored two unforgettable goals in a game that meant more than sport for a nation scarred by the Falklands War. Decades later, when the jersey he used in the match is auctioned, a humble kit man shaped by profound loss sets out on a final journey that forces him to confront his past and his broken relationship with his daughter.",24.505,/v56hSpcEnS0joV9lUn9bKpPdktl.jpg,2026-04-09,False,False,6.0,2
False,/kJsPVzdyBrYHLomuNv5SJDXUQ2f.jpg,"[28, 12, 878]",76600,Avatar: The Way of Water,en,Avatar: The Way of Water,"Set more than a decade after the events of the first film, learn the story of the Sully family (Jake, Neytiri, and their kids), the trouble that follows them, the lengths they go to keep each other safe, the battles they fight to stay alive, and the tragedies they endure.",24.2858,/t6HIqrRAclMCA60NsSmeqe9RmNV.jpg,2022-12-14,False,False,7.594,14164
False,/vr6n6ZFUZvedvIlhfYcbCWcaKyW.jpg,"[12, 14, 28]",58,Pirates of the Caribbean: Dead Man's Chest,en,Pirates of the Caribbean: Dead Man's Chest,"Captain Jack Sparrow’s got a blood debt to pay: he owes his soul to the legendary Davy Jones, ghastly Ruler of the Ocean Depths. To escape eternal servitude aboard the Flying Dutchman, ever-crafty Jack must track down the still-beating heart of Jones. But he won’t do it alone: Will Turner and Elizabeth Swann are drawn back into another one of his perilous quests—assuming they can evade execution for aiding a pirate.",24.1187,/uXEqmloGyP7UXAiphJUu2v2pcuE.jpg,2006-07-06,False,False,7.38,17189
False,/wivNPOtg6saz1XrCTU3C7sYYFt6.jpg,[27],1473878,Speed Demon,en,Speed Demon,"Aboard a high-speed train, a Nun who lost her faith must perform her first Exorcism on a possessed passenger hellbent on crashing the runaway train.",17.347,/1qeO6qbbOXFkwN19aCWQAlmpbHQ.jpg,2026-05-20,False,False,4.4,10
False,/v3lNH2gCojWYXVuXcT9FZLBxcSq.jpg,"[28, 18, 878]",1235877,Jana Nayagan,ta,ஜன நாயகன்,"A clash of ideologies. One stands for the people, the other feeds on control. Their paths collided once before. Years later, a child’s silent fear ignites the past, drawing a former police officer into a battle far bigger than personal revenge.",21.5119,/jt8pfSIdi47YpFMMWVRr8w5u2S0.jpg,,False,False,0.0,0
False,/mqAuLsN6oOme6lSKoTb6yyP4U8E.jpg,"[10402, 99]",13576,This Is It,en,This Is It,"A compilation of interviews, rehearsals and backstage footage of Michael Jackson as he prepared for his series of sold-out shows in London.",22.0469,/8GvQzHFSqr9KhyVxLEpB5dXPOWG.jpg,2009-10-28,False,False,7.338,1055
False,/6cpRpfD3isvluFwXDGSiDVyibPJ.jpg,"[10749, 18]",829560,The Next 365 Days,pl,Kolejne 365 dni,Laura and Massimo's relationship hangs in the balance as they try to overcome trust issues while a tenacious Nacho works to push them apart.,22.8234,/8AWm7iMcsCI3DdGz4YEJtiMDp8Z.jpg,2022-08-18,False,False,6.379,1320
False,/8zLS8p1tRyWFLRFfmgQq0j5WE6z.jpg,"[12, 28, 14]",564,The Mummy,en,The Mummy,Dashing legionnaire Rick O'Connell stumbles upon the hidden ruins of Hamunaptra while in the midst of a battle to claim the area in 1920s Egypt. It has been over three thousand years since former High Priest Imhotep suffered a fate worse than death as a punishment for a forbidden love—along with a curse that guarantees eternal doom upon the world if he is ever awoken.,22.669,/yhIsVvcUm7QxzLfT6HW2wLf5ajY.jpg,1999-04-16,False,False,6.979,10041
False,/gzOamXAMuBpWFcCitMdEoAVAjCf.jpg,"[10749, 35, 18]",1510769,29,ta,29,"A quirky 29-year-old named Sathya embarks on an unexpected journey of laughter, unlikely friendships, and self-discovery. Through hilarious misadventures and chance encounters, he slowly sees life's bigger picture - its surprises, joys, and second chances.",26.6015,/aQZ4OxzaYTN7cRN7fALi9BhPucp.jpg,2026-05-08,False,False,7.4,5
False,/zb6fM1CX41D9rF9hdgclu0peUmy.jpg,"[18, 36, 10752]",424,Schindler's List,en,Schindler's List,The true story of how businessman Oskar Schindler saved over a thousand Jewish lives from the Nazis while they worked as slaves in his factory during World War II.,24.7428,/sF1U4EUQS8YHUYjNl3pMGNIQyr0.jpg,1993-12-15,False,False,8.569,17497
False,/wTipCPwvGfm3IJXBRojmuj97GIN.jpg,"[18, 10749, 10752]",27098,All Things Fair,sv,Lust och fägring stor,"In 1943 Malmö, 15-year-old Stig is attracted to his teacher Viola, 22 years his senior, who, drawn to his youth and innocence, believes the lad is a God-sent relief from her miserable marriage to a drunken, unfaithful lout.",24.2134,/y1oFNynXrIzlPUe4CXKMR2dpNep.jpg,1995-03-08,False,False,6.428,173
False,/85k0kaoRgGmF6ACq0M61AFxhjLN.jpg,"[35, 80]",12153,White Chicks,en,White Chicks,"Two FBI agent brothers, Marcus and Kevin Copeland, accidentally foil a drug bust. To avoid being fired they accept a mission escorting a pair of socialites to the Hamptons--but when the girls are disfigured in a car accident, they refuse to go. Left without options, Marcus and Kevin decide to pose as the sisters, transforming themselves from black men into rich European-American women.",22.7986,/aHTUpo45qy9QYIOnVITGGqLoVcA.jpg,2004-06-23,False,False,6.942,4535
False,/rvtdN5XkWAfGX6xDuPL6yYS2seK.jpg,"[80, 9648, 53]",414906,The Batman,en,The Batman,"In his second year of fighting crime, Batman uncovers corruption in Gotham City that connects to his own family while facing a serial killer known as the Riddler.",29.0809,/74xTEgt7R36Fpooo50r9T25onhq.jpg,2022-03-01,False,False,7.66,11969
False,/d3z8MH9OvTOOSxy5QwAG0cS6GKU.jpg,"[10752, 28, 36]",652,Troy,en,Troy,"In year 1250 B.C. during the late Bronze age, two emerging nations begin to clash. Paris, the Trojan prince, convinces Helen, Queen of Sparta, to leave her husband Menelaus, and sail with him back to Troy. After Menelaus finds out that his wife was taken by the Trojans, he asks his brother Agamemnon to help him get her back. Agamemnon sees this as an opportunity for power. They set off with 1,000 ships holding 50,000 Greeks to Troy.",22.8763,/51auXjXepW1zblzhaN7CAhwvf5i.jpg,2004-05-13,False,False,7.2,11076
False,/y04gpYp8rJoUud6vf8okqHIdP4V.jpg,"[80, 53]",1340206,Tuner,en,Tuner,A talented piano tuner's life is turned upside down when he discovers that his meticulous skills for tuning pianos can equally be applied to cracking safes.,31.9703,/kyM60vcgf7lfofmZB4F5Rj7OrHW.jpg,2026-05-21,False,False,6.9,39
False,/q62bpQ67qaXY0u6b2wFEnQYIbPd.jpg,"[10751, 35, 16, 12]",301528,Toy Story 4,en,Toy Story 4,"Woody has always been confident about his place in the world, devoted to taking care of his kid—whether that's Andy or Bonnie. But after Bonnie creates a reluctant new toy called ""Forky"", a road trip adventure alongside old and new friends challenges everything Woody believes about loyalty, purpose, and what it truly means to be a toy.",24.6078,/w9kR8qbmQ01HwnvK4alvnQ2ca0L.jpg,2019-06-19,False,False,7.463,10546
False,/3upEZ0ltY7WwOSFVXrtiP34D48p.jpg,"[53, 18, 10749]",290098,The Handmaiden,ko,아가씨,"1930s Korea, in the period of Japanese occupation, a new girl, Sook-hee, is hired as a handmaiden to a Japanese heiress, Hideko, who lives a secluded life on a large countryside estate with her domineering Uncle Kouzuki. But the maid has a secret. She is a pickpocket recruited by a swindler posing as a Japanese Count to help him seduce the Lady to steal her fortune.",22.5952,/dLlH4aNHdnmf62umnInL8xPlPzw.jpg,2016-06-01,False,False,8.188,4329
False,/ecKQlAEG95k62SMGhvX83oEqANK.jpg,"[27, 53]",138843,The Conjuring,en,The Conjuring,"Paranormal investigators Ed and Lorraine Warren work to help a family terrorized by a dark presence in their farmhouse. Forced to confront a powerful entity, the Warrens find themselves caught in the most terrifying case of their lives.",22.5896,/wVYREutTvI2tmxr6ujrHT704wGF.jpg,2013-07-18,False,False,7.54,12734
False,/twsxsfao6ZOVvT8LfudH603MMi6.jpg,"[28, 16, 35, 10751, 878]",519182,Despicable Me 4,en,Despicable Me 4,"Gru and Lucy and their girls—Margo, Edith and Agnes—welcome a new member to the Gru family, Gru Jr., who is intent on tormenting his dad. Gru also faces a new nemesis in Maxime Le Mal and his femme fatale girlfriend Valentina, forcing the family to go on the run.",22.5092,/wWba3TaojhK7NdycRhoQpsG0FaH.jpg,2024-06-20,False,False,6.987,3213
False,/o3i6AfTcWAuNvzAUV3q5lOmi6Gx.jpg,"[16, 10751, 12, 18, 35]",150540,Inside Out,en,Inside Out,"When 11-year-old Riley moves to a new city, her Emotions team up to help her through the transition. Joy, Fear, Anger, Disgust and Sadness work together, but when Joy and Sadness get lost, they must journey through unfamiliar places to get back home.",21.9688,/2H1TmgdfNtsKlU9jKdeNyYL5y8T.jpg,2015-06-17,False,False,7.909,23475
False,/rDrZBtUAALP6AmJ4ILMgvUVU0s4.jpg,"[28, 35]",1631017,Karikaada,kn,ಕರಿಕಾಡ,"Divine love transforms Kaada's hunting heritage into an epic tale of adventure, action, and romance, leading him to abandon his former life.",18.238,/tL0skwRWivuNZHQD89baWynksct.jpg,2026-02-06,False,False,0.0,0
False,/tZiRd4IpoNiaoLXr2o2YfhTMjE2.jpg,"[12, 28]",662707,Starbright,en,Starbright,"A young woman becomes the guardian of a fallen star, which she must protect from dangerous forces with the help of a brave stranger.",20.7106,/m1Zl07DNYeSyNcz9hf8hDsS2oB5.jpg,2026-02-27,False,False,5.974,19
False,/w4bTBXcqXc2TUyS5Fc4h67uWbPn.jpg,[18],389,12 Angry Men,en,12 Angry Men,"The defense and the prosecution have rested and the jury is filing into the jury room to decide if a young Spanish-American is guilty or innocent of murdering his father. What begins as an open and shut case soon becomes a mini-drama of each of the jurors' prejudices and preconceptions about the trial, the accused, and each other.",22.4804,/zhG3vKWyDRaZYoaww1UVAi29T9h.jpg,1957-04-10,False,False,8.562,10019
False,/7Nwnmyzrtd0FkcRyPqmdzTPppQa.jpg,"[80, 18, 35]",106646,The Wolf of Wall Street,en,The Wolf of Wall Street,"A New York stockbroker refuses to cooperate in a large securities fraud case involving corruption on Wall Street, corporate banking world and mob infiltration. Based on Jordan Belfort's autobiography.",22.8854,/kW9LmvYHAaS9iA0tHmZVq8hQYoq.jpg,2013-12-25,False,False,8.028,25954
False,/s94NjfKkcSczZ1FembwmQZwsuwY.jpg,"[878, 12, 28]",617126,The Fantastic 4: First Steps,en,The Fantastic 4: First Steps,"Against the vibrant backdrop of a 1960s-inspired, retro-futuristic world, Marvel's First Family is forced to balance their roles as heroes with the strength of their family bond, while defending Earth from a ravenous space god called Galactus and his enigmatic Herald, Silver Surfer.",23.2887,/abqOz6EL3yXyOOafCPZxjL1M5bQ.jpg,2025-07-23,False,False,7.0,3378
False,/cK070s3Qdn1Ib7Gq8RgIyJKgvu3.jpg,"[18, 35]",77338,The Intouchables,fr,Intouchables,A true story of two men who should never have met – a quadriplegic aristocrat who was injured in a paragliding accident and a young man from the projects.,23.3655,/1QU7HKgsQbGpzsJbJK4pAVQV9F5.jpg,2011-11-02,False,False,8.271,18446
False,/otkJlfjB7zJ5h34FEIfemenMbCy.jpg,"[878, 28, 12, 53]",106,Predator,en,Predator,A team of elite commandos on a secret mission in a Central American jungle come to find themselves hunted by an extraterrestrial warrior.,19.6663,/k3mW4qfJo6SKqe6laRyNGnbB9n5.jpg,1987-06-12,False,False,7.557,9138
False,/6zKjoOOb3OZnZuiHtQZn4Kd69Gq.jpg,"[27, 53]",1197137,Black Phone 2,en,Black Phone 2,"Four years after defeating The Grabber, Finney Blake is struggling with life after captivity. When his younger sister Gwen begins receiving calls in her dreams from the Black Phone and seeing disturbing visions of three boys being stalked at a winter camp, the siblings become determined to solve the mystery and confront a killer who has grown more powerful in death and more significant to them than either could imagine.",22.2614,/gFddBLQ8wj9M9O82iPzgX5KVNHz.jpg,2025-10-15,False,False,6.69,1137
False,/qx9ts2hBYJrkIQxhryitxnLlm2u.jpg,"[12, 16, 10751, 14]",62177,Brave,en,Brave,"In the mystical Scottish Highlands, Merida is the princess of a kingdom ruled by King Fergus and Queen Elinor. An unruly daughter and an accomplished archer, Merida one day defies a sacred custom of the land and inadvertently brings turmoil to the kingdom. In an attempt to set things right, Merida seeks out an eccentric old Wise Woman and is granted an ill-fated wish. Also figuring into Merida's quest — and serving as comic relief — are the kingdom's three lords: the enormous Lord MacGuffin, the surly Lord Macintosh, and the disagreeable Lord Dingwall.",21.5842,/1XAuDtMWpL0sYSFK0R6EZate2Ux.jpg,2012-06-21,False,False,7.027,14176
False,/tId87yE7JnQsQsqOpnGXjz9PoEe.jpg,"[18, 35, 27]",329505,Lola's Secret,it,Il peccato di Lola,Young man has his dreams come true when the sexy new maid seduces him. But she also has a secret that leads to trouble.,23.485,/qaJ4iQngrLbyz9OgaQkJLppDN6m.jpg,1984-05-04,False,False,7.0,71
False,/mJDCrEFKHUqoZe4xyI8CE47pw7P.jpg,"[878, 9648, 53]",1101383,The End of Oak Street,en,The End of Oak Street,"After a mysterious cosmic event rips Oak Street from suburbia and transports their neighborhood to someplace unknown, the Platt family soon discovers that their very survival depends on them sticking together as they navigate their now unrecognizable surroundings.",19.566,/60bRdW7JTXTaSMFgLHjcoS1fXHh.jpg,2026-08-12,False,False,0.0,0
False,/wbQa0EnWUyRzQ5d1pHLNRlmsCUP.jpg,"[18, 10402, 53]",244786,Whiplash,en,Whiplash,"Under the direction of a ruthless instructor, a talented young drummer begins to pursue perfection at any cost, even his humanity.",22.5149,/7fn624j5lj3xTme2SgiLCeuedmO.jpg,2014-10-10,False,False,8.374,16645
False,/eJ0HooOOD1uzI39CfOQNWIiWKlJ.jpg,"[28, 18, 53]",1387382,Hunting Season,en,Hunting Season,"When a reclusive survivalist and his daughter rescue a mysterious, wounded woman from a river, they become entangled in a deadly web of violence and revenge, forcing them to confront a brutal criminal to survive.",22.1856,/cbryTyaWdqrKpQCw6K7zm2jrB5v.jpg,2025-12-05,False,False,6.936,234
False,,[27],687259,Ghost Stories,zh,镜花风月三之螺女挑情,,22.037,/m4ALMhsuqOOUkkABvgQWfrgoL8y.jpg,1982-01-01,False,False,6.2,2
False,/guDyp7hs2Klr31E6A4agyvThAOy.jpg,"[18, 35]",61823,The Ape Woman,it,La donna scimmia,A modest Neapolitan man meets a young woman with excessive hairiness. He exhibits her at fairs and marries her. It is after marriage that he receives a tempting offer from a French manager.,24.5624,/38avfcyrLqAzWE19jIpTnoQATZD.jpg,1964-01-31,False,False,7.3,59
False,/1YU6Hy3x7fUh7dfOzSfjifTp20g.jpg,"[28, 80, 53]",1242332,Normal,en,Normal,"An unassuming substitute sheriff with a troubled past responds to a bank robbery in a small, sleepy town and unknowingly uncovers something far more explosive.",22.3558,/17xQjvbcot0zhv8q2MnXGPzs8BR.jpg,2026-04-16,False,False,6.475,142
False,/5rxEnsgriw8z065q51lrvPKYmCL.jpg,"[10749, 18]",1367642,Reminders of Him,en,Reminders of Him,"When Diem's custodial grandparents adamantly refuse Kenna's attempts to see her daughter, Kenna discovers unexpected compassion, and then something truer and deeper, with former NFL player and local bar owner Ledger. As their secret romance develops, so do the dangers for both of them, leading Kenna toward heartbreak and, ultimately, the hope for a second chance.",19.9341,/7L6rceYgzQ0NeHD7PRDNrRoQ291.jpg,2026-03-11,False,False,7.734,293
False,/zADcOKcoplphgtTtXRtTEzzF0qC.jpg,"[18, 36]",1038918,Magistrate Woman Prison Collection II,ja,美女奉行 おんな牢秘抄II,,20.065,/i3Ouy0rMUHyKeHZV3PYl106OSwe.jpg,1995-09-21,False,False,6.0,1
False,/uIpJPDNFoeX0TVml9smPrs9KUVx.jpg,"[27, 9648]",574475,Final Destination Bloodlines,en,Final Destination Bloodlines,"Plagued by a violent recurring nightmare, college student Stefanie heads home to track down the one person who might be able to break the cycle and save her family from the grisly demise that inevitably awaits them all.",22.6965,/6WxhEvFsauuACfv8HyoVX6mZKFj.jpg,2025-05-14,False,False,7.039,2872
False,/ix6cbu5pHhba97mzYlQHjf81ofy.jpg,"[18, 27, 9648]",1497348,Alas Roban,id,Alas Roban,"The lives of Sita and her daughter, Gendis, change after a terrifying night. Their journey through Alas Roban is filled with fear and relentless terror. Can they uncover what's happening there?",21.3316,/84Az3SHKRJDg971KQ0j9nZWYTcf.jpg,2026-01-15,False,False,4.6,5
False,/9DclZBBDxMrbcqNS81Pjz8opZTW.jpg,"[27, 53, 80]",263472,Knock Knock,en,Knock Knock,"When a devoted husband and father is left home alone for the weekend, two stranded young women unexpectedly knock on his door for help. What starts out as a kind gesture results in a dangerous seduction and a deadly game of cat and mouse.",21.5248,/cUC4rUb1Cs2KMaZ6RD4uYUEEwls.jpg,2015-06-26,False,False,5.391,3488
False,/34jW8LvjRplM8Pv06cBFDpLlenR.jpg,"[28, 12, 878]",429617,Spider-Man: Far From Home,en,Spider-Man: Far From Home,"Peter Parker and his friends go on a summer trip to Europe. However, they will hardly be able to rest - Peter will have to agree to help Nick Fury uncover the mystery of creatures that cause natural disasters and destruction throughout the continent.",23.4968,/4q2NNj4S5dG2RLF9CpXsej7yXl.jpg,2019-06-28,False,False,7.396,16979
False,/498rpReyhXmgnaOEciluBmbBVHr.jpg,[],1137129,Pedro Had a Horse,pt,O Cavalo de Pedro,"While Pedro Américo denies having fabricated fake news, Paulo Setubal reveals the Emperor’s innermost secrets.",22.0548,/kCyMKMFxFQX3X6yFiUj67O50XLy.jpg,2023-11-10,False,False,7.0,1
False,,[28],935505,Female Teacher Punisher: Goddess of Revenge,ja,女教師仕置人　復讐の女神,"In the daytime, an ordinary high school girl's English teacher, but at night, the dynamite body of Super Lady Reiko, who defeats the villains who are infested in the world as an agent of a mysterious organization, explodes.",21.978,/z6T7ZsZ9hEx4ssmeTuQhizdhJ2t.jpg,1990-01-01,False,False,0.0,0
False,/mVr0UiqyltcfqxbAUcLl9zWL8ah.jpg,"[878, 18]",335984,Blade Runner 2049,en,Blade Runner 2049,"Thirty years after the events of the first film, a new blade runner, LAPD Officer K, unearths a long-buried secret that has the potential to plunge what's left of society into chaos. K's discovery leads him on a quest to find Rick Deckard, a former LAPD blade runner who has been missing for 30 years.",24.9252,/gajva2L0rPYkEWjzgFlBXCAVBE5.jpg,2017-10-04,False,False,7.595,15162
False,/gIClklFGYBe0uiOoiP2vtocJbss.jpg,"[878, 28, 53]",1236153,Mercy,en,Mercy,"In the near future, a detective stands on trial accused of murdering his wife. He has ninety minutes to prove his innocence to the advanced AI Judge he once championed, before it determines his fate.",21.897,/pyok1kZJCfyuFapYXzHcy7BLlQa.jpg,2026-01-19,False,False,7.033,1355
False,/1yktYsxkmUtUFTUnCAUaqG6FEiz.jpg,"[28, 53, 80]",541671,Ballerina,en,Ballerina,"Taking place during the events of John Wick: Chapter 3 – Parabellum, Eve Macarro begins her training in the assassin traditions of the Ruska Roma.",21.8794,/2VUmvqsHb6cEtdfscEA6fqqVzLg.jpg,2025-06-04,False,False,7.244,2637
False,/f4QIQvecRkKD5t7aPclyIr3SEP.jpg,"[53, 80, 27]",43947,I Spit on Your Grave,en,I Spit on Your Grave,"A beautiful woman from the city, Jennifer Hills, rents an isolated cabin in the country to write her latest novel. Soon, a group of local lowlifes subject her to a nightmare of degradation, rape, and violence.",19.816,/xDbNbIqsdA1D0W2gve2QRTp4z83.jpg,2010-06-17,False,False,6.51,2574
False,/3V4kLQg0kSqPLctI5ziYWabAZYF.jpg,"[878, 28, 12]",912649,Venom: The Last Dance,en,Venom: The Last Dance,"Eddie and Venom are on the run. Hunted by both of their worlds and with the net closing in, the duo are forced into a devastating decision that will bring the curtains down on Venom and Eddie's last dance.",21.6972,/vGXptEdgZIhPg3cGlc7e8sNPC2e.jpg,2024-10-22,False,False,6.67,4238
False,/3N5QNUqS76GFYNoEayfkkJyAyTN.jpg,"[35, 12, 14]",346698,Barbie,en,Barbie,"Barbie and Ken are having the time of their lives in the colorful and seemingly perfect world of Barbie Land. However, when they get a chance to go to the real world, they soon discover the joys and perils of living among humans.",23.6813,/iuFNMS8U5cb6xfzi51Dbkovj7vM.jpg,2023-07-19,False,False,6.922,11131
False,/v4nMZInciZQzNwsPJkeceh3bdpZ.jpg,"[18, 10749]",570595,Russian Nymphet: Temptation,ru,Русская нимфетка: искушение,A Russian teen turns the tables on her fashion photographer. Suddenly he doesn't like being the one on camera!,21.5923,/dYrocmJO2bCFI5aYkuaYogkrgmu.jpg,2004-11-28,False,False,5.6,27
False,/uNA0OVk09Hbwflye3eBoOiGIKGc.jpg,"[35, 18]",1336770,Vaazha II,ml,വാഴ II,"Four friends – Hashir, Alan, Ajin and Vinayak – are considered losers and troublemakers by parents, family and the school management. They face immense social pressure as they reach adulthood, embarking them on an emotional journey of self discovery and acceptance, where they finally learn to take up their responsibilities and find success.",21.5857,/1yLZ7kExd0UGGbaZW4LxmYD4OIf.jpg,2026-04-02,False,False,7.35,10
False,/3UbaCMmqOd7mca4Y5DOzY2ZVTyX.jpg,"[28, 12, 14]",122917,The Hobbit: The Battle of the Five Armies,en,The Hobbit: The Battle of the Five Armies,"Following Smaug's attack on Laketown, Bilbo and the dwarves try to defend Erebor's mountain of treasure from others who claim it: the men of the ruined Laketown and the elves of Mirkwood. Meanwhile an army of Orcs led by Azog the Defiler is marching on Erebor, fueled by the rise of the dark lord Sauron. Dwarves, elves and men must unite, and the hope for Middle-Earth falls into Bilbo's hands.",21.5579,/xT98tLqatZPQApyRmlPL12LtiWp.jpg,2014-12-10,False,False,7.334,15379
False,/g7CHF8gTLGooTbP4GznIGwaqAGL.jpg,"[10751, 16, 10402, 12]",354912,Coco,en,Coco,"Despite his family’s baffling generations-old ban on music, Miguel dreams of becoming an accomplished musician like his idol, Ernesto de la Cruz. Desperate to prove his talent, Miguel finds himself in the stunning and colorful Land of the Dead following a mysterious chain of events. Along the way, he meets charming trickster Hector, and together, they set off on an extraordinary journey to unlock the real story behind Miguel's family history.",22.1496,/6Ryitt95xrO8KXuqRGm1fUuNwqF.jpg,2017-10-27,False,False,8.198,20995
False,/cKvDv2LpwVEqbdXWoQl4XgGN6le.jpg,"[28, 878, 12]",1726,Iron Man,en,Iron Man,"After being held captive in an Afghan cave, billionaire engineer Tony Stark creates a unique weaponized suit of armor to fight evil.",19.9997,/78lPtwv72eTNqFW9COBYI0dWDJa.jpg,2008-04-30,False,False,7.66,28157
False,/eTlcNXGv32zkVI7ZDHhfeaKHXKQ.jpg,"[28, 9648, 878, 53]",198663,The Maze Runner,en,The Maze Runner,"A teenager with no memory of his past finds himself among a group of boys living in a walled enclosure surrounded by a massive, ever-changing maze. As he struggles to adapt to their rules and society, he begins to uncover clues that may lead to escape and the truth behind their confinement.",20.8708,/ode14q7WtDugFDp78fo9lCsmay9.jpg,2014-09-10,False,False,7.189,18117
False,/3cVrg7tzSf5AgEecYWDOSAzXAeX.jpg,"[27, 9648]",1408208,Exit 8,ja,８番出口,"A man trapped in an endless sterile subway passageway sets out to find Exit 8. The rules of his quest are simple: do not overlook anything out of the ordinary. If you discover an anomaly, turn back immediately. If you don’t, carry on. Then leave from Exit 8. But even a single oversight will send him back to the beginning. Will he ever reach his goal and escape this infinite corridor?",21.306,/nQXYTvm6AY4WmtcPskroqC7Skh.jpg,2025-08-28,False,False,6.736,439
False,/7Zx3wDG5bBtcfk8lcnCWDOLM4Y4.jpg,"[10751, 878, 35]",552524,Lilo & Stitch,en,Lilo & Stitch,The wildly funny and touching story of a lonely Hawaiian girl and the fugitive alien who helps to mend her broken family.,21.2482,/ckQzKpQJO4ZQDCN5evdpKcfm7Ys.jpg,2025-05-17,False,False,7.211,2171
False,/qdthf9WrRDSaIkGVQGhhJ9pz1hn.jpg,"[28, 16, 35, 10751]",9502,Kung Fu Panda,en,Kung Fu Panda,"Chosen by prophecy but doubted by all, Po is an unlikely choice for the mystical title of the Dragon Warrior—a clumsy panda thrust into the world of kung fu as a deadly enemy threatens the Valley of Peace. Under reluctant guidance by Master Shifu and the Furious Five, Po must embrace who he is to unlock the power that no scroll can teach.",20.2493,/wWt4JYXTg5Wr3xBW2phBrMKgp3x.jpg,2008-06-04,False,False,7.323,12647
False,/l8rKKMU2M9dDULO9CEtDNdWAEUJ.jpg,"[878, 27, 14]",1159831,The Bride!,en,The Bride!,A lonely Frankenstein travels to 1930s Chicago to ask groundbreaking scientist Dr. Euphronious to create a companion for him. The two revive a murdered young woman and The Bride is born. But what ensues is beyond what either of them imagined.,21.2114,/lV8YHwGkYZsm6EfIqnhaSz2avKt.jpg,2026-03-04,False,False,6.206,499
False,/31VpBgUX5O4Z3dn5ZbX8HLqoXH3.jpg,"[28, 27, 878]",72190,World War Z,en,World War Z,"Life for former United Nations investigator Gerry Lane and his family seems content. Suddenly, the world is plagued by a mysterious infection turning whole human populations into rampaging mindless zombies. After barely escaping the chaos, Lane is persuaded to go on a mission to investigate this disease. What follows is a perilous trek around the world where Lane must brave horrific dangers and long odds to find answers before human civilization falls.",20.0416,/aCnVdvExw6UWSeQfr0tUH3jr4qG.jpg,2013-06-19,False,False,6.835,16593
False,/xSaHpvDlDrndLeQB81isPEuge38.jpg,"[35, 27]",1217931,Vampires of the Velvet Lounge,en,Vampires of the Velvet Lounge,"A group of vampires confronts the challenges of adapting to contemporary society while grappling with their own mortality, all while engaged in a conflict with a dangerous enemy.",21.1955,/4uJcIW0PL4vNZvk0z6kwWdOqLv6.jpg,2026-03-20,False,False,6.8,5
False,/jhk6D8pim3yaByu1801kMoxXFaX.jpg,"[28, 18, 12]",98,Gladiator,en,Gladiator,"After the death of Emperor Marcus Aurelius, his devious son takes power and demotes Maximus, one of Rome's most capable generals who Marcus preferred. Eventually, Maximus is forced to become a gladiator and battle to the death against other men for the amusement of paying audiences.",19.8776,/wN2xWp1eIwCKOD0BHTcErTBv1Uq.jpg,2000-05-04,False,False,8.227,20927
False,/1ZruuRXztqC3QQybbgbVxVrdNjv.jpg,"[35, 10749]",1601797,¿Quieres ser mi novia?,es,¿Quieres ser mi novia?,"Javi and Lu's relationship faces dangerous territory as old and new temptations emerge: a young woman reigniting Javi's chemistry and a mature man pursuing Lu. Through humor, entanglements, and surprises, their love is tested.",19.8889,/oscW8xV8EhRYj7iAhyVlBohKqxo.jpg,2026-02-12,False,False,8.621,140
False,/4s2d3xdyqotiVNHTlTlJjrr3q0H.jpg,"[12, 10751, 16, 28, 35]",177572,Big Hero 6,en,Big Hero 6,"A special bond develops between plus-sized inflatable robot Baymax, and prodigy Hiro Hamada, who team up with a group of friends to form a band of high-tech heroes.",19.763,/2mxS4wUimwlLmI1xp6QW6NSU361.jpg,2014-10-24,False,False,7.725,16599
False,/ohUhHOqW8cM59Ay5UjqplLzJbH3.jpg,"[10749, 18]",1317672,Love Me Love Me,en,Love Me Love Me,"After her brother's death, June moves to Milan for a fresh start, finding comfort in Will, the perfect honor student at her new international school. But when his troubled best friend James—hiding a dangerous life in clandestine MMA fights—sparks a rivalry that quickly turns into irresistible attraction, June must choose between safety and a love that upends everything she thought she wanted.",19.8584,/jfwHKRHRE2X4NTexdzblaioHH51.jpg,2026-02-12,False,False,5.919,258
False,/fPfDB0IHOqvmKIzFP9CA51OOS1N.jpg,"[27, 53]",1010755,The Strangers: Chapter 3,en,The Strangers: Chapter 3,"Tethered by a frightening conclusion, Maya and the Strangers are locked on an unavoidable, unforgiving collision course — a showdown that proves they’re far from strangers now.",19.5051,/yPHwX78mcwJw3I6YOJ9qh2wQBFr.jpg,2026-02-05,False,False,5.801,196
False,/uNexK3QOe1mbAmVlFs7PqTCCBUG.jpg,"[28, 53]",1088434,Hellfire,en,Hellfire,A drifter with a mysterious past arrives in a small town and finds the residents in the grip of a ruthless crime boss and realizes he has to help them.,19.3765,/tQti9QTf13MfzNpXguijgNh7ojE.jpg,2026-05-14,False,False,4.25,4
False,/cbcpDn6XJaIGoOil1bKuskU8ds4.jpg,"[12, 14]",12445,Harry Potter and the Deathly Hallows: Part 2,en,Harry Potter and the Deathly Hallows: Part 2,"Harry, Ron and Hermione continue their quest to vanquish the evil Voldemort once and for all. Just as things begin to look hopeless for the young wizards, Harry discovers a trio of magical objects that endow him with powers to rival Voldemort's formidable skills.",20.3002,/c54HpQmuwXjHq2C9wmoACjxoom3.jpg,2011-07-12,False,False,8.1,22000
False,/qGPJ9AvOUpbpZjM6R7yqBDs4gsk.jpg,"[12, 35]",1145899,Marsupilami,fr,Marsupilami,"David is tasked to deliver a mysterious package from South America, only to find out he is carrying a baby Marsupilami!",20.3744,/rJNHFa07Id2ylQgw0ttzGwpeczE.jpg,2026-02-04,False,False,6.426,95
False,/eUERZRVjCTNdgnESlQxyaOJ2d4K.jpg,[28],1584215,The Internship,en,The Internship,"A CIA-trained assassin recruits other graduates from her secret childhood program, The Internship, to violently destroy the organization. The CIA fights back with deadly force.",18.5826,/fYqSOkix4rbDiZW0ACNnvZCpT6X.jpg,2026-01-13,False,False,6.2,77
False,/Ag4eANWzHEwC7rQVyvcGsL34ieP.jpg,"[10402, 18]",12104,Pink Floyd: The Wall,en,Pink Floyd: The Wall,A troubled rock star descends into madness in the midst of his physical and social isolation from everyone.,113.1919,/aElHyIdF5jmctFGhlhhaPFsbBJC.jpg,1982-07-14,False,False,7.93,1642
False,/8tDhIbueuM4PK9b1q0Rshzgovee.jpg,[18],258216,Nymphomaniac: Vol. I,en,Nymphomaniac: Vol. I,"A man named Seligman finds a fainted wounded woman in an alley and he brings her home. She tells him that her name is Joe and that she is nymphomaniac. Joe tells her life and sexual experiences with hundreds of men since she was a young teenager while Seligman tells about his hobbies, such as fly fishing, reading about Fibonacci numbers or listening to organ music.",19.3807,/piikL8vRh3s1ysHGTIqaZpdjfNU.jpg,2013-12-25,False,False,6.853,3662
False,/cEobq5QrnOJjO6giDs8q4RxmMKh.jpg,"[27, 878]",348,Alien,en,Alien,"During its return to the earth, commercial spaceship Nostromo intercepts a distress signal from a distant planet. When a three-member team of the crew discovers a chamber containing thousands of eggs on the planet, a creature inside one of the eggs attacks an explorer. The entire crew is unaware of the impending nightmare set to descend upon them when the alien parasite planted inside its unfortunate host is birthed.",20.7401,/vfrQk5IPloGg1v9Rzbh2Eg3VGyM.jpg,1979-05-25,False,False,8.17,16405
False,/9X7Im1YuBhyHYVD8r7CAONPJR5k.jpg,"[28, 878, 12]",68726,Pacific Rim,en,Pacific Rim,"Using massive piloted robots to combat the alien threat, earth's survivors take the fight to the invading alien force lurking in the depths of the Pacific Ocean. Nearly defenseless in the face of the relentless enemy, the forces of mankind have no choice but to turn to two unlikely heroes who now stand as earth's final hope against the mounting apocalypse.",20.8289,/8wo4eN8dWKaKlxhSvBz19uvj8gA.jpg,2013-07-11,False,False,6.93,13398
False,/nItaRm9Kaz7xVkcIaFmxjlnfrME.jpg,[53],1285959,The Passenger,en,The Passenger,"Hassan, a Somali-American airport shuttle driver in Minneapolis, is struggling to make ends meet. When Lloyd, a stranded twenty-something at the airport, offers to pay Hassan to take him overland to Chicago, it seems worth the risk. But as the realization grows that his passenger is not what he seems, Hassan finds himself trapped in a terrifying ride that he can’t escape, knowing that saving himself might put countless others in danger.",19.0141,/heFjHLMVmYZWC4uhvPNI0idckwU.jpg,2026-06-05,False,False,5.9,10
False,/tBRSSfgqOAq7YlG8udcoJIBm2FG.jpg,"[28, 53]",1213243,Toxic,kn,Toxic,"Set in a bygone era, this gripping tale unfolds in the coastal paradise of Goa, wherea powerful drug cartel pulls the strings behind a facade of sun-soaked beaches and vibrant culture.",19.5352,/fJBAfLiNfovSAb6KjkIndpF3Sm7.jpg,,False,False,0.0,0
False,/9AJ3GcCsUhoVn3czRU4yxVkSsDE.jpg,[99],1202285,Porn,fr,Porn,,21.282,/rbzySQcXmTvWOaaJAsFDlCjW8eG.jpg,2023-05-16,False,False,7.4,7
False,/8pwIhymsxfAVjrAE7syDjQULn37.jpg,"[16, 35, 10751, 12]",425,Ice Age,en,Ice Age,"Manny the mammoth, Sid the loquacious sloth, and Diego the sabre-toothed tiger go on a comical quest to return a human baby back to his father, across a world on the brink of an ice age.",19.2755,/gLhHHZUzeseRXShoDyC4VqLgsNv.jpg,2002-03-14,False,False,7.376,14306
False,/aI78JFBTG8M44HtytLdM73M5yRo.jpg,[18],1380126,Pin/Ya,tl,Pin/Ya,"A strong childhood bond between two girls grows into something more. Learning to play with fire as they explore their bodies, Pin and Aya soon learn that their feelings for each other are beyond friendship. With their friendship at stake, will they take a chance at love?",19.2385,/jGKreGg9s4ruL25UFt7budrGJfy.jpg,2024-12-06,False,False,5.7,9
False,/fiRDzpcJe7qz3yIR43hdXIE3NHv.jpg,"[53, 9648, 35]",812583,Wake Up Dead Man: A Knives Out Mystery,en,Wake Up Dead Man: A Knives Out Mystery,"When young priest Jud Duplenticy is sent to assist charismatic firebrand Monsignor Jefferson Wicks, it’s clear that all is not well in the pews. After a sudden and seemingly impossible murder rocks the town, the lack of an obvious suspect prompts local police chief Geraldine Scott to join forces with renowned detective Benoit Blanc to unravel a mystery that defies all logic.",17.0335,/qCOGGi8JBVEZMc3DVby8rUivyXz.jpg,2025-11-26,False,False,7.203,2509
False,/hiazLNa1UXuX35OTnMQRKOx3eTk.jpg,"[53, 80, 35]",1054867,One Battle After Another,en,One Battle After Another,"Washed-up revolutionary Bob exists in a state of stoned paranoia, surviving off-grid with his spirited, self-reliant daughter, Willa. When his evil nemesis resurfaces after 16 years and she goes missing, the former radical scrambles to find her, father and daughter both battling the consequences of his past.",19.5481,/lbBWwxBht4JFP5PsuJ5onpMqugW.jpg,2025-09-23,False,False,7.361,3756
False,/aXDiN09MD3XXCRI0rhJcxtL4s69.jpg,"[80, 9648, 53]",115724,Do You Know Me,en,Do You Know Me,"Ellie Carter is recently graduated and has it all. While celebrating with friend and boyfriend, she comes across a milk carton with a picture of a missing child that looks a lot like her. As a prank, they call the toll free number and she realizes that this person could be her. The more she finds out, the closer she gets to getting herself and beloved ones killed.",19.2654,/nsQPjGTUxSqupDaODIIQF9e1Fsy.jpg,2009-05-17,False,False,4.806,18
False,/iuRVt8tFiXDPGgzavhuSa3QHRxD.jpg,[35],18785,The Hangover,en,The Hangover,"When three friends finally come to after a raucous night of bachelor-party revelry, they find a baby in the closet and a tiger in the bathroom. But they can't seem to locate their best friend, Doug – who's supposed to be tying the knot. Launching a frantic search for Doug, the trio perseveres through a nasty hangover to try to make it to the church on time.",18.6435,/A0uS9rHR56FeBtpjVki16M5xxSW.jpg,2009-06-02,False,False,7.332,18113
False,/e5lxpaVyazQX723A3svR17WxckP.jpg,[18],519465,Queen of Hearts,da,Dronningen,"Anne, a brilliant and dedicated advocacy lawyer specialising in society’s most vulnerable, children and young adults, lives what appears to be the picture-perfect life with her doctor-husband, Peter, and their twin daughters. When her estranged teenage stepson, Gustav, moves in with them, Anne’s escalating desire leads her down a dangerous rabbit hole which, once exposed, unleashes a sequence of events destined to destroy her world.",21.0515,/dfFVDIgovEfQZn53VRKLV2JQnRJ.jpg,2019-03-27,False,False,6.91,378
False,/hWuHG6e6vM7YbNVW5Z0JcfhmxQq.jpg,[27],855435,Faces of Death,en,Faces of Death,"A woman, employed as a website content moderator, comes across a series of violent videos reproducing death scenes from a film.",18.4395,/vPVY3S57lEooBLJCg6KGdMHkUxm.jpg,2026-04-10,False,False,5.48,75
False,/vcrgU0KaNj5mKUCIQSUdiQwTE9y.jpg,"[12, 14]",12444,Harry Potter and the Deathly Hallows: Part 1,en,Harry Potter and the Deathly Hallows: Part 1,"Harry, Ron and Hermione walk away from their last year at Hogwarts to find and destroy the remaining Horcruxes, putting an end to Voldemort's bid for immortality. But with Harry's beloved Dumbledore dead and Voldemort's unscrupulous Death Eaters on the loose, the world is more dangerous than ever.",18.07,/iGoXIpQb7Pot00EEdwpwPajheZ5.jpg,2010-11-17,False,False,7.7,20392
False,/19EpgKZDkLIwY1TI1pjBJtQ5qdr.jpg,"[28, 14, 878]",9823,Mortal Kombat: Annihilation,en,Mortal Kombat: Annihilation,"A group of heroic warriors has only six days to save the planet in ""Mortal Kombat Annihilation."" To succeed they must survive the most spectacular series of challenges any human, or god, has ever encountered as they battle an evil warlord bent on taking control of Earth.",20.9124,/ttryglcY2osWZE3sRYBf3ewTZsW.jpg,1997-11-11,False,False,4.562,1347
False,/ehzI1mVcnHqB58NqPyQwpMqcVoz.jpg,"[28, 80, 53]",168259,Furious 7,en,Furious 7,Deckard Shaw seeks revenge against Dominic Toretto and his family for his comatose brother.,19.0161,/ktofZ9Htrjiy0P6LEowsDaxd3Ri.jpg,2015-04-01,False,False,7.219,11293
False,/35coF6nTlCHZoBdmH7AJX47RwY9.jpg,"[35, 27, 878]",1297446,Slanted,en,Slanted,"An insecure Chinese-American teenager undergoes experimental surgery to appear white, hoping to secure the prom queen title and peer acceptance.",15.9836,/cr2SfN854IlEoZQBtIfpyC0zXR5.jpg,2026-03-13,False,False,6.216,37
False,/gvLG3Fnznkxl4SmYfcK8gUuqxM8.jpg,"[28, 12, 878]",823464,Godzilla x Kong: The New Empire,en,Godzilla x Kong: The New Empire,"Following their explosive showdown, Godzilla and Kong must reunite against a colossal undiscovered threat hidden within our world, challenging their very existence – and our own.",19.9979,/z1p34vh7dEOnLDmyCrlUVLuoDzd.jpg,2024-03-27,False,False,7.048,4686
False,/aCHn2TXYJfzPXQKA6r9mKPbMlUB.jpg,"[35, 18]",37165,The Truman Show,en,The Truman Show,"In a picture-perfect seaside town, an insurance salesman begins to realize that his entire existence may be staged and observed by a vast unseen audience as part of a long-running real-time reality TV show.",20.5382,/vuza0WqY239yBXOadKlGwJsZJFE.jpg,1998-06-04,False,False,8.153,20257
False,/wNAfVj1ObGNye5fQM4tJXJGtU0.jpg,"[53, 28, 80]",156022,The Equalizer,en,The Equalizer,"McCall believes he has put his mysterious past behind him and dedicated himself to beginning a new, quiet life. But when he meets Teri, a young girl under the control of ultra-violent Russian gangsters, he can’t stand idly by – he has to help her. Armed with hidden skills that allow him to serve vengeance against anyone who would brutalize the helpless, McCall comes out of his self-imposed retirement and finds his desire for justice reawakened. If someone has a problem, if the odds are stacked against them, if they have nowhere else to turn, McCall will help. He is The Equalizer.",19.5767,/9u4yW7yPA0BQ2pv9XwiNzItwvp8.jpg,2014-09-24,False,False,7.287,9957
False,/vGjUCw8pKjYi1dq2hwC5kdqkLhs.jpg,"[18, 10749]",107257,A Perfect Ending,en,A Perfect Ending,"This intimate drama follows Rebecca, a woman who has kept her sexuality a secret from her friends but chooses to reveal it to a stranger. While Rebecca's revelations may not yield the results she expects, a perfect ending is still in reach.",18.008,/mjwWEwE1xdbtFGCOgeXi5jvQnOU.jpg,2012-06-01,False,False,6.239,138
False,,"[18, 36]",1692948,Chardikala,pa,ਚੜਦੀਕਲਾ,"The film follows story of Bibi Bimal Kaur a mother and a wife who is falsely implicated in a major incident, leading to her being abandoned by society. She finds refuge in Punjab, where she moves from being a victim to a leader, ultimately",18.1527,/haTgVHRQ1pfCwIiU8MDI2qt30HV.jpg,2026-05-29,False,False,0.0,0
False,/Ae2fAp4SjKVsobi2RTb0Xl8yoY1.jpg,"[18, 28, 53]",13333,Game of Death,cn,死亡遊戲,A martial arts movie star must fake his death to find the people who are trying to kill him.,15.2517,/c6jgLHaQpdIPH1rC94KkjAqgE7O.jpg,1978-03-23,False,False,6.4,732
False,/ru0r5MYhIwcU0IddhRLqJpIPkiV.jpg,"[18, 80, 9648]",1191876,From the Ashes,en,From the Ashes,"Jailed for her husband's crime, a woman discovers that her only way out is to solve riddles from her mysterious past.",18.9803,/aEUH2ECoZHvSmoMzJpca0STF2CZ.jpg,2027-06-01,False,False,0.0,0
False,/10MiMMNzWeE53cHhSlfroPiO8vi.jpg,"[28, 10752, 53]",1223601,Sisu: Road to Revenge,fi,Sisu 2,"Returning to the house where his family was brutally murdered during the war, ""the man who refuses to die"" dismantles it, loads it on a truck, and is determined to rebuild it somewhere safe in their honor. When the commander who killed his family comes back hellbent on finishing the job, a relentless, eye-popping cross-country chase ensues.",17.7818,/roCMOuMQ55Z2TxVx1vZZTevlo0n.jpg,2025-10-21,False,False,7.289,777
False,/kARonxQpuSZdFraTKlCThWOBCtu.jpg,[35],38365,Grown Ups,en,Grown Ups,"After their high school basketball coach passes away, five good friends and former teammates reunite for a Fourth of July holiday weekend.",18.8364,/cQGM5k1NtU85n4TUlrOrwijSCcm.jpg,2010-06-24,False,False,6.419,6691
False,/5bzPWQ2dFUl2aZKkp7ILJVVkRed.jpg,"[12, 35, 878]",105,Back to the Future,en,Back to the Future,"Eighties teenager Marty McFly is accidentally sent back in time to 1955, inadvertently disrupting his parents' first meeting and attracting his mother's romantic interest. Marty must repair the damage to history by rekindling his parents' romance and - with the help of his eccentric inventor friend Doc Brown - return to 1985.",19.6839,/vN5B5WgYscRGcQpVhHl6p9DDTP0.jpg,1985-07-03,False,False,8.326,21843
False,/au3o84ub27qTZiMiEc9UYzN74V3.jpg,"[28, 878, 53]",1035048,Elevation,en,Elevation,"Post-apocalyptic survivors find refuge in the Rocky Mountains to hide from giant, insect-like creatures that can't live above 8,000 feet. However, when one of them needs life-saving supplies, they risk it all to venture into the danger zone.",24.0839,/tnfc0NJ3BzhJrGJhkkEd6MHBdq5.jpg,2024-11-07,False,False,6.405,979
False,/w1oD1MzHjnBJc5snKupIQaSBLIh.jpg,"[28, 12, 878]",559,Spider-Man 3,en,Spider-Man 3,"The seemingly invincible Spider-Man goes up against an all-new crop of villains—including the shape-shifting Sandman. While Spider-Man’s superpowers are altered by an alien organism, his alter ego, Peter Parker, deals with nemesis Eddie Brock and also gets caught up in a love triangle.",19.5871,/qFmwhVUoUSXjkKRmca5yGDEXBIj.jpg,2007-05-01,False,False,6.461,15233
False,/drRxbu2OHG0DEENptZ8wI5f0uEU.jpg,"[878, 28, 35]",1119449,"Good Luck, Have Fun, Don't Die",en,"Good Luck, Have Fun, Don't Die",A 'Man from the Future' arrives at an LA diner where he must recruit the precise combination of disgruntled patrons to join him on a one-night quest to save the world from the terminal threat of a rogue artificial intelligence.,17.3002,/rWcfOdY7TU6lTdazWj0ebDZnAfO.jpg,2026-02-13,False,False,6.876,512
False,/xgDj56UWyeWQcxQ44f5A3RTWuSs.jpg,"[16, 35, 10751, 14]",2062,Ratatouille,en,Ratatouille,"Remy, a rat, possesses a palate far more refined than that of his fellow comrades. He dreams of becoming a chef, one who creates rather than scavenges. When fate deposits him in the sewers beneath one of Paris’s most famous restaurants, he finds himself ideally placed to fulfill his dream. Forming an unusual alliance with a hapless young kitchen worker, Remy begins a daring culinary double life.  As Remy pursues his vision, he must navigate the suspicions of the calculating Head Chef Skinner, the disapproval of Remy’s own colony, and the foreboding presence of renowned food critic Anton Ego, who strikes fear in the hearts of chefs all throughout France.",19.9784,/t3vaWRPSf6WjDSamIkKDs1iQWna.jpg,2007-06-28,False,False,7.842,18495
False,/eCynaAOgYYiw5yN5lBwz3IxqvaW.jpg,"[16, 10751, 12]",12,Finding Nemo,en,Finding Nemo,"Nemo, an adventurous young clownfish, is unexpectedly taken from his Great Barrier Reef home to a dentist's office aquarium. It's up to his worrisome father Marlin and a friendly but forgetful fish Dory to bring Nemo home -- meeting vegetarian sharks, surfer dude turtles, hypnotic jellyfish, hungry seagulls, and more along the way.",19.164,/5lc6nQc0VhWFYFbNv016xze8Jvy.jpg,2003-05-30,False,False,7.819,20574
False,/vDR2h5uQNgWyx3fsEVnEOcNFibZ.jpg,"[53, 80, 10770]",801335,Girl in the Basement,en,Girl in the Basement,"Sara is a teen girl who is looking forward to her 18th birthday to move away from her controlling father Don. But before she could even blow out the candles, Don imprisons her in the basement of their home.",17.2769,/tPP9n6r5QrIKPnshnJqE7klptj2.jpg,2021-02-27,False,False,7.6,863
False,/kIBK5SKwgqIIuRKhhWrJn3XkbPq.jpg,"[28, 12, 878]",99861,Avengers: Age of Ultron,en,Avengers: Age of Ultron,"When Tony Stark tries to jumpstart a dormant peacekeeping program, things go awry and Earth’s Mightiest Heroes are put to the ultimate test as the fate of the planet hangs in the balance. As the villainous Ultron emerges, it is up to The Avengers to stop him from enacting his terrible plans, and soon uneasy alliances and unexpected action pave the way for an epic and unique global adventure.",19.6162,/4ssDuvEDkSArWEdyBl2X5EHvYKU.jpg,2015-04-22,False,False,7.273,24455
False,/ze6Mx4QE5mQVXRYmG2flncqqle4.jpg,"[12, 14]",767,Harry Potter and the Half-Blood Prince,en,Harry Potter and the Half-Blood Prince,Dumbledore tries to prepare Harry for the final battle with Voldemort while Death Eaters wreak havoc in both Muggle and Wizard worlds.,17.9659,/z7uo9zmQdQwU5ZJHFpv2Upl30i1.jpg,2009-07-15,False,False,7.7,20802
False,/jr8tSoJGj33XLgFBy6lmZhpGQNu.jpg,"[16, 12, 14, 35, 10751]",315162,Puss in Boots: The Last Wish,en,Puss in Boots: The Last Wish,"Puss in Boots discovers that his passion for adventure has taken its toll: He has burned through eight of his nine lives, leaving him with only one life left. Puss sets out on an epic journey to find the mythical Last Wish and restore his nine lives.",19.2338,/kuf6dutpsT0vSVehic3EZIqkOBt.jpg,2022-12-07,False,False,8.206,8845
False,/hkAVgWvAMmM8tj9CDEvGqMdNQBE.jpg,"[35, 14]",72105,Ted,en,Ted,"John Bennett, a man whose childhood wish of bringing his teddy bear to life came true, now must decide between keeping the relationship with the bear or his girlfriend, Lori.",18.9663,/1QVZXQQHCEIj8lyUhdBYd2qOYtq.jpg,2012-06-29,False,False,6.453,13195
False,/jQ89PbSNQ1mcd4YZiaLsiIaflFM.jpg,"[35, 10751]",1440050,The Breadwinner,en,The Breadwinner,After his wife Katie lands a once-in-a-lifetime deal on Shark Tank that takes her on a prolonged business trip - lifelong breadwinner Nate Wilcox now has to fend for his family as a first-time stay-at-home dad.,19.7796,/4apG9Xk6HQvV48JKEjSUeiebju7.jpg,2026-05-28,False,False,6.75,4
False,/nyW8YdrnSYtmTE9hgrpmGqkKw5b.jpg,[18],1658216,Stepdaddy,tl,Stepdaddy,Emotions and intrigue run high in this titillating taboo family affair. Chloe and Nica are sisters who both find themselves in their own passionate love affairs with their stepdad Carl.,22.9707,/oZxNblisKuDzSUW5g18FERjyJs9.jpg,2026-04-04,False,False,5.3,3
False,/wspOfgFVJde2jjD4vlIqy5Jc3yy.jpg,[18],1669057,Check-In,tl,Check-In,"VMX hottest star Aliya Raymundo teams up with sexy siren Anya Austria as two receptionists in a cheap motel. Their quiet routine heats up with the arrival of a mysterious regular guest who begins to stir tension, desire, and conflict in their fragile relationship.",19.0378,/r7tXZoO3rfkOpYQPCXftwugwny9.jpg,2026-05-01,False,False,5.0,2
False,/oJ1MIABA0WF0a7MDVQnnMvBdex8.jpg,"[27, 35]",567609,Ready or Not,en,Ready or Not,A young bride's wedding night turns into her worst nightmare when her ridiculously rich in-laws force her to play a gruesome game of hide-and-seek.,17.3312,/oJD9KQFoObZmxAS1je56SIFVNJt.jpg,2019-08-21,False,False,7.071,5499
False,/kHJlXiwxcMAf9R934f0ncEBAMXg.jpg,"[10749, 18]",1252309,Tell Me What You Want,es,Pídeme lo que quieras,"After his father's death, Eric Zimmerman travels to Spain to oversee his company's branches. In Madrid, he falls for Judith and engage in an intense, erotic relationship full of exploration. However, Eric fears his secret may end their affair.",18.4307,/yZXYCiZQPB7Ui6D5206W1zDKv8P.jpg,2024-11-29,False,False,6.153,291
False,/vgGcmZWWjxYanOrPxxIoijZqCtQ.jpg,"[35, 53]",467905,How to Make a Killing,en,How to Make a Killing,"Disowned at birth by his obscenely wealthy family, blue-collar Becket Redfellow will stop at nothing to reclaim his inheritance, no matter how many relatives stand in his way.",19.3454,/vxMeKC7o5Gi8IHMi6lUgsdprTqv.jpg,2026-02-16,False,False,7.062,426
False,/jJJQ1PPXUEchqyZ9YyWzgSNU39Z.jpg,"[28, 80, 53]",581528,"The Gangster, the Cop, the Devil",ko,악인전,"After barely surviving a brutal attack by a sadistic serial killer, crime boss Jang Dong-su is left humiliated. Determined to catch the killer known as K, he forms an uneasy alliance with Jung Tae-seok, a relentless and incorruptible detective who often disrupts his illegal business. However, while Jang Dong-su wants K dead, Jung Tae-suk is determined to bring him to justice. With a deal in place—whoever finds K first will decide his fate—the hunt begins, blurring the lines between crime and law.",17.6435,/oHlM4abRm6BzrRcz9Nup1uidw9H.jpg,2019-05-15,False,False,7.864,1476
False,/hlfu6g0h0D65SjkVhQBU20zePTl.jpg,"[28, 12, 14, 16]",1357633,Solo Leveling -ReAwakening-,ja,俺だけレベルアップな件 -ReAwakening-,"Over a decade after 'gates' connecting worlds appeared, awakening 'hunters' with superpowers, weakest hunter Sung Jinwoo encounters a double dungeon and accepts a mysterious quest, becoming the only one able to level up, changing his fate. A catch-up recap of the first season coupled with an exclusive sneak peek of the first two episodes of the highly anticipated second season in one momentous theatrical fan experience.",19.0719,/dblIFen0bNZAq8icJXHwrjfymDW.jpg,2024-11-26,False,False,7.16,272
False,/quMadsmJAFKGd6UpCFwxtlrVxPF.jpg,"[12, 10749, 18]",1673393,Krishnavataram Part 1: The Heart (Hridayam),hi,कृष्णावतरम भाग 1: हृदय (हृदयम्),"An epic devotional narrative that reimagines the journey of Lord Krishna, tracing his path from Dwarka to Kurukshetra after parting ways with Radha. As his journey unfolds, it explores his connection with people, his layered personality, and the lessons he imparts about love and life.",17.0247,/7AxJYvPWLlNiGH52A9eenDxQzu8.jpg,2026-05-07,False,False,8.8,5
False,/8gT3UKtglLVpu0YfccwbmXZ5Eis.jpg,"[18, 35]",20453,3 Idiots,hi,3 Idiots,"Rascal. Joker. Dreamer. Genius... You've never met a college student quite like ""Rancho."" From the moment he arrives at India's most prestigious university, Rancho's outlandish schemes turn the campus upside down—along with the lives of his two newfound best friends. Together, they make life miserable for ""Virus,"" the school’s uptight and heartless dean. But when Rancho catches the eye of the dean's daughter, Virus sets his sights on flunking out the ""3 idiots"" once and for all.",18.7165,/66A9MqXOyVFCssoloscw79z8Tew.jpg,2009-12-23,False,False,8.0,2712
False,/4OZznMYFmQPP4orKgbLaWRyYmBb.jpg,"[878, 28, 12]",1003596,Avengers: Doomsday,en,Avengers: Doomsday,Beloved heroes from three distinct universes are set on a deadly collision course and face an existential threat unlike anything they've ever encountered.,17.8382,/8HkIe2i4ScpCkcX9SzZ9IPasqWV.jpg,2026-12-16,False,False,0.0,0
False,/vVSqliCrNmsnvgK4I8V3KmDfGfo.jpg,"[35, 18]",1389727,Solos,es,Solos,,16.2868,/wRBtljl5LqWGzTzp9W6Z3l8tb78.jpg,2026-03-07,False,False,6.2,5
False,/9tI2BBfTPK4pbYxaQZ16Thca9L9.jpg,"[18, 53, 10770]",530442,"My Teacher, My Obsession",en,"My Teacher, My Obsession","Riley is struggling to make friends after transferring to a new high school where her father, Chris, is an English teacher. When she meets Kyla, they quickly becomes close friends. However, the friendship takes a strange turn when Riley learns that Kyla is obsessed with her dad. Will Kyla successfully seduce Chris and start a twisted new life with him by removing everyone in her path, or will Riley be able to save her father from Kyla’s treacherous plot before it’s too late?",18.6591,/yh06bjJTNu45xyVgpv0wXuWvkgN.jpg,2018-06-12,False,False,4.9,109
False,/iVped1djsF0tvGkvnHbzsE3ZPTF.jpg,"[28, 12, 878]",68721,Iron Man 3,en,Iron Man 3,"When Tony Stark's world is torn apart by a formidable terrorist called the Mandarin, he starts an odyssey of rebuilding and retribution.",19.0673,/qhPtAc1TKbMPqNvcdXSOn9Bn7hZ.jpg,2013-04-18,False,False,6.933,23441
False,/yJi6g0CnsqANLNuVaRX28tZxeHX.jpg,"[27, 9648]",1193501,Whistle,en,Whistle,"A misfit group of unwitting high school students stumble upon a cursed object, an ancient Aztec Death Whistle. They discover that blowing the whistle and the terrifying sound it emits will summon their future deaths to hunt them down.",15.8208,/vgonf5kGsiijUBjzxKTvechhT28.jpg,2026-01-20,False,False,6.292,448
False,/iWak7wT0j6ycCc8lKr4NBz9c7n5.jpg,"[9648, 53, 18]",210577,Gone Girl,en,Gone Girl,"With his wife's disappearance having become the focus of an intense media circus, a man sees the spotlight turned on him when it's suspected that he may not be innocent.",18.8196,/ts996lKsxvjkO2yiYG0ht4qAicO.jpg,2014-10-01,False,False,7.89,19990
False,/1jHxkVXMI5s3vRiyiZooUy1shB5.jpg,"[12, 14, 28]",285,Pirates of the Caribbean: At World's End,en,Pirates of the Caribbean: At World's End,"After losing Captain Jack Sparrow to the locker of Davy Jones, Will Turner, Elizabeth Swann, and Captain Barbossa journey to the ends of the earth to rescue him. And as the East India Trading Company tightens its grip on the seas under Lord Cutler Beckett—now in control of Davy Jones—the fate of piracy hangs by a thread. Now, they must unite the pirate lords for one final stand. But as loyalties are tested and alliances shift, each must ultimately choose where they stand in the battle for freedom on the high seas.",19.0319,/jGWpG4YhpQwVmjyHEGkxEkeRf0S.jpg,2007-05-19,False,False,7.272,15477
False,/zIOBTZAqGwdKnOb5c6SvzxP7x86.jpg,"[53, 10749]",1446616,Tu Yaa Main,hi,तू या मैं,"A wannabe rapper from the outskirts of Mumbai and an affluent influencer elope to a coastal town, only to find themselves trapped in the pool of a derelict resort fighting for survival against the wrath of a ferocious crocodile.",16.6163,/nUPnA0I1MTaZRVCsUQc5DS5JA8W.jpg,2026-02-11,False,False,6.456,45
False,/28RCF4E94E9U7W4nBzpUWnoS2HJ.jpg,[18],63319,Belle épine,fr,Belle épine,"After the death of her mother, 17-year-old Prudence finds herself living alone in her Paris apartment.  Then she meets Maryline, a rebel of her own age, who introduces her to the thrills of motorcycle racing on the biker circuit at Rungis.  Prudence’s newfound lease of freedom becomes complicated when she falls for a boy Franck who wastes no time in taking advantage of her naivety...",16.276,/22MXstSxbiKCjAqHHmNkxvZEYIp.jpg,2010-11-10,False,False,5.4,56
False,/lU1fQews2gye23PocVE48CsTmOQ.jpg,"[28, 18, 10749, 53]",4588,"Lust, Caution",zh,色‧戒,"During World War II, a secret agent must seduce and assassinate an official who works for the Japanese puppet government in Shanghai.",18.0176,/6c1tqfJEBuIyhQC19SLlLQAUAvJ.jpg,2007-09-24,False,False,7.274,805
False,/uorMP2U1F0AfogYMz4lYu2EbgYo.jpg,"[53, 12, 28, 878]",524047,Greenland,en,Greenland,"John Garrity, his estranged wife and their young son embark on a perilous journey to find sanctuary as a planet-killing comet hurtles toward Earth. Amid terrifying accounts of cities getting levelled, the Garritys experience the best and worst in humanity. As the countdown to the global apocalypse approaches zero, their incredible trek culminates in a desperate and last-minute flight to a possible safe haven.",18.1088,/bNo2mcvSwIvnx8K6y1euAc1TLVq.jpg,2020-07-29,False,False,7.13,5324
False,/weAYfu6FfrNxEDJ3xH1XpgQcqUv.jpg,"[14, 18, 10749]",8966,Twilight,en,Twilight,"When Bella Swan moves to a small town in the Pacific Northwest, she falls in love with Edward Cullen, a mysterious classmate who reveals himself to be a 108-year-old vampire. Despite Edward's repeated cautions, Bella can't stay away from him, a fatal move that endangers her own life.",18.2646,/3Gkb6jm6962ADUPaCBqzz9CTbn9.jpg,2008-11-20,False,False,6.281,14415
False,/i2GPnSwsdxHtI19e7gZwFVndpqg.jpg,"[28, 18]",1511417,Bāhubali: The Epic,te,Bāhubali: The Epic,"When a mysterious child is found by a tribal couple near a roaring waterfall, they raise him as their own. As he grows, Sivudu is drawn to the world beyond the cliffs, where he discovers the ancient kingdom of Mahishmati, ruled by a cruel tyrant, haunted by rebellion, and bound to his past. What begins as a quest for love soon unravels a legacy of betrayal, sacrifice, and a forgotten prince.",17.662,/z9YIo2qscyaXYgRqIdRJtND3bw8.jpg,2025-10-29,False,False,6.184,38
False,/en971MEXui9diirXlogOrPKmsEn.jpg,"[28, 12, 35]",293660,Deadpool,en,Deadpool,"The origin story of former Special Forces operative turned mercenary Wade Wilson, who, after being subjected to a rogue experiment that leaves him with accelerated healing powers, adopts the alter ego Deadpool. Armed with his new abilities and a dark, twisted sense of humor, Deadpool hunts down the man who nearly destroyed his life.",18.7932,/3E53WEZJqP6aM84D8CckXx4pIHw.jpg,2016-02-09,False,False,7.624,32768
False,/zdXnJqBaGFVtLoPNuMeKfEYUViZ.jpg,"[10749, 18]",11036,The Notebook,en,The Notebook,"An epic love story centered around an older man who reads aloud to a woman with Alzheimer's. From a faded notebook, the old man's words bring to life the story about a couple who is separated by World War II, and is then passionately reunited, seven years later, after they have taken different paths.",18.0806,/rNzQyW4f8B8cQeg7Dgj3n6eT5k9.jpg,2004-06-25,False,False,7.888,12558
False,/8itHQecANtOevcCdr3AhVxFCYkw.jpg,"[18, 28, 12, 36, 10752]",1495,Kingdom of Heaven,en,Kingdom of Heaven,"After his wife dies, a blacksmith named Balian is thrust into royalty, political intrigue and bloody holy wars during the Crusades.",24.6646,/rNaBe4TwbMef71sgscqabpGKsxh.jpg,2005-05-03,False,False,7.0,4978
False,/mguy0nefEUY7NKruffpLO3Stj3d.jpg,"[10749, 18, 10402]",1241634,Saiyaara,hi,सैयारा,"Two artistic souls find harmony through music despite their contrasting worlds. As feelings deepen, age and circumstances challenge their undeniable bond.",17.1103,/hQBIsi3ZfBYEayMc3GhcEmJVkss.jpg,2025-07-18,False,False,6.411,140
False,/5jhG1lTgV0MS6tDkBMQSSitttTT.jpg,[18],1402,The Pursuit of Happyness,en,The Pursuit of Happyness,A struggling salesman takes custody of his son as he's poised to begin a life-changing professional career.,17.7643,/lBYOKAMcxIvuk9s9hMuecB9dPBV.jpg,2006-12-14,False,False,7.886,10602
False,/egVj5Y9f79xPnyAQJmeDR0Uwow3.jpg,"[53, 18, 10749]",2251,Unfaithful,en,Unfaithful,A New York suburban couple's marriage goes dangerously awry when the wife indulges in an adulterous fling.,17.509,/bjiHEhuiwhIygzjczbTPAA07cGc.jpg,2002-05-10,False,False,6.7,1724
False,/pkxPkHOPJjOvzfQOclANEBT8OfK.jpg,"[12, 14]",675,Harry Potter and the Order of the Phoenix,en,Harry Potter and the Order of the Phoenix,"When a new professor's methods leave Hogwarts unprepared to fight the rising tide of evil, Harry teaches students how to defend against the dark arts.",24.9587,/5aOyriWkPec0zUDxmHFP9qMmBaj.jpg,2007-07-08,False,False,7.672,20817
False,/q7ZgPZIqSYm3UlrdCldkYzjGOCI.jpg,"[53, 36, 10752]",1318413,Pressure,en,Pressure,"In the tense 72 hours before D-Day, and the fate of the free world hanging in the balance, General Dwight D. Eisenhower and Captain James Stagg face an impossible choice—launch the largest and most dangerous seaborne invasion in history or risk losing the war altogether.",18.1384,/9RkDrI8V8QJBjhtyRX7y6Qow3aq.jpg,2026-05-25,False,False,7.9,15
False,/v1dh11Yox9uMRNtE5lTe9WkXJeR.jpg,"[12, 28, 14]",1865,Pirates of the Caribbean: On Stranger Tides,en,Pirates of the Caribbean: On Stranger Tides,"When Jack crosses paths with a woman from his past, he's not sure if it's love...or if she's a ruthless con artist using him to find the fabled Fountain of Youth.",18.502,/keGfSvCmYj7CvdRx36OdVrAEibE.jpg,2011-05-15,False,False,6.571,14967
False,/u1c2DAXhpyAwFK8zljcMc4FFEc3.jpg,"[35, 10402, 18]",1284016,Power Ballad,en,Power Ballad,"When Rick, a past-his-prime wedding singer, meets fading boy-band star Danny during a gig, the two bond over music and a late-night jam session. But when Danny turns one of Rick’s songs into the hit that reignites his career, Rick sets out to reclaim the recognition he believes he deserves - even if it means risking everything he cares about.",18.2006,/lsDLLagSIyTu0Gi06QjVKDp2LI2.jpg,2026-05-18,False,False,6.8,10
False,/xyXmtuvsoM5J3yNad0nvcetpBdY.jpg,"[12, 14, 28]",49051,The Hobbit: An Unexpected Journey,en,The Hobbit: An Unexpected Journey,"Bilbo Baggins, a hobbit enjoying his quiet life, is swept into an epic quest by Gandalf the Grey and thirteen dwarves who seek to reclaim their mountain home from Smaug, the dragon.",17.9748,/yHA9Fc37VmpUA5UncTxxo3rTGVA.jpg,2012-12-12,False,False,7.375,19655
False,/8eifdha9GQeZAkexgtD45546XKx.jpg,"[28, 53, 878]",822119,Captain America: Brave New World,en,Captain America: Brave New World,"After meeting with newly elected U.S. President Thaddeus Ross, Sam finds himself in the middle of an international incident. He must discover the reason behind a nefarious global plot before the true mastermind has the entire world seeing red.",19.0932,/pzIddUEMWhWzfvLI3TwxUG2wGoi.jpg,2025-02-12,False,False,5.976,3102
False,/hO7KbdvGOtDdeg0W4Y5nKEHeDDh.jpg,"[80, 53, 18]",475557,Joker,en,Joker,"During the 1980s, a failed stand-up comedian is driven insane and turns to a life of crime and chaos in Gotham City while becoming an infamous psychopathic crime figure.",21.5069,/udDclJoHjfjb8Ekgsd4FDteOkCU.jpg,2019-10-01,False,False,8.125,27751
False,/bIUaCtWaRgd78SnoHJDI8TNf7Sd.jpg,"[12, 28, 878]",181808,Star Wars: The Last Jedi,en,Star Wars: The Last Jedi,"Rey develops her newly discovered abilities with the guidance of Luke Skywalker, who is unsettled by the strength of her powers. Meanwhile, the Resistance prepares to do battle with the First Order.",20.0694,/ySaaKHOLAQU5HoZqWmzDIj1VvZ1.jpg,2017-12-13,False,False,6.751,16349
False,/zeCuk7kwfhzRZMN2KoYTYODgpU3.jpg,"[53, 18, 9648]",1381027,Good Boy,en,Good Boy,"Tommy, a volatile 19-year-old, revels in drugs, parties and violence. After getting separated from his friends on a drunken bender, he is abducted by a shadowy figure. He wakes to find himself imprisoned in the basement of a remote Yorkshire house, inhabited by a very strange family. But what unfolds is not what he could possibly expect.",15.4482,/nXWewAZxRAr9jYNe2uypLlyPehl.jpg,2026-03-06,False,False,7.3,104
False,/8HbNKB2pMiD3mfLgbxe7DgAKjdS.jpg,[27],1173559,Insidious Inferno,en,Insidious Inferno,A secluded cottage is plagued by gruesome murders and unbeknownst to the inhabitants something other worldly lurks within the halls. Can the couple solve the mystery of the cursed grounds in time or will they open the door to the inferno?,16.6114,/8kljUAovBatZRYp2ye2RZr239hU.jpg,2024-11-29,False,False,5.4,20
False,/mufF1aYvwdpKerhq5R1YrVcbJLY.jpg,"[27, 53, 9648]",539,Psycho,en,Psycho,"When larcenous real estate clerk Marion Crane goes on the lam with a wad of cash and hopes of starting a new life, she ends up at the notorious Bates Motel, where manager Norman Bates cares for his housebound mother.",17.8762,/yz4QVqPx3h1hD1DfqqQkCq3rmxW.jpg,1960-06-22,False,False,8.413,11002
False,/pUNfHmVqfwRdILhCkU8TdysVOXo.jpg,"[878, 12, 28]",533533,TRON: Ares,en,TRON: Ares,"A highly sophisticated Program called Ares is sent from the digital world into the real world on a dangerous mission, marking humankind's first encounter with A.I. beings.",20.5109,/chpWmskl3aKm1aTZqUHRCtviwPy.jpg,2025-10-08,False,False,6.499,1421
False,/rj58WQ9ImI0mYDptXdM7euX1Wjt.jpg,"[16, 10751, 12, 14]",109445,Frozen,en,Frozen,"Young princess Anna of Arendelle dreams about finding true love at her sister Elsa’s coronation. Fate takes her on a dangerous journey in an attempt to end the eternal winter that has fallen over the kingdom. She's accompanied by ice delivery man Kristoff, his reindeer Sven, and snowman Olaf. On an adventure where she will find out what friendship, courage, family, and true love really means.",17.9195,/kgwjIb2JDHRhNk13lmSxiClFjVk.jpg,2013-11-20,False,False,7.249,17584
False,/5KFThZkdBEQkp9gPWWWNb5CI5yD.jpg,"[53, 28, 18]",1268127,Humint,ko,휴민트,A South Korean agent hunts a drug ring in Russia and goes head-to-head with a North Korean operative — pulling both into peril and tangled secrets.,17.1441,/82bX2GK4PhaJQtfkTnfmd2P7erG.jpg,2026-02-11,False,False,7.445,145
False,/sR1K7ysoHOyFLLeAHGSSPAjw0gU.jpg,"[35, 18]",578883,Flight Attendant: Scandal,ja,スチュワーデス・スキャンダル　獣のように抱きしめて,"Four female flight attendants embark on some salacious misadventures: A few go to a company singles party to cavort with some pilots, while the lovely Misako embarks on an adventure all her own after meeting a street fortune teller...",14.9164,/gZuLbAy3EjHJeizXYnmDyekgCM5.jpg,1984-03-16,False,False,5.1,7
False,/kx87QOVaYiBvM3mjz8yyvE1MFIw.jpg,[18],1652947,Tuklas,tl,Tuklas,"The first Bisaya VMX Original stars true-blooded Bisaya Skye Gonzaga. When IT officer Chris Alvarado uncovers a financial scandal at work, he faces a moral dilemma: exposing the truth or giving in to Anna, a seductive sales manager promising success and intimacy.",17.8002,/pJiNDWSEguOY8m5x2vbgnl9DPme.jpg,2026-03-20,False,False,7.0,2
False,/2XSeKDmIa2KxaiJy4J9e8FrIZhk.jpg,"[16, 35, 80, 10751, 878]",20352,Despicable Me,en,Despicable Me,"Gru is a supervillain determined to prove he’s the greatest by stealing the Moon. To pull off his plan, he adopts three orphaned girls—Margo, Edith, and Agnes—intending to use them as part of his scheme. However, as Gru bonds with the girls, his cold, villainous exterior begins to melt.",18.7293,/b1BT309QWjtFUlJPLmXmrcHOWEL.jpg,2010-07-08,False,False,7.3,16062
False,/bf5TG9RODkPXmtJSgf8Iymof1wl.jpg,"[36, 18]",1214931,Nuremberg,en,Nuremberg,"In postwar Germany, an American psychiatrist must determine whether Nazi prisoners are fit to go on trial for war crimes, and finds himself in a complex battle of intellect and ethics with Hermann Göring, Hitler's right-hand man.",15.953,/xthXNYltOOm80vW5Kxjzxx5gvQ6.jpg,2025-11-06,False,False,7.55,1070
False,/hpXBJxLD2SEf8l2CspmSeiHrBKX.jpg,"[18, 14, 27]",1062722,Frankenstein,en,Frankenstein,"Dr. Victor Frankenstein, a brilliant but egotistical scientist, brings a creature to life in a monstrous experiment that ultimately leads to the undoing of both the creator and his tragic creation.",17.6389,/g4JtvGlQO7DByTI6frUobqvSL3R.jpg,2025-10-17,False,False,7.639,3482
False,/rthMuZfFv4fqEU4JVbgSW9wQ8rs.jpg,"[28, 878, 12]",986056,Thunderbolts*,en,Thunderbolts*,"After finding themselves ensnared in a death trap, seven disillusioned castoffs must embark on a dangerous mission that will force them to confront the darkest corners of their pasts.",18.6665,/hqcexYHbiTBfDIdDWxrxPtVndBX.jpg,2025-04-30,False,False,7.3,3555
False,/fyZ6SDUS4o9jp2EHxfZa3qS9ean.jpg,"[18, 10749, 14]",402431,Wicked,en,Wicked,"In the land of Oz, ostracized and misunderstood green-skinned Elphaba is forced to share a room with the popular aristocrat Glinda at Shiz University, and the two's unlikely friendship is tested as they begin to fulfill their respective destinies as Glinda the Good and the Wicked Witch of the West.",17.0734,/xDGbZ0JJ3mYaGKy4Nzd9Kph6M9L.jpg,2024-10-16,False,False,6.91,3048
False,/uJK0jjJ8QDOQw5lcNBwu059ht4D.jpg,"[18, 10749]",1294203,My Fault: London,en,My Fault: London,"18-year-old Noah moves from America to London, with her mother who's recently fallen in love with William, a wealthy British businessman. Noah meets William’s son, bad-boy Nick, and soon discovers there is an attraction between them neither can avoid. As Noah spends the summer adjusting to her new life, her devastating past will catch up with her while falling in love for the first time.",15.6406,/ttN5D6GKOwKWHmCzDGctAvaNMAi.jpg,2025-02-12,False,False,7.4,570
False,/vDKRMZGFTKP9nQolzeSB1rB1w6p.jpg,"[18, 36, 10752]",324786,Hacksaw Ridge,en,Hacksaw Ridge,"WWII American Army Medic Desmond T. Doss, who served during the Battle of Okinawa, refuses to kill people and becomes the first Conscientious Objector in American history to receive the Congressional Medal of Honor.",17.1492,/fnOMP6mjmOmZwmlC1n0K7ivrzt1.jpg,2016-10-07,False,False,8.19,14867
False,/fzo85eKFEjfmJ781gubJQjpQAwF.jpg,"[28, 18, 10752]",1213898,Border 2,hi,बॉर्डर २,"Three idealistic soldiers in the Indian army, navy and air force face grueling combat conditions in this film set during the 1971 Indo-Pak war.",17.4154,/wUcttG71zo9deP4m9sDhYPUcvi5.jpg,2026-01-23,False,False,7.2,26
False,/Aueidj1cfpZBOW5KbyVCyKMSZE1.jpg,"[18, 10749, 36]",585032,Sa Bang-ji,ko,사방지,"Sa Bangji was an intersex person who according to historical records lived during Korea’s Joseon Dynasty. Taken in by a kindly benefactor, Sa Bangji lives in a monastery that is one day visited by a young widow, Lee So-sa, who is in mourning following the death of her husband. The pair’s meeting seems predestined, with the erotic attraction between Sa Bangji and Lee So-sa soon evolving into something far more transcendent – and dangerous.  While aspects of the film – its stylised depiction of female actors and sex – identify it as a product of its time, Sa Bangji is undeniably a milestone in screen representations of intersex people, a film that refuses to shy away from the horrendous stigmatization faced by its titular character.",16.3897,/uFsTrW5qzU2l3YE0ataLoUgfsjJ.jpg,1988-10-29,False,False,6.6,5
False,/mN78SbVSt5ULfMw8QToCmVbWxlY.jpg,[18],1549519,Sex Trip,tl,Sex Trip,"On a final trip after college graduation, five friends go on a hiking trip and discover a mystical cave that unleashes forbidden desires within them, igniting a night of uninhibited passion, partner-swapping, and raw sexual exploration leaving them forever changed.",17.6337,/oVyD6sX6Vr5Ej8X1DLrs12zG40Y.jpg,2026-02-20,False,False,6.0,4
False,/mmd1HnuvAzFc4iuVJcnBrhDNEKr.jpg,"[27, 53]",694,The Shining,en,The Shining,"Jack Torrance accepts a caretaker job at the Overlook Hotel, where he, along with his wife Wendy and their son Danny, must live isolated from the rest of the world for the winter. But they aren't prepared for the madness that lurks within.",18.6834,/uAR0AWqhQL1hQa69UDEbb2rE5Wx.jpg,1980-05-23,False,False,8.2,18948
False,/cFcXilLbI7yjPIYB58AZiOyUnoh.jpg,"[28, 12, 80]",47971,xXx: Return of Xander Cage,en,xXx: Return of Xander Cage,"Xander Cage is left for dead after an incident, though he secretly returns to action for a new, tough assignment with his handler Augustus Gibbons.",21.0481,/hba8zREJpP1AYhaXgb2oJLQeO0K.jpg,2017-01-13,False,False,6.132,9230
False,/AoSZyb37ljMAxw0RdeQEBHKtgcc.jpg,"[10751, 16, 12, 35, 14]",330457,Frozen II,en,Frozen II,"Elsa, Anna, Kristoff and Olaf head far into the forest to learn the truth about an ancient mystery of their kingdom.",16.6036,/mINJaa34MtknCYl5AjtNJzWj8cD.jpg,2019-11-20,False,False,7.232,10290
False,/lFIXZpwwlF9hg8NM3RazaIJDuaj.jpg,[18],207,Dead Poets Society,en,Dead Poets Society,"At an elite, old-fashioned boarding school in New England, a passionate English teacher inspires his students to rebel against convention and seize the potential of every day, courting the disdain of the stern headmaster.",15.3649,/erzbMlcNHOdx24AXOcn2ZKA7R1q.jpg,1989-06-02,False,False,8.3,12618
False,/xKsnZDERG1dk95wuZ5q9iks3OL3.jpg,"[80, 18, 28]",949,Heat,en,Heat,Obsessive master thief Neil McCauley leads a top-notch crew on various daring heists throughout Los Angeles while determined detective Vincent Hanna pursues him without rest. Each man recognizes and respects the ability and the dedication of the other even though they are aware their cat-and-mouse game may end in violence.,15.7444,/e09dLw1Ljtccd2P4NsuUvVtS5du.jpg,1995-12-15,False,False,7.936,8368
False,,[10749],1236814,Swapping Workshop for Middle-aged Couples,ko,중년부부 스와핑 워크샵,"The young deputy Dong-sik and his wife, along with the middle-aged couple manager, went on a trip together as a couple. In fact, Dong-sik became involved in their friendship trip with ambitions for promotion. However, Dong-sik's wife, Eun-joo, takes care of her wives and is full of dissatisfaction because she seems to have become a helper for them instead of a trip. By chance, Dong-sik witnesses the manager's wife, Mal-sook, having an affair with her manager Seong-gil. In order to shut Dong-sik's mouth, Mal-sook starts her secret proposal...",15.341,/1iVFVLcw9VN1P9kSrit8uw0iBUH.jpg,2023-04-21,False,False,9.0,1
False,/ss0Os3uWJfQAENILHZUdX8Tt1OC.jpg,"[28, 12, 878]",545611,Everything Everywhere All at Once,en,Everything Everywhere All at Once,"An aging Chinese immigrant is swept up in an insane adventure, where she alone can save what's important to her by connecting with the lives she could have led in other universes.",18.7528,/u68AjlvlutfEIcpmbYpKcdi09ut.jpg,2022-03-24,False,False,7.718,7988
False,/izkMjmhauFx9DjoBQqM5sM5WAwE.jpg,"[28, 53, 878]",280,Terminator 2: Judgment Day,en,Terminator 2: Judgment Day,"Ten years after the events of the original, a reprogrammed T-800 is sent back in time to protect young John Connor from the shape-shifting T-1000. Together with his mother Sarah, he fights to stop Skynet from triggering a nuclear apocalypse.",18.1934,/jFTVD4XoWQTcg7wdyJKa8PEds5q.jpg,1991-07-03,False,False,8.15,14314
False,/6yNo2KERx4BaKfvnoVe8WEXjW1W.jpg,"[28, 80]",1654429,Crush The Wicked,zh,扫恶,A detective and a vengeful survivor hunt a fugitive serial killer who resurfaces to commit one last desperate crime.,18.5255,/o4Bq8KtU9hNdxPQOQFlgOC82HRp.jpg,2026-03-20,False,False,0.0,0
False,/b7xQ5fuyVO4c24igizCfPgF6n7q.jpg,"[10751, 18]",406997,Wonder,en,Wonder,"The story of August Pullman – a boy with facial differences – who enters fifth grade, attending a mainstream elementary school for the first time.",17.054,/sONh3LYGFcVDTy8pm1tbSOB13Li.jpg,2017-11-13,False,False,8.106,8257
False,/w57nxiBIODAYHLRs1xmrCY9zEFe.jpg,"[28, 18, 14]",1083637,Kantara - A Legend: Chapter 1,kn,ಕಾಂತಾರ: ಅಧ್ಯಾಯ - ೧,"During the Kadamba reign, King Vijayendra, the ruler of the fictional feudatory land of Bangra, meets his final fate while venturing into the mystical forest of Kantara. Witnessing this, his son Rajashekara seals the borders of their realm. Later, Prince Kulashekara reopens them through a brutal massacre. The protagonist, Berme, in search of prosperity, crosses the divide and ignites a conflict of faith, power, and destiny between the Kingdom and Nature.",17.2211,/3CP7crYcSBV0k8JP6fl0XaMPpDY.jpg,2025-10-01,False,False,7.157,83
False,/gl0jzn4BupSbL2qMVeqrjKkF9Js.jpg,"[12, 14, 16]",128,Princess Mononoke,ja,もののけ姫,"Ashitaka, a prince of the disappearing Emishi people, is cursed by a demonized boar god and must journey to the west to find a cure. Along the way, he encounters San, a young human woman fighting to protect the forest, and Lady Eboshi, who is trying to destroy it. Ashitaka must find a way to bring balance to this conflict.",16.3404,/cMYCDADoLKLbB83g4WnJegaZimC.jpg,1997-07-12,False,False,8.321,9002
False,/8FWLJHuWB72UXBmiMtxwTvQVumN.jpg,"[10751, 35, 80, 12, 16]",1175942,The Bad Guys 2,en,The Bad Guys 2,"The now-reformed Bad Guys are trying (very, very hard) to be good, but instead find themselves hijacked into a high-stakes, globe-trotting heist, masterminded by a new team of criminals they never saw coming: The Bad Girls.",16.1574,/26oSPnq0ct59l07QOXZKyzsiRtN.jpg,2025-07-24,False,False,7.655,785
False,/84beTJf26mfhoasUlKSOiNSutyS.jpg,"[35, 18, 10749]",19404,Dilwale Dulhania Le Jayenge,hi,दिलवाले दुल्हनिया ले जायेंगे,"Raj is a rich, carefree, happy-go-lucky second generation NRI. Simran is the daughter of Chaudhary Baldev Singh, who in spite of being an NRI is very strict about adherence to Indian values. Simran has left for India to be married to her childhood fiancé. Raj leaves for India with a mission at his hands, to claim his lady love under the noses of her whole family. Thus begins a saga.",16.6477,/tFbfCkS7q6g96wVoAu8kyr93iPm.jpg,1995-10-20,False,False,8.513,4592
False,/ffdqHMWkh1h9MABwIfbfRJhgFW6.jpg,"[28, 53, 878]",218,The Terminator,en,The Terminator,"In the post-apocalyptic future, reigning tyrannical supercomputers teleport a cyborg assassin known as the ""Terminator"" back to 1984 to kill Sarah Connor, whose unborn son is destined to lead insurgents against 21st century mechanical hegemony. Meanwhile, the human-resistance movement dispatches a lone warrior to safeguard Sarah. Can he stop the virtually indestructible killing machine?",16.0612,/qvktm0BHcnmDpul4Hz01GIazWPr.jpg,1984-10-26,False,False,7.683,14631
False,/tuDhEdza074bA497bO9WFEPs6O6.jpg,"[12, 10751, 14]",411,"The Chronicles of Narnia: The Lion, the Witch and the Wardrobe",en,"The Chronicles of Narnia: The Lion, the Witch and the Wardrobe","Siblings Lucy, Edmund, Susan and Peter step through a magical wardrobe and find the land of Narnia. There, they discover a charming, once peaceful kingdom that has been plunged into eternal winter by the evil White Witch, Jadis. Aided by the wise and magnificent lion, Aslan, the children lead Narnia into a spectacular, climactic battle to be free of the Witch's glacial powers forever.",15.6178,/iREd0rNCjYdf5Ar0vfaW32yrkm.jpg,2005-12-07,False,False,7.137,11498
False,/29mZ5bR5m2w3xuvwJH7BHMFQQwH.jpg,"[10749, 18]",664413,365 Days,pl,365 dni,"A woman falls victim to a dominant mafia boss, who imprisons her and gives her one year to fall in love with him.",16.8694,/6KwrHucIE3CvNT7kTm2MAlZ4fYF.jpg,2020-02-07,False,False,6.993,9515
False,/4MCKNAc6AbWjEsM2h9Xc29owo4z.jpg,"[28, 80, 53]",866398,The Beekeeper,en,The Beekeeper,One man's campaign for vengeance takes on national stakes after he is revealed to be a former operative of a powerful and clandestine organization known as Beekeepers.,16.5743,/A7EByudX0eOzlkQ2FIbogzyazm2.jpg,2024-01-08,False,False,7.265,4258
False,/g3L6tOvJIRWSkxnhmoEW1SKEvW3.jpg,"[18, 10749]",5879,In the Realm of the Senses,ja,愛のコリーダ,"A passionate telling of the story of Sada Abe, a woman whose affair with her master led to an obsessive and ultimately destructive sexual relationship.",14.4931,/AiFQbgjgSXWPfbi9iIYT39iXWMW.jpg,1976-09-15,False,False,6.594,736
False,,[],458376,Neo Chinpira 2: Zoom Goes the Bullet,ja,ネオ チンピラ 続 鉄砲玉ぴゅ～,"In the sequel to 1990's classic Neo Chinpira, Junko (Sho Aikawa) attempts to take out Kazama and then goes on the run. However, he quickly begins to feel homesick, and returns home to find that almost everything has changed. Noriko is now a bar mama with a lavish lifestyle, Yumeko is nowhere to be found, and his boss (Toru Minegishi) seems to have sinister plans involving Junko and his uncle (Jo Shishido).",15.5013,/rNxItOXexbqwpXBSOGbrH6VHsS0.jpg,1991-04-12,False,False,0.0,0
False,/HVcza6tJtWFrLriuh3Ano4Vt46.jpg,"[28, 12, 878]",1930,The Amazing Spider-Man,en,The Amazing Spider-Man,"Peter Parker is an outcast high schooler abandoned by his parents as a boy, leaving him to be raised by his Uncle Ben and Aunt May. Like most teenagers, Peter is trying to figure out who he is and how he got to be the person he is today. As Peter discovers a mysterious briefcase that belonged to his father, he begins a quest to understand his parents' disappearance – leading him directly to Oscorp and the lab of Dr. Curt Connors, his father's former partner. As Spider-Man is set on a collision course with Connors' alter ego, The Lizard, Peter will make life-altering choices to use his powers and shape his destiny to become a hero.",17.2456,/jexoNYnPd6vVrmygwF6QZmWPFdu.jpg,2012-06-23,False,False,6.738,18533
False,/vIo7x9CP8gUMhapvoHON50OgGn0.jpg,"[18, 53]",64084,Scorned,en,Scorned,A vengeful widow worms her way into the home of the man she holds responsible for her husband's suicide.,18.5488,/latrrZjz5kwVz3Am3ajLaCrJ1LW.jpg,1993-07-14,False,False,5.3,46
False,/wubUakLEAAnKeXmuTks5insTKQx.jpg,[27],37169,The Human Centipede (First Sequence),en,The Human Centipede (First Sequence),"During a stopover in Germany in the middle of a carefree road trip through Europe, two American girls find themselves alone at night when their car breaks down in the woods. Searching for help at a nearby villa, they are wooed into the clutches of a deranged retired surgeon, who has a very disturbed vision.",21.2491,/gMtjxIkEi0hnTV5lPHbgeZ4ZpUZ.jpg,2009-10-31,False,False,5.187,2390
False,/xtHonIIIQXverDQM08TMQXjn9Fe.jpg,"[35, 14]",214756,Ted 2,en,Ted 2,"Newlywed couple Ted and Tami-Lynn want to have a baby, but in order to qualify to be a parent, Ted will have to prove he's a person in a court of law.",16.0281,/38C91I7Xft0gyY7BITm8i4yvuRb.jpg,2015-06-25,False,False,6.324,8005
False,,[10749],963261,"Son's Girlfriend, Daddy's Girlfriend 2",ko,아들의 여친 아빠의 여친 2,"Jeong-goo is in a relationship with his son's girlfriend, Mi-hee. Mi-hee feels guilty and breaks up with Yeong-jin, and Yeong-jin who is struggling because of it, got in a relationship with Joo-eun. Yeong-jin's ex-wife, Yeon-ri meets Jeong-goo by chance and finds out about the whole thing, and Yeon-ri who was curious about Jeong-goo, sleeps with him...",16.3113,/6xu9crDySkzj16gfH89Elc2Yyqc.jpg,2022-04-01,False,False,4.0,2
False,/fj0hwDJEOOHllRim2BMt5L7tbjf.jpg,"[80, 18, 28]",101,Léon: The Professional,fr,Léon,"Léon, the top hit man in New York, has earned a rep as an effective ""cleaner"". But when his next-door neighbors are wiped out by a loose-cannon DEA agent, he becomes the unwilling custodian of 12-year-old Mathilda. Before long, Mathilda's thoughts turn to revenge, and she considers following in Léon's footsteps.",17.2969,/bxB2q91nKYp8JNzqE7t7TWBVupB.jpg,1994-09-14,False,False,8.295,16135
False,/W1ffLQGHoxfAOq0ZYdPtJlvAdb.jpg,"[878, 18, 10749]",38,Eternal Sunshine of the Spotless Mind,en,Eternal Sunshine of the Spotless Mind,"Joel Barish, heartbroken that his girlfriend underwent a procedure to erase him from her memory, decides to do the same. However, as he watches his memories of her fade away, he realises that he still loves her, and may be too late to correct his mistake.",16.9706,/5MwkWH9tYHv3mV9OdYTMR5qreIz.jpg,2004-03-19,False,False,8.091,16358
False,/hGGC9gKo7CFE3fW07RA587e5kol.jpg,"[16, 35, 10751, 12]",14160,Up,en,Up,"Carl Fredricksen spent his entire life dreaming of exploring the globe and experiencing life to its fullest. But at age 78, life seems to have passed him by, until a twist of fate (and a persistent 8-year old Wilderness Explorer named Russell) gives him a new lease on life.",16.2143,/mFvoEwSfLqbcWwFsDjQebn9bzFe.jpg,2009-05-28,False,False,7.961,21680
False,/7FWlcZq3r6525LWOcvO9kNWurN1.jpg,"[12, 28, 878]",271110,Captain America: Civil War,en,Captain America: Civil War,"Following the events of Age of Ultron, the collective governments of the world pass an act designed to regulate all superhuman activity. This polarizes opinion amongst the Avengers, causing two factions to side with Iron Man or Captain America, which causes an epic battle between former allies.",17.8776,/rAGiXaUfPzY7CDEyNKUofk3Kw2e.jpg,2016-04-27,False,False,7.448,24057
False,/2kpHOOYgn65P5kdc1vLNJ92nb4.jpg,"[18, 10749, 10402]",1643729,Ishqa'n De Lekhe,pa,Ishqa'n De Lekhe,"Starring the sensational Gurnam Bhullar alongside the stunning Isha Malviya, this Punjabi cinema is crafted for every soul that has ever loved deeply. Directed by the talented Manvir Brar, Ishqa'n De Lekhe is set to redefine Punjabi romance on the big screen.",14.4798,/eky8n1Xu5oMDe4iu4pKFCdStHkt.jpg,2026-03-06,False,False,10.0,1
False,/qKWDHofjMHPSEOTLaixkC9ZmjTT.jpg,"[18, 53]",1317288,Marty Supreme,en,Marty Supreme,"Marty Mauser, a young man with a dream no one respects, goes to hell and back in pursuit of greatness.",17.0293,/lYWEXbQgRTR4ZQleSXAgRbxAjvq.jpg,2025-12-19,False,False,7.389,1809
False,/mUYV0ZdsDEliGaQahcQH1F3grsP.jpg,"[16, 10751, 12]",10674,Mulan,en,Mulan,"When Imperial China calls one man from every family to defend the empire from invading Huns, a young woman disguises herself as a soldier to take her ailing father’s place. Facing ruthless invaders, brutal training, and the risk of execution if discovered, she must decide who she truly is— and what she’s willing to fight for.",15.3113,/jAbexAtB0aSfP5Ay4TpWHARyVnG.jpg,1998-06-18,False,False,7.905,10437
False,/rbZvGN1A1QyZuoKzhCw8QPmf2q0.jpg,"[18, 53, 9648]",11324,Shutter Island,en,Shutter Island,"World War II soldier-turned-U.S. Marshal Teddy Daniels investigates the disappearance of a patient from a hospital for the criminally insane, but his efforts are compromised by troubling visions and a mysterious doctor.",16.9102,/nrmXQ0zcZUL8jFLrakWc90IR8z9.jpg,2010-02-14,False,False,8.198,25872
False,/ojgXOhVi9Yk8irDpRfDkIzdD1LK.jpg,"[35, 10749, 18]",18240,The Proposal,en,The Proposal,"When she learns she's in danger of losing her visa status and being deported, overbearing book editor Margaret Tate forces her put-upon assistant, Andrew Paxton, to marry her.",16.8554,/6stnAm1wSek8ZrislwK4xGTyCnt.jpg,2009-06-02,False,False,7.163,7528
False,/6MKr3KgOLmzOP6MSuZERO41Lpkt.jpg,"[35, 80, 18]",337404,Cruella,en,Cruella,"In 1970s London amidst the punk rock revolution, a young grifter named Estella is determined to make a name for herself with her designs. She befriends a pair of young thieves who appreciate her appetite for mischief, and together they are able to build a life for themselves on the London streets. One day, Estella’s flair for fashion catches the eye of the Baroness von Hellman, a fashion legend who is devastatingly chic and terrifyingly haute. But their relationship sets in motion a course of events and revelations that will cause Estella to embrace her wicked side and become the raucous, fashionable and revenge-bent Cruella.",15.3805,/hjS9mH8KvRiGHgjk6VUZH7OT0Ng.jpg,2021-05-26,False,False,7.971,10071
False,/kkyn5vyMqkgCp944QeBumJ6aktP.jpg,"[99, 10402]",1031774,Thriller 40,en,Thriller 40,"Forty years after the release of Michael Jackson’s ‘Thriller,’ the best-selling album of all-time, director Nelson George takes fans back in time to the making of a pop masterpiece, featuring never-before-seen footage and candid interviews.",16.0177,/5LOKk1Ca1YaCb3EjTEMDJdPbQxN.jpg,2023-12-02,False,False,8.629,112
False,/1qM2BYNE11Viby8ImC9LC00DgDr.jpg,"[28, 80, 18]",111,Scarface,en,Scarface,"After getting a green card in exchange for assassinating a Cuban government official, Tony Montana stakes a claim on the drug trade in Miami. Viciously murdering anyone who stands in his way, Tony eventually becomes the biggest drug lord in the state, controlling nearly all the cocaine that comes through Miami. But increased pressure from the police, wars with Colombian drug cartels and his own drug-fueled paranoia serve to fuel the flames of his eventual downfall.",16.1719,/iQ5ztdjvteGeboxtmRdXEChJOHh.jpg,1983-12-09,False,False,8.156,13053
False,/2Mq10FWFbxoYgsZysWlw7T9wSNe.jpg,"[10749, 18]",61979,Three Steps Above Heaven,es,Tres metros sobre el cielo,"Babi, a sheltered upper-class girl, and Hache, a reckless rebel obsessed with illegal motorcycle races, fall into a forbidden love that pulls them deeper into passion and risk.",17.912,/xeWyY2s13dRlKOLk4E3TkXgM4sS.jpg,2010-12-03,False,False,7.726,3229
False,/AdyJH8kDm8xT8IKTlgpEC15ny4u.jpg,"[14, 28, 12]",453395,Doctor Strange in the Multiverse of Madness,en,Doctor Strange in the Multiverse of Madness,"Doctor Strange, with the help of mystical allies both old and new, traverses the mind-bending and dangerous alternate realities of the Multiverse to confront a mysterious new adversary.",20.4538,/ddJcSKbcp4rKZTmuyWaMhuwcfMz.jpg,2022-05-04,False,False,7.231,10361
False,/26OvB15pqk3eiKJG8LrXDVzO7Mw.jpg,"[14, 28, 27]",561,Constantine,en,Constantine,"John Constantine has literally been to Hell and back. When he teams up with a policewoman to solve the mysterious suicide of her twin sister, their investigation takes them through the world of demons and angels that exists beneath the landscape of contemporary Los Angeles.",15.8044,/vPYgvd2MwHlxTamAOjwVQp4qs1W.jpg,2005-02-08,False,False,7.16,8128
False,/lC9pnCMf3cWWOwWSPsZGV9sYWzw.jpg,[18],1533735,Nawab Cafe,te,Nawab Cafe,A family grapples with communication barriers as a father and son circle around conversations they desperately need but cannot bring themselves to have.,16.5056,/mZ3By7MbNzMx2ANQ9MdYnwMYlQ3.jpg,2026-03-12,False,False,7.0,1
False,/8UfYtyCeWGbhfyyq0u0xYwEYaZb.jpg,"[28, 12, 35, 14]",285213,The Pirates,ko,해적: 바다로 간 산적,"At the cusp of the founding of Joseon Dynasty, an envoy from China is delivering Emperor’s Ming’s Royal Seal. But nature in the form of a giant whale intervenes and swallows the royal seal.  When a generous reward is offered to whomever can retrieve the royal seal from the belly of the whale, the race is on. A group of mountain bandits led by Jang Sa Jung and a group of pirates led by Yeo Wol  go after the lost treasure, but who will get to to it first?",14.4925,/4qU1SW1b2Txf3Ge9rGlddDthSgx.jpg,2014-08-06,False,False,7.027,240
False,/wBzMnQ01R9w58W6ucltdYfOyP4j.jpg,"[28, 878, 35]",284053,Thor: Ragnarok,en,Thor: Ragnarok,"Thor is imprisoned on the other side of the universe and finds himself in a race against time to get back to Asgard to stop Ragnarok, the destruction of his home-world and the end of Asgardian civilization, at the hands of a powerful new threat, the ruthless Hela.",16.7499,/rzRwTcFvttcN1ZpX2xv4j3tSdJu.jpg,2017-10-02,False,False,7.582,22037
False,/lMLyfSiaumaKniwynwAxu69CLTz.jpg,"[18, 10749, 36]",858024,Hamnet,en,Hamnet,"The powerful story of love and loss that inspired the creation of Shakespeare's timeless masterpiece, Hamlet.",21.1177,/zIcd6yuBucRNof5t9KVuGBHIhXU.jpg,2025-11-26,False,False,7.742,1372
False,/cYyNJzwhaj7aC4uTlUctrfaERbf.jpg,"[28, 18, 36]",1305781,Blades of the Guardians: Wind Rises in the Desert,zh,镖人：风起大漠,"Dao Ma, the ""second most wanted fugitive,"" is entrusted by his benefactor, the chief of Mo family clan, to take on a mysterious escort mission-escorting the ""most wanted fugitive"" to Chang'an.",16.4701,/AbunjMKX4P1sDNlKfhYrWkIoRD9.jpg,2026-02-17,False,False,7.0,36
False,/4XPNNt0zfZKBqxxVWaQALd57UHl.jpg,"[12, 16, 10751, 14]",823219,Flow,lv,Straume,"A solitary cat, displaced by a great flood, finds refuge on a boat with various species and must navigate the challenges of adapting to a transformed world together.",15.414,/z2sG41PxfL1hnL1mHbxzSREUtOf.jpg,2024-08-29,False,False,8.084,2840
False,/hwNtEmmugU5Yd7hpfprNWI0DGIn.jpg,"[18, 53, 10752]",16869,Inglourious Basterds,en,Inglourious Basterds,"In Nazi-occupied France during World War II, a group of Jewish-American soldiers known as ""The Basterds"" are chosen specifically to spread fear throughout the Third Reich by scalping and brutally killing Nazis. The Basterds, lead by Lt. Aldo Raine soon cross paths with a French-Jewish teenage girl who runs a movie theater in Paris which is targeted by the soldiers.",16.0528,/7sfbEnaARXDDhKm0CZ7D7uc2sbo.jpg,2009-08-02,False,False,8.218,24206
False,/5YZbUmjbMa3ClvSW1Wj3D6XGolb.jpg,"[878, 12, 28]",447365,Guardians of the Galaxy Vol. 3,en,Guardians of the Galaxy Vol. 3,"Peter Quill, still reeling from the loss of Gamora, must rally his team around him to defend the universe along with protecting one of their own. A mission that, if not completed successfully, could quite possibly lead to the end of the Guardians as we know them.",16.8941,/r2J02Z2OpNTctfOSN1Ydgii51I3.jpg,2023-05-03,False,False,7.932,8353
False,/gddUsvfyySrM5k8B8wwJy2VRlBx.jpg,"[80, 53, 37]",6977,No Country for Old Men,en,No Country for Old Men,"Llewelyn Moss stumbles upon dead bodies, $2 million and a hoard of heroin in a Texas desert, but methodical killer Anton Chigurh comes looking for it, with local sheriff Ed Tom Bell hot on his trail. The roles of prey and predator blur as the violent pursuit of money and justice collide.",17.2552,/6d5XOczc226jECq0LIX0siKtgHR.jpg,2007-11-09,False,False,7.951,13341
False,/c3OHQncTAnKFhdOTX7D3LTW6son.jpg,"[28, 80, 18, 53]",49026,The Dark Knight Rises,en,The Dark Knight Rises,"Following the death of District Attorney Harvey Dent, Batman assumes responsibility for Dent's crimes to protect the late attorney's reputation and is subsequently hunted by the Gotham City Police Department. Eight years later, Batman encounters the mysterious Selina Kyle and the villainous Bane, a new terrorist leader who overwhelms Gotham's finest. The Dark Knight resurfaces to protect a city that has branded him an enemy.",16.1357,/hr0L2aueqlP2BYUblTTjmtn0hw4.jpg,2012-07-17,False,False,7.796,24391
False,/cvH1gNIMRITdLzoWv1HNAbRyH3n.jpg,"[35, 10749]",2105,American Pie,en,American Pie,"At a high-school party, four friends find that losing their collective virginity isn't as easy as they had thought. But they still believe that they need to do so before college. To motivate themselves, they enter a pact to all ""score"" by their senior prom.",15.51,/5P68by2Thn8wHAziyWGEw2O7hco.jpg,1999-07-09,False,False,6.607,8318
False,/ycXX3gknXvi4K1IjUaTxk2jQICS.jpg,"[16, 10751]",1627824,Rocky's Cat-astrophe,en,Rocky's Cat-astrophe,"When one of Humdinger's schemes goes awry, a Junkyard Kitten's home is destroyed and Rocky bites off more than he can chew when he invites the kitten to stay at the Lookout overnight. While the kitten causes more trouble than expected, Rocky learns that even heroes need help.",16.2988,/pqfkJh0CyF00GvR4NIdvJYkJb2F.jpg,2026-02-27,False,False,8.0,18
False,/u7SeO6Y42P7VCTWLhpnL96cyOqd.jpg,"[28, 12, 878]",102382,The Amazing Spider-Man 2,en,The Amazing Spider-Man 2,"For Peter Parker, life is busy. Between taking out the bad guys as Spider-Man and spending time with the person he loves, Gwen Stacy, high school graduation cannot come quickly enough. Peter has not forgotten about the promise he made to Gwen’s father to protect her by staying away, but that is a promise he cannot keep. Things will change for Peter when a new villain, Electro, emerges, an old friend, Harry Osborn, returns, and Peter uncovers new clues about his past.",16.6812,/dGjoPttcbKR5VWg1jQuNFB247KL.jpg,2014-04-16,False,False,6.541,14249
False,/cWczNud8Y8i8ab0Z4bxos4myWYO.jpg,"[16, 10751, 12]",38757,Tangled,en,Tangled,"Feisty teenager Rapunzel, who has long and magical hair, wants to go and see sky lanterns on her eighteenth birthday, but she's bound to a tower by her overprotective mother. She strikes a deal with Flynn Rider, a charming wanted thief, and the duo set off on an action-packed escapade.",15.438,/ym7Kst6a4uodryxqbGOxmewF235.jpg,2010-11-24,False,False,7.6,12405
False,/j9eOeLlTGoHoM8BNUJVNyWmIvCi.jpg,"[10749, 35]",1072790,Anyone But You,en,Anyone But You,"After an amazing first date, Bea and Ben’s fiery attraction turns ice cold — until they find themselves unexpectedly reunited at a destination wedding in Australia. So they do what any two mature adults would do: pretend to be a couple.",17.7318,/5qHoazZiaLe7oFBok7XlUhg96f2.jpg,2023-12-21,False,False,6.773,3075
False,/hniERZojXCEc7Fp3yljZUigOAhm.jpg,"[27, 53]",1290417,Thrash,en,Thrash,"When a Category 5 hurricane decimates a coastal town, the storm surge brings devastation, chaos, and something far more frightening onto shore: hungry sharks.",16.2359,/adk8weka3O5648g3de4z3y4aE7G.jpg,2026-04-10,False,False,6.068,628
False,/nenJjvfe2Eq8uBMXFJnWj5mw4bi.jpg,"[16, 10751, 12, 14, 10749]",812,Aladdin,en,Aladdin,"In the boorish city of Agrabah, kind-hearted street urchin Aladdin and Princess Jasmine fall in love, although she can only marry a prince. He and power-hungry Grand Vizier Jafar vie for a magic lamp that can fulfill their wishes.",15.6396,/eLFfl7vS8dkeG1hKp5mwbm37V83.jpg,1992-11-25,False,False,7.655,12022
False,/nenJjvfe2Eq8uBMXFJnWj5mw4bi.jpg,"[16, 10751, 12, 14, 10749]",812,Aladdin,en,Aladdin,"In the boorish city of Agrabah, kind-hearted street urchin Aladdin and Princess Jasmine fall in love, although she can only marry a prince. He and power-hungry Grand Vizier Jafar vie for a magic lamp that can fulfill their wishes.",15.6396,/eLFfl7vS8dkeG1hKp5mwbm37V83.jpg,1992-11-25,False,False,7.655,12022
False,/dBgxEkWe17R0AJDAvAhpeVELQx2.jpg,"[28, 18, 10749]",744,Top Gun,en,Top Gun,"For Lieutenant Pete 'Maverick' Mitchell and his friend and co-pilot Nick 'Goose' Bradshaw, being accepted into an elite training school for fighter pilots is a dream come true. But a tragedy, as well as personal demons, will threaten Pete's dreams of becoming an ace pilot.",15.1513,/xUuHj3CgmZQ9P2cMaqQs4J0d4Zc.jpg,1986-05-16,False,False,7.067,9584
False,/wUlvM4v5FUjM2omyld9ULVHONZA.jpg,"[18, 35, 10751]",1542995,Bonolota Express,bn,বনলতা এক্সপ্রেস,"On a foggy winter journey, the Bonolota Express carries strangers burdened by secrets whose lives begin to collide within the train’s confined corridors. As the night unfolds, personal and political crises erupt, exposing hidden grief, moral decay, and moments of unexpected compassion amid chaos and revolt. By dawn, the train moves on, leaving its passengers irrevocably changed by a single journey where illusions collapse and human truths emerge.",15.7438,/h6nITbbSobZ0EwU6Dcw6LGZOZYA.jpg,2026-03-21,False,False,8.3,10
False,/mOtKQlXdL5J4lwqcSFlkZmgmFeZ.jpg,"[16, 35, 10751, 37, 12]",44896,Rango,en,Rango,"When Rango, a lost family pet, accidentally winds up in the gritty, gun-slinging Western town of Dirt, the theater-loving lizard suddenly finds himself the newly appointed sheriff. Welcomed as the last hope the town has been waiting for, Rango is forced to play his new role to the hilt and uncover the truth behind a looming water crisis—before his act catches up with him.",16.1063,/A5MP1guV8pbruieG0tnpPIbaJtt.jpg,2011-03-02,False,False,6.9,7113
False,/qYCl28dMJwRTzlbteTrW75szZPN.jpg,"[35, 9648, 27]",520023,Bodies Bodies Bodies,en,Bodies Bodies Bodies,"In an isolated family mansion, a group of rich 20-somethings decides to play Bodies Bodies Bodies, a game where one of them is secretly a ""killer"" while the rest tries to ""escape"". Things take a turn for the worse when real bodies start turning up, setting off a paranoid and dangerous chain of events.",8.6517,/hSuTjDmqRdy7Dii8ymnF2WILTeP.jpg,2022-08-05,False,False,6.152,1464
False,/qmWypRw88VYp35oTQn0a1sqdZRs.jpg,[27],1510745,Bodycam,en,Bodycam,"A call to a quiet suburban home unleashes unthinkable carnage when two officers mistakenly shoot a man and his infant child, spiraling the tragedy into a fierce, unrelenting fall into the unknown.",14.4293,/xFpBNcG3Dlr8mYF5Kz9Tizs3Pxn.jpg,2026-03-12,False,False,5.72,59
False,/1w8kutrRucTd3wlYyu5QlUDMiG1.jpg,"[12, 10751, 16]",762509,Mufasa: The Lion King,en,Mufasa: The Lion King,"Mufasa, a cub lost and alone, meets a sympathetic lion named Taka, the heir to a royal bloodline. The chance meeting sets in motion an expansive journey of a group of misfits searching for their destiny.",15.7826,/jbOSUAWMGzGL1L4EaUF8K6zYFo7.jpg,2024-12-18,False,False,7.31,2667
False,/wa0UGYppc6uWOdVow4Ko2CG4jk9.jpg,"[80, 27, 53]",73861,A Serbian Film,sr,Srpski film,"Retired porn star Milos leads a normal family life trying to make ends meet. Presented with the opportunity of a lifetime to financially support his family for the rest of their lives, Milos must participate in one last mysterious film. From then on, Milos is drawn into a maelstrom of unbelievable cruelty and mayhem.",16.0512,/yIQqiw3Az5QYNHLCUoCTtxXH24G.jpg,2010-01-06,False,False,5.4,2213
False,/xBSwwkAYl9h8QVG2OxNpSaSgJwr.jpg,"[10749, 18]",43949,Flipped,en,Flipped,"When Juli meets Bryce in the second grade, she knows it's true love. After spending six years trying to convince Bryce the same, she's ready to give up - until he starts to reconsider.",18.7136,/6zDYFigohwncqFL00MKbFV01dWb.jpg,2010-08-06,False,False,8.009,3327
False,/uT895WNwm0aIJRtGizcQhrejWUo.jpg,"[28, 12, 878]",76341,Mad Max: Fury Road,en,Mad Max: Fury Road,"An apocalyptic story set in the furthest reaches of our planet, in a stark desert landscape where humanity is broken, and most everyone is crazed fighting for the necessities of life. Within this world exist two rebels on the run who just might be able to restore order.",15.1988,/hA2ple9q4qnwxp3hKVNhroipsir.jpg,2015-05-13,False,False,7.635,24104
False,/hoszursvZR1C054sTXVQBcBDory.jpg,"[18, 10749]",292431,Love,fr,Love,"Murphy is an American living in Paris who enters a highly sexually and emotionally charged relationship with the unstable Electra. Unaware of the seismic effect it will have on their relationship, they invite their pretty neighbor into their bed.",15.0089,/yz6lmOmsmYuj6AOLG4LIwK5eJZF.jpg,2015-07-15,False,False,6.454,2670
False,/i1yf91svRHX45l9BXL8rVFzLoPH.jpg,"[27, 53, 12]",578,Jaws,en,Jaws,"When the seaside community of Amity finds itself under attack by a dangerous great white shark, the town's chief of police, a young marine biologist, and a grizzled shark hunter embark on a desperate quest to kill the beast before it strikes again.",15.1188,/lxM6kqilAdpdhqUl2biYp5frUxE.jpg,1975-06-20,False,False,7.7,11543
False,/bGGjyPqtNc8hhGkPo8W8D8t90bW.jpg,"[28, 12, 53]",539972,Kraven the Hunter,en,Kraven the Hunter,"Kraven Kravinoff's complex relationship with his ruthless gangster father, Nikolai, starts him down a path of vengeance with brutal consequences, motivating him to become not only the greatest hunter in the world, but also one of its most feared.",15.1279,/1GvBhRxY6MELDfxFrete6BNhBB5.jpg,2024-12-11,False,False,6.4,2343
False,/8ohobj5lAIbl5XWw11FywS3IRrS.jpg,"[16, 35, 10751, 14, 10749]",809,Shrek 2,en,Shrek 2,"Happily ever after never seemed so far far away when a trip to meet the in-laws turns into a hilariously twisted adventure for Shrek and Fiona. With the help of his faithful Donkey, Shrek takes on a potion-brewing Fairy Godmother, the pompous Prince Charming, and the ogre-killer, Puss In Boots.",15.8579,/2yYP0PQjG8zVqturh1BAqu2Tixl.jpg,2004-05-19,False,False,7.3,13441
False,/puqQGxK9HYITUKhCdREg3XOLlZd.jpg,"[27, 878, 35]",696393,Cold Storage,en,Cold Storage,"When a mutating, highly contagious fungus escapes a sealed facility, two employees – joined by a grizzled bioterror operative – must survive the wildest night shift ever to save humanity from extinction.",14.6857,/3HA2iiq982e01EKXJvPFyfMADVM.jpg,2026-01-22,False,False,6.826,501
False,/x9td0NQha0t44K2qgcMipLOGjVi.jpg,"[28, 53, 12]",370172,No Time to Die,en,No Time to Die,"Bond has left active service and is enjoying a tranquil life in Jamaica. His peace is short-lived when his old friend Felix Leiter from the CIA turns up asking for help. The mission to rescue a kidnapped scientist turns out to be far more treacherous than expected, leading Bond onto the trail of a mysterious villain armed with dangerous new technology.",13.9109,/iUgygt3fscRoKWCV1d0C7FbM9TP.jpg,2021-09-29,False,False,7.34,7127
False,/okgnoHQRiBeHMa7Bm1Kb0gZrOmx.jpg,"[18, 27]",185664,Nun in Rope Hell,ja,団鬼六　修道女縄地獄,A woman gets caught by the wife of her lover which results in a stabbing. Feeling guilty she runs away and joins a nunnery. But she soon discovers that several nuns and a well known author have turned the place into their own personal S&M playground.,16.8578,/2jqTCgA6A85RZwycVwwgEuYardv.jpg,1984-05-25,False,False,6.3,37
False,/g4wdPZlhVioK69H8Q0o9Id5QhNs.jpg,[53],1101412,Fall 2: Deadpoint,en,Fall 2: Deadpoint,"Overwhelmed by her sister Hunter’s death, Jax connects with Luce, Hunter’s fearless friend. To heal, they attempt the infamous plank walk of Mount Kwan in Thailand. After a sudden rockslide leaves them stranded on a fragile plank 3000 feet in the air, Jax must confront her deepest fears and fight for survival to find closure.",15.1928,/ckKAdEz49bJ10jCLbCYIzVHJGEu.jpg,2026-08-07,False,False,0.0,0
False,/zwZ5f2jJvMaFf59oX6jwKFQd8FW.jpg,"[27, 53]",1506633,Satan - The Dark,ta,சாத்தான் - தி டார்க்,"Set in the fictional village of Asthinapuram, near Tamil Nadu–Kerala border, When Alisha and her mother desperate to escape the cursed land long belongs to colonial-era witchcraft and black magic, they find themselves spiraling into a deeper sinister. With only Alisha’s boyfriend standing by them, the trio must confront the horrors that dwell in silence… and the curse that refuses to be outrun.",18.2546,/uFjy89xe1Us6iRfdsKAn05Y1XGX.jpg,2026-03-27,False,False,0.0,0
False,/yQUTEvEb5pJi0BH3b1biQRpGvEx.jpg,[27],967998,Fatal Conspiracy,pt,Conspiração Fatal,"Davi Martins, a commercial director of a financial institution, and Juliana Martins, a personal trainer, are a couple trying to recover from a crisis. At work, Davi ends up getting involved in the investigation of a financial scandal, putting himself in the crosshairs of dangerous people. Little by little, Juliana discovers that her new home may not be a new beginning, but the stage for a real nightmare. Some secrets may end her life.",15.405,/zpj3nNoc5xaUZTIdnuhwXwUcRag.jpg,2022-05-26,False,False,7.0,3
False,/aJFwk1clMal1prxAvKAgHxKPAf.jpg,"[27, 53, 878]",170,28 Days Later,en,28 Days Later,"Twenty-eight days after a killer virus was accidentally unleashed from a British research facility, a small group of London survivors are caught in a desperate struggle to protect themselves from the infected. Carried by animals and humans, the virus turns those it infects into homicidal maniacs -- and it's absolutely impossible to contain.",13.2623,/sQckQRt17VaWbo39GIu0TMOiszq.jpg,2002-10-31,False,False,7.244,8525
False,/sI6uCeF8mUlZx22mFfHSi9W3XQ9.jpg,"[10402, 35, 10749, 18]",843527,The Idea of You,en,The Idea of You,"40-year-old single mom Solène begins an unexpected romance with 24-year-old Hayes Campbell, the lead singer of August Moon, the hottest boy band on the planet. As they begin a whirlwind romance, it isn't long before Hayes' superstar status poses unavoidable challenges to their relationship, and Solène soon discovers that life in the glare of his spotlight might be more than she bargained for.",14.6639,/Y5P4Q3q8nrruZ9aD3wXeJS2Plg.jpg,2024-05-02,False,False,7.289,1952
False,/yCg9mQpR3nVmX9ku3ObCAIISb5g.jpg,"[10749, 18]",1495694,Beauty from Pain,en,Beauty from Pain,"After a devastating heartbreak, an aspiring musician escapes to Australia. She agrees to a no-strings romance with a billionaire winemaker, but when she falls in love she must choose to walk away or risk her heart on a man afraid to love.",14.4246,/mJtBKvHQaFzgp0N6JFskSvjbTar.jpg,2025-12-18,False,False,7.306,18
False,/vsgprE5Esxj06j6SPKjMN5CL5oM.jpg,[35],222517,Snow White and 7 Wise Men,it,Biancaneve & Co...,The king and the queen conceive Snow White during a sexual relationship in the snow.,16.0442,/yMiM9Zg9JuNy9k1Q7wsyEpwTSQR.jpg,1982-04-03,False,False,4.7,17
False,/ohlNSR8MsHk5e6fcAxqAJmcz4Sm.jpg,"[36, 10752, 28, 18]",898704,Desert Warrior,en,Desert Warrior,"In 7th-century Arabia, Princess Hind becomes a warrior to defy the ruthless Emperor Kisra. Forged into a warrior and aided by legendary bandit Hanzala, Hind unites warring tribes for a last stand—the historic Battle of Dhi Qar—that will change history.",15.3739,/waxnw1NpzTPY5JkqWvu0muSopRJ.jpg,2026-04-23,False,False,5.605,19
False,/tPaurpIUskVji5vwV0dhy9pq4Vs.jpg,"[12, 16, 35, 10751]",953,Madagascar,en,Madagascar,Four animal friends get a taste of the wild life when they break out of captivity at the Central Park Zoo and wash ashore on the island of Madagascar.,15.1365,/zMpJY5CJKUufG9OTw0In4eAFqPX.jpg,2005-05-25,False,False,6.924,11733
False,/bdD39MpSVhKjxarTxLSfX6baoMP.jpg,"[10752, 18, 36]",857,Saving Private Ryan,en,Saving Private Ryan,"As U.S. troops storm the beaches of Normandy, three brothers lie dead on the battlefield, with a fourth trapped behind enemy lines. Ranger captain John Miller and seven men are tasked with penetrating German-held territory and bringing the boy home.",15.4589,/uqx37cS8cpHg8U35f9U5IBlrCV3.jpg,1998-07-24,False,False,8.226,17267
False,/ff2ti5DkA9UYLzyqhQfI2kZqEuh.jpg,"[28, 53]",245891,John Wick,en,John Wick,Ex-hitman John Wick comes out of retirement to track down the gangsters that took everything from him.,15.0858,/wXqWR7dHncNRbxoEGybEy7QTe9h.jpg,2014-10-16,False,False,7.458,20871
False,/hBwDYiOPwXHuwiYGP82ekFNSeBr.jpg,"[12, 14, 10749]",50619,The Twilight Saga: Breaking Dawn - Part 1,en,The Twilight Saga: Breaking Dawn - Part 1,Bella Swan and Edward Cullen's honeymoon phase is abruptly disrupted by betrayals and unforeseen tragedies that endanger their world.,17.4371,/qs8LsHKYlVRmJbFUiSUhhRAygwj.jpg,2011-11-16,False,False,6.189,9275
False,/xlDUjb0Q5Dv6jPQRF5VE4IMjIy.jpg,"[18, 80]",311,Once Upon a Time in America,en,Once Upon a Time in America,"A former Prohibition-era Jewish gangster returns to the Lower East Side of Manhattan over thirty years later, where he once again must confront the ghosts and regrets of his old life.",16.8972,/i0enkzsL5dPeneWnjl1fCWm6L7k.jpg,1984-05-23,False,False,8.4,6049
False,/2lHxj082xknb8kt4gOcmn1yPjkk.jpg,"[12, 16, 35, 10751, 14]",1315772,Minions & Monsters,en,Minions & Monsters,"This is the rambunctious, ridiculous and totally true story of how the Minions conquered Hollywood, became movie stars, lost everything, unleashed monsters onto the world and then banded together to try and save the planet from the mayhem they had just created.",16.0377,/nz7i42yhLIJ4ve9JKgM6NthoLHO.jpg,2026-06-24,False,False,0.0,0
False,/5oV82L5XtwSK624zK6WPZBLkl6n.jpg,[18],1618818,痴汉日记2：不停抚摸臀部的男人,ja,痴汉日记2：不停抚摸臀部的男人,,12.8242,/87vyeAPsMrsOnOW42cQZ0Wsxag8.jpg,1995-12-01,False,False,0.0,0
False,/lxwzY9vNwjDgxWKt3zZ6zcU6rEJ.jpg,"[28, 12, 16, 10751]",9806,The Incredibles,en,The Incredibles,"Bob Parr has given up his superhero days to log in time as an insurance adjuster and raise his three children with his formerly heroic wife in suburbia. But when he receives a mysterious assignment, it's time to get back into costume.",15.2514,/2LqaLgk4Z226KkgPJuiOQ58wvrm.jpg,2004-10-27,False,False,7.726,18908
False,/w5IDXtifKntw0ajv2co7jFlTQDM.jpg,"[878, 9648, 12]",62,2001: A Space Odyssey,en,2001: A Space Odyssey,"Humanity finds a mysterious object buried beneath the lunar surface and sets off to find its origins with the help of HAL 9000, the world's most advanced super computer.",14.8591,/ve72VxNqjGM69Uky4WTo2bK6rfq.jpg,1968-04-02,False,False,8.0,12607
False,/5fX1oSGuYdKgwWmUTAN5MNSQGzr.jpg,"[28, 12, 14]",209112,Batman v Superman: Dawn of Justice,en,Batman v Superman: Dawn of Justice,"Fearing the actions of a god-like Super Hero left unchecked, Gotham City’s own formidable, forceful vigilante takes on Metropolis’s most revered, modern-day savior, while the world wrestles with what sort of hero it really needs. And with Batman and Superman at war with one another, a new threat quickly arises, putting mankind in greater danger than it’s ever known before.",15.6993,/5UsK3grJvtQrtzEgqNlDljJW96w.jpg,2016-03-23,False,False,6.001,19007
False,/95ckrV6wQgbffurAVmETQ5YKASL.jpg,"[10752, 18, 28]",228150,Fury,en,Fury,"April, 1945. As the Allies make their final push in the European Theatre, a battle-hardened army sergeant named Wardaddy commands a Sherman tank and her five-man crew on a deadly mission behind enemy lines. Outnumbered and outgunned, and with a rookie soldier thrust into their platoon, Wardaddy and his men face overwhelming odds in their heroic attempts to strike at the heart of Nazi Germany.",15.5857,/pfte7wdMobMF4CVHuOxyu6oqeeA.jpg,2014-10-15,False,False,7.546,12933
False,/2iqLoDsatVBwAvHTEzI71p3qBe9.jpg,"[99, 80]",1662317,The Crash,en,The Crash,"A teen slams her car into a building, killing her boyfriend and his friend. What seems like a tragic accident becomes a murder case.",14.3482,/veskdPx4YUTmkrFrTs6zRJ8VV4E.jpg,2026-05-14,False,False,6.929,106
False,/xj1Sv1xm4Y0ydBueGuf10Y9qM0O.jpg,[18],489,Good Will Hunting,en,Good Will Hunting,"Will Hunting is a headstrong, working-class genius who is failing the lessons of life. After one too many run-ins with the law, Will's last chance is a psychology professor, who might be the only man who can reach him.",14.9139,/z2FnLKpFi1HPO7BEJxdkv6hpJSU.jpg,1997-12-05,False,False,8.162,13862
False,/hwwFyowfcbLRVmRBOkvnABBNIOs.jpg,"[12, 16, 35, 10751]",9487,A Bug's Life,en,A Bug's Life,"On behalf of ""oppressed bugs everywhere,"" an inventive ant named Flik hires a troupe of warrior bugs to defend his bustling colony from a horde of freeloading grasshoppers led by the evil-minded Hopper.",15.133,/Ah3J9OJVc2CNCuH2zMydXy9fmIC.jpg,1998-11-25,False,False,6.979,9733
False,/hyl6es0MyJ1tEmziR293GxdIQKZ.jpg,"[35, 10749]",1522496,Food Truck: Stolen Love... and Moo Deng,th,ฟู้ดทรัค ลัก (รัก) หมูเด้ง,"When a child sneaks onto their food truck looking for his father, three friends go on a wild road trip, running into police, monks — and a famous hippo.",11.9226,/fOhSmHSEm0iVQ2AdG5SkjXnsvUM.jpg,2025-08-28,False,False,5.8,6
False,/aLhtnH4pKHnD02ZfBGm2djwlNBH.jpg,"[16, 99]",426889,Le Clitoris,fr,Le Clitoris,"Women are lucky, they get to have the only organ in the human body dedicated exclusively for pleasure: the clitoris! In this humorous and instructive animated documentary, find out its unrecognized anatomy and its unknown herstory.",14.5182,/osBGGlyIwsnSDIJ3vy83JpH1OUY.jpg,2017-08-24,False,False,6.756,43
False,/70AV2Xx5FQYj20labp0EGdbjI6E.jpg,"[53, 80, 18]",637649,Wrath of Man,en,Wrath of Man,"A cold and mysterious new security guard for a Los Angeles cash truck company surprises his co-workers when he unleashes precision skills during a heist. The crew is left wondering who he is and where he came from. Soon, the marksman's ultimate motive becomes clear as he takes dramatic and irrevocable steps to settle a score.",14.2921,/M7SUK85sKjaStg4TKhlAVyGlz3.jpg,2021-04-22,False,False,7.576,6105
False,/6WqqEjiycNvDLjbEClM1zCwIbDD.jpg,"[27, 53, 878]",1100988,28 Years Later,en,28 Years Later,"Twenty-eight years after the Rage virus outbreak, a heavily-defended island survives connected to the mainland by a single causeway. When one of the group leaves the island into the dark heart of the mainland, he discovers secrets, wonders, and horrors that have mutated not only the infected but other survivors as well.",15.4403,/n5FygjEppOvac6yEaowi26nTyw3.jpg,2025-06-18,False,False,6.614,2572
False,/wGXJDCPRPZzsMik0irEFFMoNpSP.jpg,"[35, 18]",30709,...All the Marbles,en,...All the Marbles,A two-bit promoter tries to take a women's wrestling team to the top.,15.8439,/qv0WuNiP93ahEEYDFwC5DcjJmOS.jpg,1981-03-01,False,False,6.1,58
False,/o8dPH0ZSIyyViP6rjRX1djwCUwI.jpg,"[9648, 53, 27]",419430,Get Out,en,Get Out,"Chris and his girlfriend Rose go upstate to visit her parents for the weekend. At first, Chris reads the family's overly accommodating behavior as nervous attempts to deal with their daughter's interracial relationship, but as the weekend progresses, a series of increasingly disturbing discoveries lead him to a truth that he never could have imagined.",15.2129,/mE24wUCfjK8AoBBjaMjho7Rczr7.jpg,2017-02-24,False,False,7.623,18904
False,/13Nz8EchKRdCgJcKdEoJAnpiVn2.jpg,"[28, 12, 14]",791373,Zack Snyder's Justice League,en,Zack Snyder's Justice League,"Determined to ensure Superman's ultimate sacrifice was not in vain, Bruce Wayne aligns forces with Diana Prince with plans to recruit a team of metahumans to protect the world from an approaching threat of catastrophic proportions.",15.2908,/tnAuB8q5vv7Ax9UAEje5Xi4BXik.jpg,2021-03-18,False,False,8.1,10836
False,/q7vmCCmyiHnuKGMzHZlr0fD44b9.jpg,"[10749, 14, 10751, 18]",150689,Cinderella,en,Cinderella,"When her father unexpectedly passes away, young Ella finds herself at the mercy of her cruel stepmother and her daughters. Never one to give up hope, Ella's fortunes begin to change after meeting a dashing stranger in the woods.",13.1556,/j91LJmcWo16CArFOoapsz84bwxb.jpg,2015-03-06,False,False,6.824,7396
False,/x6zvXGaI67NJehFHorTRSxEasMe.jpg,[18],1688163,Hayok,tl,Hayok,"A feisty thriller about a fiercely independent woman who becomes the obsession of a contractor desperate to possess her. But when betrayal turns violent, she strikes back with a revenge that destroys his pride and control.",14.7103,/i4FFY9mskUpJLnLXQwZSTn3f1Ek.jpg,2026-05-15,False,False,7.0,1
False,/gklkxY0veMajdCiGe6ggsh07VG2.jpg,"[10751, 35, 12, 16]",940551,Migration,en,Migration,"After a migrating duck family alights on their pond with thrilling tales of far-flung places, the Mallard family embarks on a family road trip, from New England, to New York City, to tropical Jamaica.",13.8425,/ldfCF9RhR40mppkzmftxapaHeTo.jpg,2023-12-06,False,False,7.4,2250
False,/7S0bXv3BqCuPfImKRf5kkmBVYZR.jpg,"[28, 12, 14]",572802,Aquaman and the Lost Kingdom,en,Aquaman and the Lost Kingdom,"Black Manta seeks revenge on Aquaman for his father's death. Wielding the Black Trident's power, he becomes a formidable foe. To defend Atlantis, Arthur (Aquaman) forges an alliance with his imprisoned brother. They must protect the kingdom.",14.189,/7lTnXOy0iNtBAdRP3TZvaKJ77F6.jpg,2023-12-20,False,False,6.523,3497
False,/pAyImoslSnpMgjRwhaS5ZEdl8UI.jpg,"[28, 53]",1448560,Wildcat,en,Wildcat,An ex-black ops team reunite to pull off a desperate heist in order to save the life of their leader’s eight-year-old daughter.,13.3376,/h893ImjM6Fsv5DFhKJdlZFZIJno.jpg,2025-11-19,False,False,6.23,172
False,/tCsYQTkQx7vknDmTw666K1XxAdx.jpg,"[28, 18, 53, 80]",348893,Boyka: Undisputed IV,en,Boyka: Undisputed IV,"In the fourth installment of the fighting franchise, Boyka is shooting for the big leagues when an accidental death in the ring makes him question everything he stands for. When he finds out the wife of the man he accidentally killed is in trouble, Boyka offers to fight in a series of impossible battles to free her from a life of servitude.",15.5508,/7QGdIJWWTkPhVjpQ0zA6z69khod.jpg,2016-08-01,False,False,7.193,1460
False,/atoIgfAk2Ig2HFJLD0VUnjiPWEz.jpg,"[12, 35, 10751, 14]",118,Charlie and the Chocolate Factory,en,Charlie and the Chocolate Factory,"A young boy wins a tour through the most magnificent chocolate factory in the world, led by the world's most unusual candy maker.",15.0951,/iKP6wg3c6COUe8gYutoGG7qcPnO.jpg,2005-07-13,False,False,7.039,16127
False,/6Ybbh8TrO8bkEfQXDedekLwVDfA.jpg,"[16, 35, 10751, 12]",8355,Ice Age: Dawn of the Dinosaurs,en,Ice Age: Dawn of the Dinosaurs,"Times are changing for Manny the moody mammoth, Sid the motor mouthed sloth and Diego the crafty saber-toothed tiger. Life heats up for our heroes when they meet some new and none-too-friendly neighbors – the mighty dinosaurs.",14.5684,/cXOLaxcNjNAYmEx1trZxOTKhK3Q.jpg,2009-06-26,False,False,6.767,8873
False,/s7MXg9Srra1aptzaTkvtnHVYSF8.jpg,"[18, 10749]",19173,Diary of a Nymphomaniac,es,Diario de una ninfómana,"A chronicle of the life of a middle-class French girl's sexual adventures, her then fall into prostitution, and her ultimate redemption.",14.7844,/yVYTeiFv7oQsSQF9OBRngg7ZqLg.jpg,2008-10-17,False,False,5.647,365
False,/liiPM38H376CDqxJ7VeQjan5YUy.jpg,"[16, 35, 12, 10751]",57800,Ice Age: Continental Drift,en,Ice Age: Continental Drift,"Manny, Diego, and Sid embark upon another adventure after their continent is set adrift. Using an iceberg as a ship, they encounter sea creatures and battle pirates as they explore a new world.",14.3638,/dfp1BZF7FxbBUyzHvMOI9t8NWDD.jpg,2012-06-27,False,False,6.387,8108
False,/711jYfJrsY5x2R0Yh0pFeJTPWA7.jpg,"[27, 9648]",1480387,undertone,en,undertone,The host of a popular paranormal podcast becomes haunted by terrifying recordings mysteriously sent her way.,12.9149,/2PFgFMnrdCPXWiZl1PUvky7Mo9D.jpg,2026-03-12,False,False,6.135,222
False,/4bEobT73fUlJbWQAdRfnkjczTcN.jpg,[35],69403,The Nurse in the Military Madhouse,it,L'infermiera nella corsia dei militari,"A story about a singer/showgirl who poses as a nurse to recover some stolen paintings, which for some reason are hidden in a military insane asylum.",10.3665,/8UuCwHK8htLjedwP6hZxMI5WpKZ.jpg,1979-11-27,False,False,5.1,38
False,/4BS8tgBNWg2jPiDlBwM2iJe1xB7.jpg,"[16, 10751, 12, 35]",49013,Cars 2,en,Cars 2,Star race car Lightning McQueen and his pal Mater head overseas to compete in the World Grand Prix race. But the road to the championship becomes rocky as Mater gets caught up in an intriguing adventure of his own: international espionage.,15.8865,/okIz1HyxeVOMzYwwHUjH2pHi74I.jpg,2011-06-11,False,False,6.18,8478
False,/raph7qjAGTMXaIjVxt6ZDSXRzUr.jpg,"[28, 878, 12]",786892,Furiosa: A Mad Max Saga,en,Furiosa: A Mad Max Saga,"As the world falls, young Furiosa is snatched from the Green Place of Many Mothers into the hands of a great biker horde led by the warlord Dementus. Sweeping through the wasteland, they encounter the citadel presided over by Immortan Joe. The two tyrants wage war for dominance, and Furiosa must survive many trials as she puts together the means to find her way home.",16.6222,/iADOJ8Zymht2JPMoy3R7xceZprc.jpg,2024-05-22,False,False,7.455,4891
False,/fOy2Jurz9k6RnJnMUMRDAgBwru2.jpg,"[16, 10751, 35, 14]",508947,Turning Red,en,Turning Red,"Thirteen-year-old Mei is experiencing the awkwardness of being a teenager with a twist – when she gets too excited, she transforms into a giant red panda.",13.9934,/qsdjk9oAKSQMWs0Vt5Pyfh6O4GZ.jpg,2022-03-10,False,False,7.335,5864
False,/sd4xN5xi8tKRPrJOWwNiZEile7f.jpg,"[16, 12, 35, 10751]",920,Cars,en,Cars,"Lightning McQueen, a hotshot rookie race car driven to succeed, discovers that life is about the journey, not the finish line, when he finds himself unexpectedly detoured in the sleepy Route 66 town of Radiator Springs. On route across the country to the big Piston Cup Championship in California to compete against two seasoned pros, McQueen gets to know the town's offbeat characters.",14.8037,/2Touk3m5gzsqr1VsvxypdyHY5ci.jpg,2006-06-08,False,False,7.032,15124
False,/d72ROyJqXQtw2OupW0l15eicRAF.jpg,"[27, 12, 28]",7131,Van Helsing,en,Van Helsing,Famed monster slayer Gabriel Van Helsing is dispatched to Transylvania to assist the last of the Valerious bloodline in defeating Count Dracula. Anna Valerious reveals that Dracula has formed an unholy alliance with Dr. Frankenstein's monster and is hell-bent on exacting a centuries-old curse on her family.,14.7061,/gsFun8nATm52aGHeT8ueAel98nE.jpg,2004-05-03,False,False,6.416,6667
False,/ok4ot3YbfDYZcINXf91JUfq3maB.jpg,"[27, 9648, 80]",176,Saw,en,Saw,"Two men wake up to find themselves shackled in a grimy, abandoned bathroom. As they struggle to comprehend their predicament, they discover a disturbing tape left behind by the sadistic mastermind known as Jigsaw. With a chilling voice and cryptic instructions, Jigsaw informs them that they must partake in a gruesome game in order to secure their freedom.",12.1887,/rLNSOudrayDBo1uqXjrhxcjODIC.jpg,2004-10-01,False,False,7.421,10075
False,/3LhHTcJMD5kZyAZYu737y2NZytH.jpg,[27],49353,Snowbeast,en,Snowbeast,"A skier and his wife visit a friend's ski resort during a man beast's rampage, and must hide from the impending danger.",13.3218,/l8myZtBJiucZag5yVSCKrfexKIH.jpg,1977-04-28,False,False,4.311,44
False,/o1jr0UqVjxIZ1JnFzuVLN4ulWey.jpg,"[16, 10751, 35, 12]",950,Ice Age: The Meltdown,en,Ice Age: The Meltdown,"Diego, Manny and Sid return in this sequel to the hit animated movie Ice Age. This time around, the deep freeze is over, and the ice-covered earth is starting to melt, which will destroy the trio's cherished valley. The impending disaster prompts them to reunite and warn all the other beasts about the desperate situation.",12.7862,/e23bfKyjOiKJ5uOufFgfO7JO5ug.jpg,2006-03-29,False,False,6.719,10346
False,/bHfGHipZ32Oec94FDJO4mWs3aZ5.jpg,[27],1034541,Terrifier 3,en,Terrifier 3,"Five years after surviving Art the Clown's Halloween massacre, Sienna and Jonathan are still struggling to rebuild their shattered lives. As the holiday season approaches, they try to embrace the Christmas spirit and leave the horrors of the past behind. But just when they think they're safe, Art returns, determined to turn their holiday cheer into a new nightmare. The festive season quickly unravels as Art unleashes his twisted brand of terror, proving that no holiday is safe.",13.8335,/ju10W5gl3PPK3b7TjEmVOZap51I.jpg,2024-10-09,False,False,6.8,1959
False,/pJfMliqzzVzTU634zpYDMfYNX6c.jpg,"[12, 16, 35, 10751]",1384758,Ice Age: Boiling Point,en,Ice Age: Boiling Point,"A madcap adventure filled with dinosaurs and lava that takes Manny, Sid, Diego, Ellie, Scrat and the herd through the uncharted regions of the dangerous Lost World.",14.6269,/hNfEXv5pKWw3raOghlspn8zFjm4.jpg,2027-02-03,False,False,0.0,0
False,/qvZ91FwMq6O47VViAr8vZNQz3WI.jpg,"[28, 18]",346,Seven Samurai,ja,七人の侍,"A samurai answers a village's request for protection after he falls on hard times. The town needs protection from bandits, so the samurai gathers six others to help him teach the people how to defend themselves, and the villagers provide the soldiers with food.",14.9646,/lOMGc8bnSwQhS4XyE1S99uH8NXf.jpg,1954-04-26,False,False,8.449,4239
False,/tZvdyLP2F6x2TTuh292ceH87qZT.jpg,"[12, 28, 14]",166426,Pirates of the Caribbean: Dead Men Tell No Tales,en,Pirates of the Caribbean: Dead Men Tell No Tales,"Thrust into an all-new adventure, a down-on-his-luck Capt. Jack Sparrow feels the winds of ill-fortune blowing even more strongly when deadly ghost sailors led by his old nemesis, the evil Capt. Salazar, escape from the Devil's Triangle. Jack's only hope of survival lies in seeking out the legendary Trident of Poseidon, but to find it, he must forge an uneasy alliance with a brilliant and beautiful astronomer and a headstrong young man in the British navy.",15.1577,/6lAPOAFYFWIO3SQRemEY2wInQMC.jpg,2017-05-23,False,False,6.658,12821
False,/b9diKSmofRcgjbUxDrSPms82yAN.jpg,[18],9769,Lolita,en,Lolita,"Humbert Humbert is a middle-aged British novelist who is both appalled by and attracted to the vulgarity of American culture. When he comes to stay at the boarding house run by Charlotte Haze, he soon becomes obsessed with Lolita, the woman's teenaged daughter.",13.3413,/9INcC14WZjCMKGE360VXmklCLdZ.jpg,1997-09-27,False,False,7.1,1970
False,/sNhzcUw5cg4JwICjnHZ5XhTKNrU.jpg,"[53, 28, 878]",766507,Prey,en,Prey,"When danger threatens her camp, the fierce and highly skilled Comanche warrior Naru sets out to protect her people. But the prey she stalks turns out to be a highly evolved alien predator with a technically advanced arsenal.",15.1378,/2FKjLRt7oK1bRRIrxgWmthbBdFh.jpg,2022-08-02,False,False,7.658,7735
False,/69EFgWWPFWbRNHmQgYdSnyJ94Ge.jpg,"[28, 12, 878]",49521,Man of Steel,en,Man of Steel,"A young boy learns that he has extraordinary powers and is not of this earth. As a young man, he journeys to discover where he came from and what he was sent here to do. But the hero in him must emerge if he is to save the world from annihilation and become the symbol of hope for all mankind.",15.3269,/cB46TSg3kGjq2eVy5kVUhlpUa1H.jpg,2013-06-12,False,False,6.65,16213
False,/yvPbncYhMu9FfTjDhq0N5lgnVkO.jpg,"[35, 10749, 18]",4951,10 Things I Hate About You,en,10 Things I Hate About You,"On the first day at his new school, Cameron instantly falls for Bianca, the gorgeous girl of his dreams. The only problem is that Bianca is forbidden to date until her ill-tempered, completely un-dateable older sister Kat goes out, too. In an attempt to solve his problem, Cameron singles out the only guy who could possibly be a match for Kat: a mysterious bad boy with a nasty reputation of his own.",13.5507,/ujERk3aKABXU3NDXOAxEQYTHe9A.jpg,1999-03-30,False,False,7.594,8926
False,/8Sh04np6IA2shSycI9uy5xrjC6I.jpg,"[53, 10770]",375846,Bad Sister,en,Bad Sister,"As a top student at St. Adeline's Catholic Boarding School, Zoe senses that something is not quite right about the school's new nun-- a sense proven to be true when it is revealed the ""good' nun is an imposter with a fatal attraction to Zoe's brother.",13.1776,/jKrIlgfJPIWNeowaOZPBZuOPmq0.jpg,2015-08-24,False,False,6.578,249
False,/7F1djgcBJkMWFOeQ0ZK4b5Q3LPb.jpg,"[10749, 18]",30112,Lost in Beijing,zh,苹果,"A look at modern-day life in China's capital centered on a ménage-a-quatre involving a young woman, her boss, her husband and her boss's wife.",13.4328,/8QAKu09quzKd9B8iPSmtBmd5Tru.jpg,2007-09-26,False,False,6.6,62
False,/ydwoOQzqwSbgU8Qaz3mpq6fNohX.jpg,"[35, 18]",207947,Story of White Coat: Indecent Acts,ja,白衣物語 淫す！,"A trainee has dream is to become a nurse and live a comfortable life. But that dream turns into a nightmare when she becomes the object of obsession for the sex crazed son of a major shareholder at the hospital where she works. When he is admitted to the hospital with alcohol poisoning, no nurse is safe!  Will she escape his clutches or will she finally succumb to his amorous appetite?",13.7715,/wVRI0yYjj9jyKMkxCUkBwWvCZup.jpg,1984-03-02,False,False,4.5,8
False,/ggC3Brchf4RqPitEh7cROFoeAWn.jpg,"[18, 80]",640,Catch Me If You Can,en,Catch Me If You Can,"A true story about Frank Abagnale Jr. who, before his 19th birthday, successfully conned millions of dollars worth of checks as a Pan Am pilot, doctor, and legal prosecutor. An FBI agent makes it his mission to put him behind bars. But Frank not only eludes capture, he revels in the pursuit.",14.7234,/ctjEj2xM32OvBXCq8zAdK3ZrsAj.jpg,2002-12-16,False,False,7.979,17127
False,/87GU2ifjNYtgYtcRH1NNH1P4ODo.jpg,"[18, 35, 10749]",1064213,Anora,en,Anora,"A young sex worker from Brooklyn gets her chance at a Cinderella story when she meets and impulsively marries the son of an oligarch. Once the news reaches Russia, her fairytale is threatened as his parents set out to get the marriage annulled.",14.0592,/cgXk2tNYhJZLXdBDO5DidAVzQ82.jpg,2024-10-14,False,False,7.072,3174
False,/kKTPv9LKKs5L3oO1y5FNObxAPWI.jpg,"[35, 18, 53]",466272,Once Upon a Time... in Hollywood,en,Once Upon a Time... in Hollywood,"Los Angeles, 1969. TV star Rick Dalton, a struggling actor specializing in westerns, and stuntman Cliff Booth, his best friend, try to survive in a constantly changing movie industry. Dalton is the neighbor of the young and promising actress and model Sharon Tate, who has just married the prestigious Polish director Roman Polanski…",14.5831,/8j58iEBw9pOXFD2L0nt0ZXeHviB.jpg,2019-07-24,False,False,7.4,14867
False,/sdwjQEM869JFwMytTmvr6ggvaUl.jpg,"[18, 53, 9648, 28]",670,Oldboy,ko,올드보이,"With no clue how he came to be imprisoned, drugged and tortured for 15 years, a desperate man seeks revenge on his captors.",14.2267,/pWDtjs568ZfOTMbURQBYuT4Qxka.jpg,2003-11-21,False,False,8.2,9879
False,/tOqIwliWMovSIZ9DyvHcHI7p2im.jpg,"[28, 12, 18]",558449,Gladiator II,en,Gladiator II,"Years after witnessing the death of the revered hero Maximus at the hands of his uncle, Lucius is forced to enter the Colosseum after his home is conquered by the tyrannical Emperors who now lead Rome with an iron fist. With rage in his heart and the future of the Empire at stake, Lucius must look to his past to find strength and honor to return the glory of Rome to its people.",14.9709,/2cxhvwyEwRlysAmRH4iodkvo0z5.jpg,2024-11-13,False,False,6.611,4456
False,/5lAMQMWpXMsirvtLLvW7cJgEPkU.jpg,"[16, 18, 10749]",378064,A Silent Voice: The Movie,ja,映画 聲の形,"Shouya Ishida starts bullying the new girl in class, Shouko Nishimiya, because she is deaf. But as the teasing continues, the rest of the class starts to turn on Shouya for his lack of compassion. When they leave elementary school, Shouko and Shouya do not speak to each other again... until an older, wiser Shouya, tormented by his past behaviour, decides he must see Shouko once more. He wants to atone for his sins, but is it already too late...?",13.9801,/tuFaWiqX0TXoWu7DGNcmX3UW7sT.jpg,2016-09-17,False,False,8.388,4499
False,/bzb6BDskaYbRvXMIENcqFdgwiY0.jpg,"[35, 10749]",12779,Swept Away,en,Swept Away,"Stranded and alone on a desert island during a cruise, a spoiled rich woman and a deckhand fall in love and make a date to reunite after their rescue.",11.1345,/rAa3nTeDpwgLX6XxnT3wR86C5WE.jpg,2002-10-11,False,False,4.7,312
False,/nsV5Mfi9FAV4w8eDsdr7uqVswOk.jpg,"[28, 53, 12, 80]",587412,K.G.F: Chapter 2,kn,ಕೆ.ಜಿ.ಎಫ್: Chapter 2,"The blood-soaked land of Kolar Gold Fields (KGF) has a new overlord now - Rocky, whose name strikes fear in the heart of his foes. His allies look up to Rocky as their Savior, the government sees him as a threat to law and order; enemies are clamoring for revenge and conspiring for his downfall. Bloodier battles and darker days await as Rocky continues on his quest for unchallenged supremacy.",15.1478,/khNVygolU0TxLIDWff5tQlAhZ23.jpg,2022-04-14,False,False,7.379,207
False,/3NjnzibGjTdVfgVZoS7YNgeqPNB.jpg,[],934750,Molester Diary: A Man Who Kept Stroking Ass 2,ja,尻を撫でまわしつづけた男 痴漢日記2,"The familiar Chikan group members who bite into the buttocks of women in the crowd of crowded trains and are absorbed in lewd acts without discipline today. Leader Kawasaki and Gum man, and a manga artist I.  For some reason, I took on the role of a bodyguard to protect Kawasaki's daughter from molesting, but what was the father of the molesting young man who was also a molester !? The ties between the parents of the molester are intertwined, and the two are exactly Romeo and Juliet. From an idol to an actress ── Misa Aika fascinates her with her body-hugging performance against Kazuya Takahashi and Yoshiyuki Ohmori. The director is Tadafumi Tomioka, who received high praise for his sensual visual beauty and detailed production in his younger brother's work.  A masterpiece that goes beyond the common sense of molester movies! The second installment of the popular metamorphosis pure love movie ""Ass Stroke"" series, which was praised by the media and film critics!",12.1894,/y2cG0Cj3PvdNSeMcKcsi9IhGe12.jpg,1995-12-01,False,False,6.0,1
False,/3P52oz9HPQWxcwHOwxtyrVV1LKi.jpg,"[28, 35, 12]",383498,Deadpool 2,en,Deadpool 2,Wisecracking mercenary Deadpool battles the evil and powerful Cable and other bad guys to save a boy's life.,16.1353,/to0spRl1CMDvyUbOnbb4fTk3VAd.jpg,2018-05-15,False,False,7.491,19243
False,/yizL4cEKsVvl17Wc1mGEIrQtM2F.jpg,"[28, 878, 12]",588228,The Tomorrow War,en,The Tomorrow War,"The world is stunned when a group of time travelers arrive from the year 2051 to deliver an urgent message: Thirty years in the future, mankind is losing a global war against a deadly alien species. The only hope for survival is for soldiers and civilians from the present to be transported to the future and join the fight. Among those recruited is high school teacher and family man Dan Forester. Determined to save the world for his young daughter, Dan teams up with a brilliant scientist and his estranged father in a desperate quest to rewrite the fate of the planet.",13.6827,/34nDCQZwaEvsy4CFO5hkGRFDCVU.jpg,2021-09-03,False,False,7.487,4163
False,/3TeGmKJfkik1D1rIoqGb1aR4k9c.jpg,"[12, 28, 878]",1893,Star Wars: Episode I - The Phantom Menace,en,Star Wars: Episode I - The Phantom Menace,"Anakin Skywalker, a young slave strong with the Force, is discovered on Tatooine. Meanwhile, the evil Sith have returned, enacting their plot for revenge against the Jedi.",12.9718,/6wkfovpn7Eq8dYNKaG5PY3q2oq6.jpg,1999-05-19,False,False,6.578,15856
False,/tyfO9jHgkhypUFizRVYD0bytPjP.jpg,"[10751, 14]",447273,Snow White,en,Snow White,"Following the benevolent King's disappearance, the Evil Queen dominated the once fair land with a cruel streak. Princess Snow White flees the castle when the Queen, in her jealousy over Snow White's inner beauty, tries to kill her. Deep into the dark woods, she stumbles upon seven magical dwarves and a young bandit named Jonathan. Together, they strive to survive the Queen's relentless pursuit and aspire to take back the kingdom.",13.9526,/oLxWocqheC8XbXbxqJ3x422j9PW.jpg,2025-03-19,False,False,4.315,1640
False,,[28],935508,Female Teacher Punisher 2: Goddess of Hell,ja,女教師仕置人 地獄の女神,"In the daytime, an ordinary high school girl's English teacher, but at night, the dynamite body of Super Lady Reiko, who defeats the villains who are infested in the world as an agent of a mysterious organization, explodes. A direct sequel to the first iteration.",10.5889,/uTR9osRcA5hKALePWTsyhZdNt56.jpg,1990-06-01,False,False,0.0,0
False,/wcO9jYjBqsIKNFR3UXwNNDJAUJY.jpg,[18],1635279,SNOS-056り広げられる、お酒の勢いで一線を超えてしまった男女のふしだらな土日。生々しくて普通だけど一番エロいSEX,ja,SNOS-056り広げられる、お酒の勢いで一線を超えてしまった男女のふしだらな土日。生々しくて普通だけど一番エロいSEX,,12.0778,/eAuSdg6aYf9nole1RhY4qTfZvRX.jpg,2026-01-27,False,False,0.0,0
False,/qvcOovScPoRalRxDy50rYSYFree.jpg,"[35, 10749]",10591,The Girl Next Door,en,The Girl Next Door,"Exceptionally ambitious high schooler Matthew has aspirations for a career in politics when he falls in love with his gorgeous 19-year-old neighbor, Danielle. But Matthew's bright future is jeopardized when he finds Danielle was once a porn star. As Danielle's past catches up with her, Matthew's love for her forces him to re-evaluate his goals.",14.6551,/5mVyFHSY2rSsNgD4NfEwV82HigU.jpg,2004-04-09,False,False,6.747,4027
False,/v23fWgJUEt8EMmvn19btIacxP8E.jpg,"[10749, 14, 16]",3933,Corpse Bride,en,Corpse Bride,"In a 19th-century European village, a young man about to be married is whisked away to the underworld and wed to a mysterious corpse bride, while his real bride waits bereft in the land of the living.",15.5677,/3RAoVTxUk1OzZClscAsynuu670p.jpg,2005-09-12,False,False,7.591,10192
False,/nP3y0TkR6XniFs9J53qQkg4Bnnk.jpg,"[18, 35]",10625,Mean Girls,en,Mean Girls,"Cady Heron is a hit with The Plastics, the A-list girl clique at her new school, until she makes the mistake of falling for Aaron Samuels, the ex-boyfriend of alpha Plastic Regina George.",13.7434,/dOD99br6a65QHC6i2jjl7A2Bsul.jpg,2004-04-30,False,False,7.2,9468
False,/r17jFHAemzcWPPtoO0UxjIX0xas.jpg,"[28, 53, 80]",324552,John Wick: Chapter 2,en,John Wick: Chapter 2,"John Wick is forced out of retirement by a former associate looking to seize control of a shadowy international assassins’ guild. Bound by a blood oath to aid him, Wick travels to Rome and does battle against some of the world’s most dangerous killers.",14.3613,/hXWBc0ioZP3cN4zCu6SN3YHXZVO.jpg,2017-02-08,False,False,7.339,14269
False,/2nwhxEyefcIFKwOrSigiamoIzu2.jpg,"[28, 53, 18]",1119878,Ice Road: Vengeance,en,Ice Road: Vengeance,"Big rig ice road driver Mike McCann travels to Nepal to scatter his late brother’s ashes on Mt. Everest. While on a packed tour bus traversing the deadly 12,000 ft. terrain of the infamous Road to the Sky, McCann and his mountain guide encounter a group of mercenaries and must fight to save themselves, the busload of innocent travelers, and the local villagers’ homeland.",12.9545,/cQN9rZj06rXMVkk76UF1DfBAico.jpg,2025-06-27,False,False,6.242,631
False,/5lQ4euO30sDin5nCifvi0vURFNd.jpg,"[28, 35, 10751]",1248226,Playdate,en,Playdate,"When out-of-work accountant Brian joins stay-at-home dad Jeff for a playdate with their sons, he expects a laid-back afternoon. Instead, they're chased by mercenaries, and Brian—totally unprepared—must survive one absurd obstacle after another.",13.2061,/fGodXWqJkkkbSebPIlxLSygV8GY.jpg,2025-11-04,False,False,6.107,603
False,/bWF5ImUscXXYia8owpm8coadR4m.jpg,"[28, 27, 10752, 878]",1257009,Primitive War,en,Primitive War,"During the Vietnam War, a recon unit ventures to an isolated jungle valley to uncover the fate of a missing platoon. They soon find themselves in a fight for their lives against an unexpected enemy — prehistoric dinosaurs.",12.8222,/noujgznyJIaurEinZhcSVzTmkLo.jpg,2025-08-21,False,False,6.584,327
False,/d5C5Wsx4fnMRA0tj9BK1kTPcgQe.jpg,"[27, 53]",1315303,Primate,en,Primate,"College student Lucy and her friends spend their vacation at her family's home in Hawaii, which includes her pet chimpanzee, Ben. However, when Ben contracts rabies after being bitten by a rabid animal, the group must fight for their lives in order to avoid the now-violent chimp.",14.2494,/rKleYiEj4pFqxedTRWfujLooi84.jpg,2026-01-01,False,False,6.516,665
False,/k6tdiMTO39RQj3dhfspuzprfoe0.jpg,"[80, 28, 53, 18]",941109,Play Dirty,en,Play Dirty,"Expert thief Parker gets a shot at a major heist, but to pull it off he and his team must outsmart a South American dictator, the New York mob, and the world's richest man.",14.1792,/ovZ0zq0NwRghtWI1oLaM0lWuoEw.jpg,2025-09-30,False,False,6.578,625
False,/oIJjO1CvEdTMFNkWfHaV0RB584G.jpg,"[28, 80, 53]",628847,Trap House,en,Trap House,"An undercover DEA agent and his partner embark on a game of cat and mouse with an audacious, and surprising group of thieves – their own rebellious teenagers, who have begun robbing from a dangerous cartel, using their parents' tactics and top-secret intel to do it.",14.1594,/6tpAPeuuqbVnYWWPoOLEDLSBU7a.jpg,2025-11-14,False,False,6.592,273
False,/4fLZUr1e65hKPPVw0R3PmKFKxj1.jpg,"[16, 35, 10751, 14, 10749]",976573,Elemental,en,Elemental,"In a city where fire, water, land and air residents live together, a fiery young woman and a go-with-the-flow guy will discover something elemental: how much they have in common.",14.1559,/4Y1WNkd88JXmGfhtWR7dmDAo1T2.jpg,2023-06-14,False,False,7.579,5303
False,/h25oHn8FJHaImp8DneBhDJQHOpM.jpg,[99],17073,American Swing,en,American Swing,Chronicles the rise and fall of 1970s New York City nightclub Plato's Retreat.,13.1324,/d4rfQ9lEq0G1yNUOjHEofXlfk0Z.jpg,2009-10-17,False,False,5.1,18
False,/k6ANeyxAfMRi5xhxIXv1Scn9vc2.jpg,"[27, 53, 80]",934433,Scream VI,en,Scream VI,"Following the latest Ghostface killings, the four survivors leave Woodsboro behind and start a fresh chapter.",14.1416,/wDWwtvkRRlgTiUr6TyLSMX8FCuZ.jpg,2023-03-08,False,False,6.945,3200
False,/lzMS0CI3FLQYC5EgJoWeIaEt0lm.jpg,"[878, 18, 12]",286217,The Martian,en,The Martian,"During a manned mission to Mars, Astronaut Mark Watney is presumed dead after a fierce storm and left behind by his crew. But Watney has survived and finds himself stranded and alone on the hostile planet. With only meager supplies, he must draw upon his ingenuity, wit and spirit to subsist and find a way to signal to Earth that he is alive.",14.9595,/3ndAx3weG6KDkJIRMCi5vXX6Dyb.jpg,2015-09-30,False,False,7.699,21244
False,/g961TJZSGL8RzWGwpFK3Us77SfM.jpg,"[99, 36, 10752, 27]",41264,Africa Blood and Guts,it,Africa Addio,"A chronicle of the violence that occurred in much of the African continent throughout the 1960s. As many African countries were transitioning from colonial rule to other forms of government, violent political upheavals were frequent. Revolutions in Zanzibar and Kenya in which thousands were killed are shown, the violence not only political; there is also extensive footage of hunters and poachers slaughtering different types of wild animals.",12.5178,/fPLzCid2gk7eOCrYlXIBU24bTpO.jpg,1966-02-11,False,False,6.212,52
False,,"[27, 18]",1173357,The Devil in Her,zh,女魔,A husband buys his wife a ring only to find out it belonged to a crazy woman who had committed suicide and is now terrorizing the family as a ghost.,14.1012,/focEYGIMnuNz2Zmmqft4Gd1ROBg.jpg,1974-11-27,False,False,7.0,1
False,/vm8mhrjk5nQ562UQ0KbUzi0yOHr.jpg,"[28, 12, 878]",427641,Rampage,en,Rampage,"Primatologist Davis Okoye shares an unshakable bond with George, the extraordinarily intelligent, silverback gorilla who has been in his care since birth.  But a rogue genetic experiment gone awry mutates this gentle ape into a raging creature of enormous size.  To make matters worse, it’s soon discovered there are other similarly altered animals.  As these newly created alpha predators tear across North America, destroying everything in their path, Okoye teams with a discredited genetic engineer to secure an antidote, fighting his way through an ever-changing battlefield, not only to halt a global catastrophe but to save the fearsome creature that was once his friend.",14.0929,/MGADip4thVSErP34FAAfzFBTZ5.jpg,2018-04-11,False,False,6.446,7516
False,/aJCtkxLLzkk1pECehVjKHA2lBgw.jpg,"[12, 28, 878]",1891,The Empire Strikes Back,en,The Empire Strikes Back,"The epic saga continues as Luke Skywalker, in hopes of defeating the evil Galactic Empire, learns the ways of the Jedi from aging master Yoda. But Darth Vader is more determined than ever to capture Luke. Meanwhile, rebel leader Princess Leia, cocky Han Solo, Chewbacca, and droids C-3PO and R2-D2 are thrown into various stages of capture, betrayal and despair.",13.4237,/nNAeTmF4CtdSgMDplXTDPOpYzsX.jpg,1980-05-20,False,False,8.392,18443
False,/1Onam6oWyFAUCcoxtdWkACtEiNr.jpg,"[18, 10749]",4348,Pride & Prejudice,en,Pride & Prejudice,"A story of love and life among the landed English gentry during the Georgian era. Mr. Bennet is a gentleman living in Hertfordshire with his overbearing wife and five daughters, but if he dies their house will be inherited by a distant cousin whom they have never met, so the family's future happiness and security is dependent on the daughters making good marriages.",14.603,/o8UhmEbWPHmTUxP0lMuCoqNkbB3.jpg,2005-09-16,False,False,8.1,8776
False,/1ZSWFzAP4AZuFCigZZoib2RdcUO.jpg,"[18, 9648, 53]",411088,The Invisible Guest,es,Contratiempo,"Barcelona, Spain. Adrián Doria, a young and successful businessman accused of murder, meets one night with Virginia Goodman, an expert interrogation lawyer, in order to devise a defense strategy.",14.0762,/fptnZJbLzKUHeNlYrAynbyoL5YJ.jpg,2017-01-06,False,False,8.079,4992
False,/ocOWbTzHcJVTw9Tz173KPeskDOP.jpg,"[10751, 14, 12]",12155,Alice in Wonderland,en,Alice in Wonderland,"Alice, now 19 years old, returns to the whimsical world she first entered as a child and embarks on a journey to discover her true destiny.",13.6255,/o0kre9wRCZz3jjSjaru7QU0UtFz.jpg,2010-03-03,False,False,6.642,14816
False,/3q01ACG0MWm0DekhvkPFCXyPZSu.jpg,"[28, 35, 80]",573435,Bad Boys: Ride or Die,en,Bad Boys: Ride or Die,"After their late former Captain is framed, Lowrey and Burnett try to clear his name, only to end up on the run themselves.",14.063,/oGythE98MYleE6mZlGs5oBGkux1.jpg,2024-06-05,False,False,7.324,3338
False,/2oZklIzUbvZXXzIFzv7Hi68d6xf.jpg,"[18, 37]",68718,Django Unchained,en,Django Unchained,"With the help of a German bounty hunter, a freed slave sets out to rescue his wife from a brutal Mississippi plantation owner.",13.6562,/mhf63wOnaLCnzxeHgngTH98WaVh.jpg,2012-12-25,False,False,8.192,28064
False,/8zhviPFJx25k8PbUOUL5sLOy9XE.jpg,"[80, 18, 53]",242,The Godfather Part III,en,The Godfather Part III,"In the midst of trying to legitimize his business dealings in 1979 New York and Italy, aging mafia don, Michael Corleone seeks forgiveness for his sins while taking a young protege under his wing.",13.2223,/lm3pQ2QoQ16pextRsmnUbG2onES.jpg,1990-12-25,False,False,7.419,6877
False,/pxd9rc03EMMln3tVFdfd427Fpsi.jpg,"[16, 12, 14, 10751]",1542261,Doraemon the Movie: New Nobita and the Castle of the Undersea Devil,ja,映画ドラえもん 新・のび太の海底鬼岩城,"Nobita and friends finds a secret underwater castle packed with mysteries and riches. With Doraemon's high-tech gadgets, they dive into an ocean adventure mixing humor, teamwork, and imagination in a breathtaking aquatic world.",14.0252,/j0n3oaUqbig4Gb0yG1GPrb2KRyl.jpg,2026-02-27,False,False,7.8,9
False,/fe6kkxaxn0mCU2gl1vfU44IYWsy.jpg,[18],1317149,I Swear,en,I Swear,"Diagnosed with Tourette Syndrome at 15, John Davidson navigates his way against the odds through troubled teenage years and into adulthood, finding inspiration in the kindness of others to discover his true purpose in life.",14.0127,/vUwyhNWBKkSwK8ELvEeBRwV724h.jpg,2025-09-22,False,False,8.261,335
False,/ifHgVh5c7B3mbq5CfkzwsyMRmpG.jpg,"[10749, 18, 35]",11013,Secretary,en,Secretary,"A young woman, recently released from a mental hospital, gets a job as a secretary to a demanding lawyer, where their employer-employee relationship turns into a sexual, sadomasochistic one.",12.9506,/mdRXSE7ho185SZlXj0JSwuecEd3.jpg,2002-09-20,False,False,6.797,1921
False,/5oaMV2q0qzxkIW2ukU3lldLu5q2.jpg,"[53, 18, 80]",1359,American Psycho,en,American Psycho,"A wealthy New York investment banking executive hides his alternate psychopathic ego from his co-workers and friends as he escalates deeper into his illogical, gratuitous fantasies.",12.7847,/9uGHEgsiUXjCNq8wdq4r49YL8A1.jpg,2000-04-13,False,False,7.404,12314
False,/gGBF7gDBsbddvSdps6fvNKQoqDh.jpg,"[27, 18, 14]",105825,Erotic Ghost Story III,cn,聊齋三集之燈草和尚,"A wanderer meets a monk with magical powers and becomes entranced by a mural of exquisite dancing women. He enters the painting, unaware of the conspiracy behind it, and must rescue the women who are trapped within.",14.004,/2b1Y6NbZenY45DgC5CwncoLkpo.jpg,1992-03-05,False,False,5.597,31
False,/zkThiZAaAie8Lw7RAc5yPTOewBV.jpg,"[14, 16, 10751]",8392,My Neighbor Totoro,ja,となりのトトロ,"Two sisters move to the country with their father in order to be closer to their hospitalized mother, and discover the surrounding trees are inhabited by Totoros, magical spirits of the forest. When the youngest runs away from home, the older sister seeks help from the spirits to find her.",13.9872,/rtGDOeG9LzoerkDGZF9dnVeLppL.jpg,1988-04-16,False,False,8.1,8822
False,/dCwIUV23UFYITQMq93gqWsjfc1t.jpg,"[35, 12, 28]",244998,Senario XX,ms,Senario XX,"One alien crashed in a small village in Malaysia, create havoc with the villagers. To make it worst, there is some bad alien who pursue him.",13.9812,/scoQLzyPEsL7pSzN22Af2xKzl35.jpg,2005-05-19,False,False,0.0,0
False,/uKPbFF08QkRMvIAsgCh1soeyPhZ.jpg,"[18, 878, 9648]",329865,Arrival,en,Arrival,"Taking place after alien crafts land around the world, an expert linguist is recruited by the military to determine whether they come in peace or are a threat.",13.969,/x2FJsf1ElAgr63Y3PNPtJrcmpoe.jpg,2016-11-10,False,False,7.627,19378
False,/rrUsh0jODStzpJcDbDvLB1Tl901.jpg,"[16, 14, 28, 12]",1144107,The Legend of Hei 2,zh,罗小黑战记 2,"When an attack shatters the fragile peace between the spirit world and humanity, Hei teams up with Luye, the last disciple of his Shifu Wuxian, to expose a conspiracy that threatens both realms - and the bond they've sworn to protect.",13.9328,/dRCUBiTKtsmju3fmSS4MK0ywcqR.jpg,2025-07-18,False,False,8.5,58
False,/rtD11mLsqwMAoBj3y9Kaze5Cfjs.jpg,[27],18334,Guinea Pig: Devil's Experiment,ja,ギニーピッグ 悪魔の実験,Masked thugs torture an innocent woman in increasingly brutal ways.,13.9303,/gyloAdASwFB0Ksm9Ky9xHLYsgZk.jpg,1985-09-04,False,False,4.784,160
False,/bacOuUnRBoAO1NjMfsAGX2EKRrS.jpg,[18],1366,Rocky,en,Rocky,"Rocky Balboa is a Philadelphia club fighter who seems to be going nowhere. But when a stroke of fate puts him in the ring with a world heavyweight champion, Rocky knows that it's his one shot at the big time — a once-in-a-lifetime opportunity to go the distance and come out a winner!",13.9287,/hEjK9A9BkNXejFW4tfacVAEHtkn.jpg,1976-12-03,False,False,7.8,8632
False,/vXzqV2RtJlT9WhNEM4NYWCEC6ZI.jpg,"[18, 10749]",142,Brokeback Mountain,en,Brokeback Mountain,"In 1960s Wyoming, two men develop a strong emotional and sexual relationship that endures as a lifelong connection complicating their lives as they get married and start families of their own.",13.9222,/aByfQOQBNa4CMFwIgq3QrqY2ZHh.jpg,2005-10-22,False,False,7.8,7563
False,/rQaHA74pevnGsxcKGaoZVGWe9TC.jpg,"[16, 10751, 18, 10402, 14]",508442,Soul,en,Soul,"Joe Gardner is a middle school teacher with a love for jazz music. After a successful audition at the Half Note Club, he suddenly gets into an accident that separates his soul from his body and is transported to the You Seminar, a center in which souls develop and gain passions before being transported to a newborn child. Joe must enlist help from the other souls-in-training, like 22, a soul who has spent eons in the You Seminar, in order to get back to Earth.",13.8898,/6jmppcaubzLF8wkXM36ganVISCo.jpg,2020-12-25,False,False,8.093,11426
False,/mjwXj9EvxCGSeMXt1horgv1SNB4.jpg,"[18, 37]",1469164,Casa Grande,en,Casa Grande,"A prodigal daughter rejoins her family at their farm during a difficult time, as her ailing father faces both a terminal diagnosis and mounting pressure from competitors. Old wounds resurface as they grapple with what lies ahead.",13.8757,/mE9E4nsGM91Cf4b1s6nOOdUAE9P.jpg,2026-05-01,False,False,7.667,3
False,/k1pJslKr4aDayw9kWwWnlC3MIP3.jpg,"[16, 14, 12]",615453,Ne Zha,zh,哪吒之魔童降世,"A young boy is born as the reincarnation of a demonic power, into a society that hates and fears him. Destined by prophecy to bring destruction to the world, Nezha must choose between good and evil to see if he can change his fate.",13.8722,/phM9bb6s9c60LA8qwsdk7U1N2cS.jpg,2019-07-26,False,False,7.909,867
False,/i0v24GyNcM1iWrexW13vCGZ0yz3.jpg,[],630940,Jokyoshi Nikki 2 Abakareta Sei,ja,女教師日記２　暴かれた性,"Mari is a high school teacher who is earnest and somewhat cold. Tired of her monotonous days, she discovered a secret game: wandering around Roppongi at night and seducing men. She enjoys the pleasure of lewd acts with strangers and finds temporary peace. Her student Toshihiko, who happens to witness her nighttime appearance, is captivated by Mari's seductive figure before he knows it...",13.8669,/rQSVn2kGbp15nQcbir2yLts0xqQ.jpg,1996-06-13,False,False,9.3,6
False,/wbj1A6dkQ46ddLPv26eYVDd6zlY.jpg,"[35, 10749]",80295,14 and Under,de,Der Frühreifen-Report,"This episodic film is a close relative of Wolf Hartwig's schoolgirl report movies, made by the same people, in a similar style, around similar topics. However, this one specifically focuses on the coming-of-age aspects, to an extent that it also touches on delicate issues such as paedophilia.",13.8556,/sreO7KKeh6s99jYFl9XzpxDkOeZ.jpg,1973-08-16,False,False,5.427,48
False,/keIxh0wPr2Ymj0Btjh4gW7JJ89e.jpg,"[28, 12, 878]",497698,Black Widow,en,Black Widow,"Natasha Romanoff, also known as Black Widow, confronts the darker parts of her ledger when a dangerous conspiracy with ties to her past arises. Pursued by a force that will stop at nothing to bring her down, Natasha must deal with her history as a spy and the broken relationships left in her wake long before she became an Avenger.",13.8403,/qAZ0pzat24kLdO3o8ejmbLxyOac.jpg,2021-07-07,False,False,7.169,11254
False,/7FRraud59N3s10bbf9bfYjvwx3v.jpg,"[53, 9648]",402,Basic Instinct,en,Basic Instinct,"Catherine, a novelist with an insatiable sexual appetite, becomes a prime suspect when her boyfriend is brutally murdered -- a crime she had described in her latest story.",13.8145,/76Ts0yoHk8kVQj9MMnoMixhRWoh.jpg,1992-03-20,False,False,6.948,4377
False,/4HWAQu28e2yaWrtupFPGFkdNU7V.jpg,"[35, 80, 9648]",546554,Knives Out,en,Knives Out,"When renowned crime novelist Harlan Thrombey is found dead at his estate just after his 85th birthday, the inquisitive and debonair Detective Benoit Blanc is mysteriously enlisted to investigate. From Harlan's dysfunctional family to his devoted staff, Blanc sifts through a web of red herrings and self-serving lies to uncover the truth behind Harlan's untimely death.",13.8142,/pThyQovXQrw2m0s9x82twj48Jq4.jpg,2019-11-27,False,False,7.842,14040
False,/yATuNOVifq933nYIqHX9LNp83Vx.jpg,[99],1040159,My Massive Cock,en,My Massive Cock,"An extra-large penis is an object of desire for many. But for some men, extra-large seriously complicates their lives and relationships, and penis reduction surgery seems the only answer.",13.809,/wlvj1XbkHVItYE0ko4Xg4L08Ycj.jpg,2022-10-24,False,False,5.846,13
False,/fW4ZCoEZRBqLAJGFQ2g5AdAfPQR.jpg,"[10749, 10751, 16, 14]",10020,Beauty and the Beast,en,Beauty and the Beast,"Follow the adventures of Belle, a bright young woman who finds herself in the castle of a prince who's been turned into a mysterious beast. With the help of the castle's enchanted staff, Belle soon learns the most important lesson of all -- that true beauty comes from within.",13.7947,/hUJ0UvQ5tgE2Z9WpfuduVSdiCiU.jpg,1991-10-22,False,False,7.728,10677
False,/620hnMVLu6RSZW6a5rwO8gqpt0t.jpg,"[16, 35, 18, 10751, 14]",508943,Luca,en,Luca,Luca and his best friend Alberto experience an unforgettable summer on the Italian Riviera. But all the fun is threatened by a deeply-held secret: they are sea monsters from another world just below the water’s surface.,13.7551,/9x4i9uKGXt8IiiIF5Ey0DIoY738.jpg,2021-06-17,False,False,7.781,8955
False,/E7hhuSZ1U5xymN2Olg2EOr4N4P.jpg,"[80, 35, 18]",1242419,Roofman,en,Roofman,"A former Army Ranger and struggling father turns to robbing McDonald’s restaurants by cutting holes in their roofs, earning him the nickname ""Roofman."" After escaping prison, he secretly lives inside a Toys “R” Us for six months, surviving undetected while planning his next move. But when he falls for a divorced mom drawn to his undeniable charm, his double life begins to unravel, setting off a compelling and suspenseful game of cat and mouse as his past closes in.",13.7474,/wXDFtcnYtevleGzCmAD2ReQnJ4l.jpg,2025-10-06,False,False,7.087,814
False,/E7hhuSZ1U5xymN2Olg2EOr4N4P.jpg,"[80, 35, 18]",1242419,Roofman,en,Roofman,"A former Army Ranger and struggling father turns to robbing McDonald’s restaurants by cutting holes in their roofs, earning him the nickname ""Roofman."" After escaping prison, he secretly lives inside a Toys “R” Us for six months, surviving undetected while planning his next move. But when he falls for a divorced mom drawn to his undeniable charm, his double life begins to unravel, setting off a compelling and suspenseful game of cat and mouse as his past closes in.",12.1938,/wXDFtcnYtevleGzCmAD2ReQnJ4l.jpg,2025-10-06,False,False,7.087,814
False,/49fzLedFVKgGgFChLMuulDJBY1c.jpg,"[18, 10752]",28,Apocalypse Now,en,Apocalypse Now,"At the height of the Vietnam war, Captain Benjamin Willard is sent on a dangerous mission that, officially, ""does not exist, nor will it ever exist."" His goal is to locate - and eliminate - a mysterious Green Beret Colonel named Walter Kurtz, who has been leading his personal army on illegal guerrilla missions into enemy territory.",13.4882,/gQB8Y5RCMkv2zwzFHbUJX3kAhvA.jpg,1979-05-19,False,False,8.269,9107
False,/jniabJVBSW3EqLlyhjxWCZjVkiE.jpg,"[12, 28, 878]",1895,Star Wars: Episode III - Revenge of the Sith,en,Star Wars: Episode III - Revenge of the Sith,"When the sinister Sith unveil a thousand-year-old plot to rule the galaxy, the Republic crumbles and from its ashes rises the evil Galactic Empire. Jedi hero Anakin Skywalker must choose a side.",12.8248,/xfSAoBEm9MNBjmlNcDYLvLSMlnq.jpg,2005-05-17,False,False,7.468,14960
False,/9IIBboV7MCT0bTxzXHmWK1Hq558.jpg,"[18, 80, 28]",272,Batman Begins,en,Batman Begins,"Driven by tragedy, billionaire Bruce Wayne dedicates his life to uncovering and defeating the corruption that plagues his home, Gotham City.  Unable to work within the system, he instead creates a new identity, a symbol of fear for the criminal underworld - The Batman.",14.134,/sPX89Td70IDDjVr85jdSBb4rWGr.jpg,2005-06-10,False,False,7.726,22637
False,/83H0C66AcvkwpG2738VCTHMY9uv.jpg,"[28, 12, 878]",505642,Black Panther: Wakanda Forever,en,Black Panther: Wakanda Forever,"Queen Ramonda, Shuri, M’Baku, Okoye and the Dora Milaje fight to protect their nation from intervening world powers in the wake of King T’Challa’s death.  As the Wakandans strive to embrace their next chapter, the heroes must band together with the help of War Dog Nakia and Everett Ross and forge a new path for the kingdom of Wakanda.",19.4079,/sv1xJUazXeYqALzczSZ3O6nkH75.jpg,2022-11-09,False,False,7.006,7476
False,/svMVeFhIrqCUiFLyMtNLJpSAJ06.jpg,"[9648, 878]",1083884,Signal One,en,Signal One,"A computer scientist is invited by a tech billionaire to join his private facility on a Caribbean island to investigate extraterrestrial matter on Earth. When they make contact beyond our world, chaos erupts as we’re left to wonder: do they come in peace?",14.0261,/bi7Aeaozl51cd5K6vAn8tI1lOW0.jpg,2026-06-05,False,False,6.5,12
False,/hwPnxzIgQFfXl5zP0Yh8bViCMzf.jpg,"[14, 12, 28]",57158,The Hobbit: The Desolation of Smaug,en,The Hobbit: The Desolation of Smaug,"The Dwarves, Bilbo and Gandalf have successfully escaped the Misty Mountains, and Bilbo has gained the One Ring. They all continue their journey to get their gold back from the Dragon, Smaug.",13.5662,/xQYiXsheRCDBA39DOrmaw1aSpbk.jpg,2013-12-11,False,False,7.58,14218
False,/trE9nNGSgyrSNdHgIiN42CQ12lZ.jpg,"[10749, 35, 18]",1481041,Ginny Wedss Sunny 2,hi,गिन्नी वेड्स सन्नी 2,"A mismatched pair, with a storyline involving a wrestler and a vibrant girl, combining romance, comedy, and drama.",12.5746,/8lovlbsow4B5KbznLYDNky8usgc.jpg,2026-04-24,False,False,0.0,0
False,/yBDvgpyynDsbMyK21FoQu1c2wYR.jpg,"[9648, 80, 53]",870028,The Accountant²,en,The Accountant²,"When an old acquaintance is murdered, Wolff is compelled to solve the case. Realizing more extreme measures are necessary, Wolff recruits his estranged and highly lethal brother, Brax, to help. In partnership with Marybeth Medina, they uncover a deadly conspiracy, becoming targets of a ruthless network of killers who will stop at nothing to keep their secrets buried.",12.2474,/lUvfTcOZiK0sdcX0WNLPbMyKjGm.jpg,2025-04-23,False,False,7.08,1774
False,/jAJYVbVR5fP0BeTQXRP1BXjW5bl.jpg,[18],1669050,Tayuan 2,tl,Tayuan 2,"A charming bus conductor drawn to both men and women who feels an unexpected spark with a shy commuter. On crowded bus rides where bodies brush, desire grows and love becomes messy.",12.2923,/gkHNa8q3RNhgj2EMuoYWJUHsMa6.jpg,2026-04-17,False,False,4.9,8
False,/9PRKAdrDvAdCfg3EcApLTfzGsEt.jpg,"[878, 35, 12]",696506,Mickey 17,en,Mickey 17,"Unlikely hero Mickey Barnes finds himself in the extraordinary circumstance of working for an employer who demands the ultimate commitment to the job… to die, for a living.",13.2131,/edKpE9B5qN3e559OuMCLZdW1iBZ.jpg,2025-02-28,False,False,6.8,3587
False,/teCZlGivejMw4rVzyxBSYQNr6XI.jpg,"[28, 12, 53, 10752]",1368,First Blood,en,First Blood,"When former Green Beret John Rambo is harassed by local law enforcement and arrested for vagrancy, he is forced to flee into the mountains and wage an escalating one-man war against his pursuers.",12.9325,/dR5fbo0ry5TsC7euEXFUkx2QzVk.jpg,1982-10-22,False,False,7.5,6896
False,/cDJ61O1STtbWNBwefuqVrRe3d7l.jpg,"[12, 14, 28]",10195,Thor,en,Thor,"Against his father Odin's will, The Mighty Thor - a powerful but arrogant warrior god - recklessly reignites an ancient war. Thor is cast down to Earth and forced to live among humans as punishment. Once here, Thor learns what it takes to be a true hero when the most dangerous villain of his world sends the darkest forces of Asgard to invade Earth.",13.3777,/prSfAi1xGrhLQNxVSUFh61xQ4Qy.jpg,2011-04-21,False,False,6.77,22360
False,/hExTiLbfB93HwEwkeQxb3q4nHtQ.jpg,"[18, 10749]",1643,Last Tango in Paris,it,Ultimo tango a Parigi,A recently widowed American begins an anonymous sexual relationship with a young Parisian woman.,12.3683,/dNgdUdNOWfHsZI3lDu6Epig7H2P.jpg,1972-12-15,False,False,6.903,1344
False,/aTLq0TMKdsmIy1ZyFM1LfPs326d.jpg,"[18, 878, 53]",6479,I Am Legend,en,I Am Legend,"Robert Neville is a scientist who was unable to stop the spread of the terrible virus that was incurable and man-made. Immune, Neville is now the last human survivor in what is left of New York City and perhaps the world. For three years, Neville has faithfully sent out daily radio messages, desperate to find any other survivors who might be out there. But he is not alone.",12.174,/iPDkaSdKk2jRLTM65UOEoKtsIZ8.jpg,2007-12-12,False,False,7.216,16857
False,/aJn9XeesqsrSLKcHfHP4u5985hn.jpg,"[878, 12, 28]",283995,Guardians of the Galaxy Vol. 2,en,Guardians of the Galaxy Vol. 2,The Guardians must fight to keep their newfound family together as they unravel the mysteries of Peter Quill's true parentage.,12.4573,/y4MBh0EjBlMuOzv9axM4qJlmhzz.jpg,2017-04-25,False,False,7.61,22957
False,/tC78Pck2YCsUAtEdZwuHYUFYtOj.jpg,"[28, 53, 80]",926393,The Equalizer 3,en,The Equalizer 3,"Robert McCall finds himself at home in Southern Italy but he discovers his friends are under the control of local crime bosses. As events turn deadly, McCall knows what he has to do: become his friends' protector by taking on the mafia.",13.09,/b0Ej6fnXAP8fK75hlyi2jKqdhHz.jpg,2023-08-30,False,False,7.3,3729
False,/3pKIcv6KhUE35jsKnv3MylQ3OT2.jpg,"[80, 28, 878]",198184,Chappie,en,Chappie,"Every child comes into the world full of promise, and none more so than Chappie: he is gifted, special, a prodigy. Like any child, Chappie will come under the influence of his surroundings—some good, some bad—and he will rely on his heart and soul to find his way in the world and become his own man. But there's one thing that makes Chappie different from any one else: he is a robot.",13.3726,/uuDUpzlMFomdSfNWlpEPS9nVZWV.jpg,2015-03-04,False,False,6.79,8487
False,/pYgj8e2Y6RufnSyOA6OnzmxFXxZ.jpg,"[27, 18, 9648]",530385,Midsommar,en,Midsommar,"Several friends travel to Sweden to study as anthropologists a summer festival that is held every ninety years in the remote hometown of one of them. What begins as a dream vacation in a place where the sun never sets, gradually turns into a dark nightmare as the mysterious inhabitants invite them to participate in their disturbing festive activities.",12.2755,/7LEI8ulZzO5gy9Ww2NVCrKmHeDZ.jpg,2019-07-03,False,False,7.15,8089
False,/5KGrBXvE0cYDwqfEaymvNBVspkJ.jpg,[53],645710,The Voyeurs,en,The Voyeurs,"When Pippa and Thomas move into their dream apartment, they notice that their windows look directly into the apartment opposite – inviting them to witness the volatile relationship of the attractive couple across the street. But what starts as a simple curiosity turns into full-blown obsession with increasingly dangerous consequences.",13.3978,/8Y4XOIWhpOvSOEn8XrxbkH9yAXO.jpg,2021-08-25,False,False,6.522,1186
False,/lprsAHkwMxk2iC6VZxNmV0H7g1t.jpg,"[28, 80, 18]",781732,Animal,hi,Animal,The hardened son of a powerful industrialist returns home after years abroad and vows to take bloody revenge on those threatening his father's life.,12.4368,/hr9rjR3J0xBBKmlJ4n3gHId9ccx.jpg,2023-12-01,False,False,6.129,190
False,/19Ed4XgjahPm4U8JT7SnntERIlt.jpg,"[28, 12, 878]",284054,Black Panther,en,Black Panther,"King T'Challa returns home to the reclusive, technologically advanced African nation of Wakanda to serve as his country's new leader. However, T'Challa soon finds that he is challenged for the throne by factions within his own country as well as without. Using powers reserved to Wakandan kings, T'Challa assumes the Black Panther mantle to join with ex-girlfriend Nakia, the queen-mother, his princess-kid sister, members of the Dora Milaje (the Wakandan 'special forces') and an American secret agent, to prevent Wakanda from being dragged into a world war.",15.856,/uxzzxijgPIY7slzFvMotPv8wjKA.jpg,2018-02-13,False,False,7.364,23510
False,/zPACwR32amTNvzId9qyapCWXYDJ.jpg,"[12, 28]",85,Raiders of the Lost Ark,en,Raiders of the Lost Ark,"When Dr. Indiana Jones – the tweed-suited professor who just happens to be a celebrated archaeologist – is hired by the government to locate the legendary Ark of the Covenant, he finds himself up against the entire Nazi regime.",12.9314,/ceG9VzoRAVGwivFU403Wc3AHRys.jpg,1981-06-12,False,False,7.924,13653
False,/jlGmlFOcfo8n5tURmhC7YVd4Iyy.jpg,"[28, 35, 12]",436969,The Suicide Squad,en,The Suicide Squad,"Supervillains Harley Quinn, Bloodsport, Peacemaker and a collection of nutty cons at Belle Reve prison join the super-secret, super-shady Task Force X as they are dropped off at the remote, enemy-infused island of Corto Maltese.",19.2927,/q61qEyssk2ku3okWICKArlAdhBn.jpg,2021-07-28,False,False,7.46,9594
False,/wQoe0j7ZDk7LWexC0XhwkK4brIb.jpg,"[12, 16, 10751, 35, 878]",278154,Ice Age: Collision Course,en,Ice Age: Collision Course,"Set after the events of Continental Drift, Scrat's epic pursuit of his elusive acorn catapults him outside of Earth, where he accidentally sets off a series of cosmic events that transform and threaten the planet. To save themselves from peril, Manny, Sid, Diego, and the rest of the herd leave their home and embark on a quest full of thrills and spills, highs and lows, laughter and adventure while traveling to exotic new lands and locations.",14.2003,/okF78W1AcXAenlYFE3vna9Uuqjp.jpg,2016-06-23,False,False,6.113,4875
False,/P82NAcEsLIYgQtrtn36tYsj41m.jpg,"[12, 16, 35, 10751]",748783,The Garfield Movie,en,The Garfield Movie,"Garfield, the world-famous, Monday-hating, lasagna-loving indoor cat, is about to have a wild outdoor adventure! After an unexpected reunion with his long-lost father – scruffy street cat Vic – Garfield and his canine friend Odie are forced from their perfectly pampered life into joining Vic in a hilarious, high-stakes heist.",12.881,/xYduFGuch9OwbCOEUiamml18ZoB.jpg,2024-04-30,False,False,7.0,1442
False,/y3zUOMWRoI2vC4ck2GBJyFWhzyA.jpg,"[35, 10751, 10749]",9820,The Parent Trap,en,The Parent Trap,"Hallie Parker and Annie James are identical twins who were separated at a young age due to their parents' divorce. Unbeknownst to their parents, the girls are sent to the same summer camp, where they meet, discover the truth about their relationship, and come up with a plan to switch places in an effort to reunite their mother and father.",13.2089,/p4dGmi8u9W0HHyVXcgWPoiFfKTF.jpg,1998-07-28,False,False,7.216,4527
False,/AdBXP8e6K3FYdDrMx3Wr6WZqCYF.jpg,"[12, 14, 35]",493529,Dungeons & Dragons: Honor Among Thieves,en,Dungeons & Dragons: Honor Among Thieves,"A charming thief and a band of unlikely adventurers undertake an epic heist to retrieve a lost relic, but things go dangerously awry when they run afoul of the wrong people.",20.3293,/v7UF7ypAqjsFZFdjksjQ7IUpXdn.jpg,2023-03-23,False,False,7.349,4651
False,/i7AeVOx2Nc03sTcO6e39bwfPBwd.jpg,[10749],1231914,Female Workers: Romance at Work 3,ko,여직원들 : 직장 연애사 3,"Yoo-ra succeeded in finding a job after a difficult time. Despite her stunning beauty, her family's financial situation is difficult. Her male assistant manager knows of her difficult situation, so he asks for her body with money as bait. On the other hand, Hye-seon, the female manager of the same company, seduces the handsome new employee, Min-soo. Employees enjoy the world of animals in the workplace without knowing each other.",13.047,/c4HACOcvKsWAaNTsyYs1JzfwXWi.jpg,2023-11-25,False,False,4.0,1
False,/pRrH098VPYiUtDwKOm2mVXVQZdf.jpg,"[10402, 18, 53]",1102883,Mother Mary,en,Mother Mary,Long-buried wounds rise to the surface when iconic pop star Mother Mary reunites with her estranged best friend and former costume designer Sam Anselm on the eve of her comeback performance.,12.3235,/qMgUI6pxkPtIuoXX4DcJ6X7bdt2.jpg,2026-04-16,False,False,5.7,79
False,/9uddYYTNcLWpzUkl5iw1RUYhLhY.jpg,"[80, 18]",103,Taxi Driver,en,Taxi Driver,"Suffering from insomnia, disturbed loner Travis Bickle takes a job as a New York City cabbie, haunting the streets nightly, growing increasingly detached from reality as he dreams of cleaning up the filthy city.",12.7152,/ekstpH614fwDX8DUln1a2Opz0N8.jpg,1976-02-09,False,False,8.125,13458
False,/nlPCdZlHtRNcF6C9hzUH4ebmV1w.jpg,"[35, 18, 10749]",313369,La La Land,en,La La Land,"Mia, an aspiring actress, serves lattes to movie stars in between auditions and Sebastian, a jazz musician, scrapes by playing cocktail party gigs in dingy bars, but as success mounts they are faced with decisions that begin to fray the fragile fabric of their love affair, and the dreams they worked so hard to maintain in each other threaten to rip them apart.",12.6474,/uDO8zWDhfWwoFdKS4fzkUJt0Rf0.jpg,2016-12-01,False,False,7.9,18128
False,/rwgmDkIEv8VjAsWx25ottJrFvpO.jpg,"[10749, 18]",744276,After Ever Happy,en,After Ever Happy,"As a shocking truth about a couple's families emerges, the two lovers discover they are not so different from each other. Tessa is no longer the sweet, simple, good girl she was when she met Hardin — any more than he is the cruel, moody boy she fell so hard for.",12.601,/moogpu8rNkEjTgFyLXwhPghft5w.jpg,2022-08-24,False,False,6.767,1371
False,/cMnVmutb5mVgIBeiMOncAbwNjvG.jpg,[27],439079,The Nun,en,The Nun,A priest with a dark past and a novice nearing her final vows are sent by the Vatican to Romania to investigate a nun's death and face a demonic force.,13.38,/sFC1ElvoKGdHJIWRpNB3xWJ9lJA.jpg,2018-09-05,False,False,5.9,7175
False,/903T5F2DUV2ve6YIkP92y9gKy95.jpg,"[878, 27, 18, 53]",510657,Wellwood,en,Wellwood,Nick makes an extraterrestrial discovery that he decides will cure his wife of her terminal illness.,11.9423,/vRwzVKNHeeQ9srX6u2qsuflBozb.jpg,2025-03-24,False,False,5.2,12
False,/klJMCIblHLFwCuGjKz7tyOpekIC.jpg,"[12, 28, 53]",36557,Casino Royale,en,Casino Royale,"Le Chiffre, a banker to the world's terrorists, is scheduled to participate in a high-stakes poker game in Montenegro, where he intends to use his winnings to establish his financial grip on the terrorist market. M sends Bond—on his maiden mission as a 00 Agent—to attend this game and prevent Le Chiffre from winning. With the help of Vesper Lynd and Felix Leiter, Bond enters the most important poker game in his already dangerous career.",15.4113,/lMrxYKKhd4lqRzwUHAy5gcx9PSO.jpg,2006-11-14,False,False,7.57,11697
False,/4FHcxMtVruMr7ltU2cItWssLjTP.jpg,"[18, 10752, 10749]",770,Gone with the Wind,en,Gone with the Wind,The spoiled daughter of a Georgia plantation owner conducts a tumultuous romance with a cynical profiteer during the American Civil War and Reconstruction Era.,14.1169,/lNz2Ow0wGCAvzckW7EOjE03KcYv.jpg,1939-12-15,False,False,7.915,4381
False,/3zvZ699gMW2RhWc0GisIukzq0Ls.jpg,"[14, 12, 28]",284052,Doctor Strange,en,Doctor Strange,"After his career is destroyed, a brilliant but arrogant surgeon gets a new lease on life when a sorcerer takes him under her wing and trains him to defend the world against evil.",13.0877,/xf8PbyQcR5ucXErmZNzdKR0s8ya.jpg,2016-10-25,False,False,7.421,23447
False,/cRXcuLS1z0820eZ4mOXF08VEdZR.jpg,"[12, 28, 35, 10749]",14324,Virgin Territory,en,Virgin Territory,"In Black Death era Tuscany, as in the Decameron, ten young Florentines take refuge from the plague. But instead of telling stories, they have lusty adventures, bawdy exchanges, romance, swordplay, randy nuns, Saracen pirates, and a sexy cow.",12.7703,/zofWP7ZKhoVTh2VUltaDo4LRQXc.jpg,2007-12-17,False,False,4.957,371
False,/3G1Q5xF40HkUBJXxt2DQgQzKTp5.jpg,"[16, 35, 10751, 14]",568124,Encanto,en,Encanto,"The tale of an extraordinary family, the Madrigals, who live hidden in the mountains of Colombia, in a magical house, in a vibrant town, in a wondrous, charmed place called an Encanto. The magic of the Encanto has blessed every child in the family—every child except one, Mirabel. But when she discovers that the magic surrounding the Encanto is in danger, Mirabel decides that she, the only ordinary Madrigal, might just be her exceptional family's last hope.",12.7573,/4j0PNHkMr5ax3IA8tjtxcmPU3QT.jpg,2021-10-13,False,False,7.569,10213
False,/aD7FXrm2GErTmzrIFBntPyhAqS9.jpg,"[53, 28]",1087891,The Amateur,en,The Amateur,"After his life is turned upside down when his wife is killed in a London terrorist attack, a brilliant but introverted CIA decoder takes matters into his own hands when his supervisors refuse to take action.",11.9686,/SNEoUInCa5fAgwuEBMIMBGvkkh.jpg,2025-04-09,False,False,6.945,1612
False,/7bWxAsNPv9CXHOhZbJVlj2KxgfP.jpg,"[27, 53]",713704,Evil Dead Rise,en,Evil Dead Rise,"A reunion between two estranged sisters gets cut short by the rise of flesh-possessing demons, thrusting them into a primal battle for survival as they face the most nightmarish version of family imaginable.",19.7606,/5ik4ATKmNtmJU6AYD0bLm56BCVM.jpg,2023-04-12,False,False,6.928,3691
False,/7s7WkAFPBsMTprYMbqbgKoppQsR.jpg,"[12, 28, 14]",1734,The Mummy Returns,en,The Mummy Returns,"Rick and Evelyn O’Connell, along with their 8-year-old son Alex, discover the key to the legendary Scorpion King’s might: the fabled Bracelet of Anubis. Unfortunately, a newly resurrected Imhotep has designs on the bracelet as well, and isn’t above kidnapping its new bearer, Alex, to gain control of Anubis’s otherworldly army.",12.5189,/kdJsW7hcy1lrj7tdMPycTAQPAiR.jpg,2001-05-04,False,False,6.406,7696
False,/3FgFKX1gW21LzjT0Yniflaqmhpr.jpg,"[10749, 18]",1142921,Tere Ishk Mein,hi,तेरे इश्क़ में,"A psychology student attempts to rehabilitate a volatile young man, before evolving into a doomed romance.",13.1688,/7FsHlW9z7gDhDE4EXAE2WcXUVQj.jpg,2025-11-28,False,False,5.7,16
False,/jOzrELAzFxtMx2I4uDGHOotdfsS.jpg,"[12, 28, 878]",181812,Star Wars: The Rise of Skywalker,en,Star Wars: The Rise of Skywalker,"The surviving Resistance faces the First Order once again as the journey of Rey, Finn and Poe Dameron continues. With the power and knowledge of generations behind them, the final battle begins.",12.7845,/db32LaOibwEliAmSL2jjDF6oDdj.jpg,2019-12-18,False,False,6.3,10852
False,/ukPu5xYOBAnh5H46uK4aQOirW2b.jpg,"[12, 16, 35, 10751, 878]",1022787,Elio,en,Elio,"Elio, a space fanatic with an active imagination, finds himself on a cosmic misadventure where he must form new bonds with eccentric alien lifeforms, navigate a crisis of intergalactic proportions and somehow discover who he is truly meant to be.",11.2176,/7z8jDiTZZco9moIKpTUImFtTy7o.jpg,2025-06-18,False,False,6.919,997
False,/6G6nqSW9S7EHA9HrYl0Z8uo2H7f.jpg,"[14, 18, 10752]",1417,Pan's Labyrinth,es,El laberinto del fauno,"In post–civil war Spain, 10-year-old Ofelia moves with her pregnant mother to live under the control of her cruel stepfather. Drawn into a mysterious labyrinth, she meets a faun who reveals that she may be a lost princess from an underground kingdom. To return to her true father, she must complete a series of surreal and perilous tasks that blur the line between reality and fantasy.",13.2399,/z7xXihu5wHuSMWymq5VAulPVuvg.jpg,2006-10-11,False,False,7.764,11471
False,/1s1r4OOdnU8VX2inALVTA2q94uY.jpg,"[36, 18]",1321179,The King's Warden,ko,왕과 사는 남자,"In a remote mountain village of 15th-century Joseon, humble headman Heung-do hears a rumor that any village hosting an exiled nobleman will be blessed with abundance and fortune. Hoping to bring prosperity to his impoverished community, he eagerly submits a petition to host one—unaware that his guest is none other than the fallen monarch, deposed boy-king Danjong.",11.506,/3CnVA1jAA64Q3qNVAW8DekCu19b.jpg,2026-02-04,False,False,7.139,18
False,/dfU9xyEEyLxvZ5unTn05Whm9Lce.jpg,"[28, 14]",9312,Mortal Kombat,en,Mortal Kombat,"For nine generations an evil sorcerer has been victorious in hand-to-hand battle against his mortal enemies. If he wins a tenth Mortal Kombat tournament, desolation and evil will reign over the multiverse forever. To save Earth, three warriors must overcome seemingly insurmountable odds, their own inner demons, and superhuman foes.",14.2485,/9YhpvhhvLrtL1wlwEfpVL16GI9d.jpg,1995-08-18,False,False,5.905,2556
False,/clFFCapyGpE7KD4Jsu5pUbFBZF4.jpg,"[28, 53, 18]",359410,Road House,en,Road House,"Ex-UFC fighter Dalton takes a job as a bouncer at a Florida Keys roadhouse, only to discover that this paradise is not all it seems.",14.2958,/fDEdtS4P0gJsxHDIt8dG8TR5dx1.jpg,2024-03-08,False,False,6.948,3058
False,/2QMgoiDlTmrO9FngZft8GgZ2SbX.jpg,"[10751, 16, 12, 35]",270946,Penguins of Madagascar,en,Penguins of Madagascar,"Skipper, Kowalski, Rico and Private join forces with undercover organization The North Wind to stop the villainous Dr. Octavius Brine from destroying the world as we know it.",13.2033,/dXbpNrPDZDMEbujFoOxmMNQVMHa.jpg,2014-11-22,False,False,6.534,4476
False,/46Os8U0DEPmI0OnvKDxucl6SLVZ.jpg,[27],1008042,Talk to Me,en,Talk to Me,"When a group of friends discover how to conjure spirits using an embalmed hand, they become hooked on the new thrill, until one of them goes too far and unleashes terrifying supernatural forces.",16.9177,/kdPMUMJzyYAc4roD52qavX0nLIC.jpg,2023-07-26,False,False,7.142,3757
False,/ofxq93dSF85goDtNfQoquo8LTWS.jpg,"[18, 10751]",63964,Deiva Thirumagal,ta,தெய்வத்திருமகள்,"An intellectually disabled man fights for custody of his 7-year-old daughter, and in the process teaches his opponent lawyer the value of love and family.",10.9055,/ovfLSxsgLFYm2ISjfH1Te0lNyEr.jpg,2011-06-03,False,False,7.3,31
False,/o6f1sJ0ZYg6TA2tMgoHdupB68QB.jpg,"[28, 10752, 36]",855,Black Hawk Down,en,Black Hawk Down,"When U.S. Rangers and an elite Delta Force team attempt to kidnap two underlings of a Somali warlord, their Black Hawk helicopters are shot down, and the Americans suffer heavy casualties, facing intense fighting from the militia on the ground.",12.7159,/7fU5dSqKRL4XHeEUz62rCKBfYok.jpg,2001-12-28,False,False,7.394,6370
False,/bdI6U1mT0kCdTJ6TWtiFxQ42GSn.jpg,"[80, 18, 53]",242582,Nightcrawler,en,Nightcrawler,"When Lou Bloom, desperate for work, muscles into the world of L.A. crime journalism, he blurs the line between observer and participant to become the star of his own story. Aiding him in his effort is Nina, a TV-news veteran.",11.8697,/j9HrX8f7GbZQm1BrBiR40uFQZSb.jpg,2014-10-23,False,False,7.7,11738
False,/s5QfDFqRO6sjgPtKkjxD0WqXQef.jpg,"[12, 878, 53]",135397,Jurassic World,en,Jurassic World,"Twenty-two years after the events of Jurassic Park, Isla Nublar now features a fully functioning dinosaur theme park, Jurassic World, as originally envisioned by John Hammond.",13.4852,/rhr4y79GpxQF9IsfJItRXVaoGs4.jpg,2015-06-06,False,False,6.701,21595
False,/aC6wW62V6b0csr5iUnbOjYAqfhg.jpg,"[18, 53, 9648]",345,Eyes Wide Shut,en,Eyes Wide Shut,"After Dr. Bill Harford's wife, Alice, admits to having sexual fantasies about a man she met, Bill becomes obsessed with having a sexual encounter. He discovers an underground sexual group and attends one of their meetings -- and quickly discovers that he is in over his head.",12.6748,/knEIz1eNGl5MQDbrEAVWA7iRqF9.jpg,1999-07-16,False,False,7.5,7045
False,/82C04rTiXYZ7c8XZv91Nu53w82Y.jpg,"[28, 53, 35]",1007734,Nobody 2,en,Nobody 2,"Former assassin Hutch Mansell takes his family on a nostalgic vacation to a small-town theme park, only to be pulled back into violence when they clash with a corrupt operator, a crooked sheriff, and a ruthless crime boss.",11.7411,/svXVRoRSu6zzFtCzkRsjZS7Lqpd.jpg,2025-08-13,False,False,6.934,1584
False,/gJbTXKNTL6O7r7PzF6ZRkJGBlPp.jpg,"[27, 9648, 53]",493922,Hereditary,en,Hereditary,"Following the death of the Leigh family matriarch, Annie and her children uncover disturbing secrets about their heritage. Their daily lives are not only impacted, but they also become entangled in a chilling fate from which they cannot escape, driving them to the brink of madness.",15.2789,/4GFPuL14eXi66V96xBWY73Y9PfR.jpg,2018-06-07,False,False,7.294,8607
False,/jsoz1HlxczSuTx0mDl2h0lxy36l.jpg,"[14, 28, 35]",616037,Thor: Love and Thunder,en,Thor: Love and Thunder,"After his retirement is interrupted by Gorr the God Butcher, a galactic killer who seeks the extinction of the gods, Thor Odinson enlists the help of King Valkyrie, Korg, and ex-girlfriend Jane Foster, who now wields Mjolnir as the Mighty Thor. Together they embark upon a harrowing cosmic adventure to uncover the mystery of the God Butcher’s vengeance and stop him before it’s too late.",17.5966,/pIkRyD18kl4FhoCNQuWxWu5cBLM.jpg,2022-07-06,False,False,6.37,8572
False,/pgvn1tazqI9mZaRCNQUqNr3umvG.jpg,"[12, 878]",1233506,The Shrinking Man,fr,L'Homme qui rétrécit,"Paul, is an ordinary man who divides his life between his shipbuilding company, his wife Elise and their daughter Mia. During a sea trip, Paul finds himself confronted with a strange, unexplained meteorological phenomenon. From then on, Paul shrinks inexorably, without science being able to explain why or be of any help to him. When, by accident, he finds himself a prisoner in his own cellar, and while he is only a few centimeters tall, he will have to fight to survive in this banal environment that has become perilous. During this experience, Paul will find himself confronted with himself, with his humanity, and will try to answer the great questions of existence.",12.9965,/5scjQRQq4i0zpbfyvWJX8LFEWjt.jpg,2025-10-22,False,False,6.078,134
False,/jPu8yiadqgzwFPGKJmGo637ASVP.jpg,"[878, 28, 12]",1724,The Incredible Hulk,en,The Incredible Hulk,"Scientist Bruce Banner scours the planet for an antidote to the unbridled force of rage within him: the Hulk. But when the military masterminds who dream of exploiting his powers force him back to civilization, he finds himself coming face to face with a new, deadly foe.",13.5027,/gKzYx79y0AQTL4UAk1cBQJ3nvrm.jpg,2008-06-12,False,False,6.242,12705
False,/j61P3ty6dOWygdPSneEH56BrkSD.jpg,"[12, 10751, 18]",365045,Heidi,de,Heidi,"Heidi, is an eight-year-old Swiss orphan who is given by her aunt to her mountain-dwelling grandfather. She is then stolen back by her aunt from her grandfather to live in the wealthy Sesemann household in Frankfurt, Germany as a companion to Klara, a sheltered, disabled girl in a wheelchair. Heidi is unhappy but makes the best of the situation, always longing for her grandfather.",12.9148,/ue6L0x3C9V4c5kIiWnEIOPwtGhw.jpg,2015-12-10,False,False,7.242,434
False,/6hgItrYQEG33y0I7yP2SRl2ei4w.jpg,"[18, 10749]",613504,After We Collided,en,After We Collided,Tessa finds herself struggling with her complicated relationship with Hardin; she faces a dilemma that could change their lives forever.,12.6873,/kiX7UYfOpYrMFSAGbI6j1pFkLzQ.jpg,2020-09-02,False,False,7.151,5464
False,/jW21PoKwqs79wk6bfiYezox63mK.jpg,"[878, 28, 12]",18,The Fifth Element,fr,Le Cinquième Élément,"In 2257, a taxi driver is unintentionally given the task of saving a young girl who is part of the key that will ensure the survival of humanity.",12.2215,/fPtlCO1yQtnoLHOwKtWz7db6RGU.jpg,1997-05-02,False,False,7.58,11757
False,/einbto9qLXFx9QXxEHylaxDbKPx.jpg,"[18, 10749, 14]",122906,About Time,en,About Time,"The night after another unsatisfactory New Year's party, Tim's father reveals to him that the men in their family have the ability to travel through time. They can't change history, but they can change what happens and has happened in their own lives. Thus begins the start of a lesson in learning to appreciate life itself as it is, as it comes, and most importantly, the people living alongside us.",12.8603,/ls6zswrOZVhCXQBh96DlbnLBajM.jpg,2013-09-04,False,False,7.9,9278
False,/uU1Mt4JWhDvl4vKb3AfxNsorkoM.jpg,"[10751, 14, 10749]",321612,Beauty and the Beast,en,Beauty and the Beast,A live-action adaptation of Disney's version of the classic tale of a cursed prince and a beautiful young woman who helps him break the spell.,12.6035,/hKegSKIDep2ewJWPUQD7u0KqFIp.jpg,2017-03-16,False,False,6.968,16007
False,/yF1eOkaYvwiORauRCPWznV9xVvi.jpg,"[28, 878, 12]",298618,The Flash,en,The Flash,"When his attempt to save his family inadvertently alters the future, Barry Allen becomes trapped in a reality in which General Zod has returned and there are no Super Heroes to turn to. In order to save the world that he is in and return to the future that he knows, Barry's only hope is to race for his life. But will making the ultimate sacrifice be enough to reset the universe?",14.9276,/rktDFPbfHfUbArZ6OOOKsXcv0Bm.jpg,2023-06-13,False,False,6.617,4997
False,/6d3z1PvNeRPla0gwpTWU4q8OOts.jpg,[35],5082,The Traveling Companion,it,La compagna di viaggio,A  ruined noble decides to organize a robbery on a luxury train. He decides to get help from a busty starlet that should distract passengers ...,12.7615,/12lRiKQJXG2ldB8qJPmjHTxeK9w.jpg,1981-01-03,False,False,4.682,11
False,/4Wftv3PCDTJM2NtTX3dfCF1DSNm.jpg,"[28, 80, 53]",1421155,Ikatan Darah,id,Ikatan Darah,"A former martial arts athlete must face a network of loan sharks to save her younger brother, who is trapped in online gambling debt and risking their family’s safety.",12.8858,/lF9amilOGIudUIq6NgDnz2YrPPa.jpg,2026-04-30,False,False,6.5,4
False,/z3br1ub7spqGMkxgjgJSdM4DC21.jpg,"[18, 9648, 878]",1124,The Prestige,en,The Prestige,"A mysterious story of two magicians whose intense rivalry leads them on a life-long battle for supremacy -- full of obsession, deceit and jealousy with dangerous and deadly consequences.",13.7067,/Ag2B2KHKQPukjH7WutmgnnSNurZ.jpg,2006-10-19,False,False,8.208,17611
False,/i0Y0wP8H6SRgjr6QmuwbtQbS24D.jpg,"[28, 36, 18]",579974,RRR,te,రౌద్రం రణం రుధిరం,A fictional history of two legendary revolutionaries' journey away from home before they began fighting for their country in the 1920s.,13.1041,/u0XUBNQWlOvrh0Gd97ARGpIkL0.jpg,2022-03-24,False,False,7.717,1601
False,,[18],597221,Juvenile Wife,ja,おさな妻,A newlywed wife suffers the consequences for her husband’s actions when he cheats a customer at his credit company out of a large sum of money.,11.5214,/yv5Bx5iK2ySIBRSvG064n2Wtw36.jpg,1980-04-26,False,False,4.667,3
False,/3czpqXzFy5UcNuD1AubecRLWkwD.jpg,"[28, 12, 878]",127585,X-Men: Days of Future Past,en,X-Men: Days of Future Past,The ultimate X-Men ensemble fights a war for the survival of the species across two time periods as they join forces with their younger selves in an epic battle that must change the past – to save our future.,14.0576,/tYfijzolzgoMOtegh1Y7j2Enorg.jpg,2014-05-15,False,False,7.531,16268
False,/5rARlA8beRAVXPYzSaF2NoS8Ry5.jpg,"[16, 35, 10751, 14]",76492,Hotel Transylvania,en,Hotel Transylvania,"Welcome to Hotel Transylvania, Dracula's lavish five-stake resort, where monsters and their families can live it up and no humans are allowed. One special weekend, Dracula has invited all his best friends to celebrate his beloved daughter Mavis's 118th birthday. For Dracula catering to all of these legendary monsters is no problem but the party really starts when one ordinary guy stumbles into the hotel and changes everything!",12.7716,/eJGvzGrsfe2sqTUPv5IwLWXjVuR.jpg,2012-09-20,False,False,7.0,9182
False,/qkl57wzSFrpi2sRpoc2mZJbMuLP.jpg,"[14, 18, 10749]",50620,The Twilight Saga: Breaking Dawn - Part 2,en,The Twilight Saga: Breaking Dawn - Part 2,"After the birth of Renesmee, the Cullens gather other vampire clans in order to protect the child from a false allegation that puts the family in front of the Volturi.",12.8209,/7IGdPaKujv0BjI0Zd0m0a4CzEjJ.jpg,2012-11-13,False,False,6.456,9384
False,/4P71rDf6roxVskbvdcbNayVMpXd.jpg,"[28, 12, 878]",14161,2012,en,2012,"Dr. Adrian Helmsley, part of a worldwide geophysical team investigating the effect on the earth of radiation from unprecedented solar storms, learns that the earth's core is heating up. He warns U.S. President Thomas Wilson that the crust of the earth is becoming unstable and that without proper preparations for saving a fraction of the world's population, the entire race is doomed. Meanwhile, writer Jackson Curtis stumbles on the same information. While the world's leaders race to build ""arks"" to escape the impending cataclysm, Curtis struggles to find a way to save his family. Meanwhile, volcanic eruptions and earthquakes of unprecedented strength wreak havoc around the world.",12.5943,/c2PkTPT5D9zB8SIm5wNlDAANEqM.jpg,2009-10-10,False,False,5.881,12746
False,/ihOJcrorpDQtHTzIOrobbOhpJsj.jpg,"[12, 28, 53, 878]",604,The Matrix Reloaded,en,The Matrix Reloaded,"The Resistance builds in numbers as humans are freed from the Matrix and brought to the city of Zion. Neo discovers his superpowers, including the ability to see the code inside the Matrix. With machine sentinels digging to Zion in 72 hours, Neo, Morpheus and Trinity must find the Keymaker to ultimately reach the Source.",12.2463,/aA5qHS0FbSXO8PxcxUIHbDrJyuh.jpg,2003-05-15,False,False,7.1,11980
False,/59vDC1BuEQvti24OMr0ZvtAK6R1.jpg,"[14, 12, 16, 10751]",10191,How to Train Your Dragon,en,How to Train Your Dragon,"As the son of a Viking leader on the cusp of manhood, shy Hiccup Horrendous Haddock III faces a rite of passage: he must kill a dragon to prove his warrior mettle. But after downing a feared dragon, he realizes that he no longer wants to destroy it, and instead befriends the beast – which he names Toothless – much to the chagrin of his warrior father.",12.3693,/ygGmAO60t8GyqUo9xYeYxSZAR3b.jpg,2010-03-18,False,False,7.86,14375
False,/4NxVLxuoQDPz889TG1njH4L7cYB.jpg,"[12, 16, 35, 10751, 14]",11688,The Emperor's New Groove,en,The Emperor's New Groove,"When the self‑absorbed Emperor Kuzco is accidentally transformed into a llama, he must rely on a humble villager to survive the jungle and reclaim his throne.",10.6301,/wwbgkXQBEKtnyIJapk6gUgWkVw8.jpg,2000-12-15,False,False,7.6,7307
False,/4NxVLxuoQDPz889TG1njH4L7cYB.jpg,"[12, 16, 35, 10751, 14]",11688,The Emperor's New Groove,en,The Emperor's New Groove,"When the self‑absorbed Emperor Kuzco is accidentally transformed into a llama, he must rely on a humble villager to survive the jungle and reclaim his throne.",10.6301,/wwbgkXQBEKtnyIJapk6gUgWkVw8.jpg,2000-12-15,False,False,7.6,7307
False,/xNNF4l1OVscJNchJc5xvejHzTDO.jpg,"[18, 10749]",370663,Below Her Mouth,en,Below Her Mouth,An unexpected affair quickly escalates into a heart-stopping reality for two women whose passionate connection changes their lives forever.,12.7345,/tPhBftWySbanfEialbsUzOuccgN.jpg,2017-02-10,False,False,6.802,1295
False,/ntgpger7OwFNlEldxuvvFHDKzjW.jpg,"[18, 80, 53]",1598,Cape Fear,en,Cape Fear,"Sam Bowden is a small-town corporate attorney. Max Cady is a tattooed, cigar-smoking, Bible-quoting, psychotic rapist. What do they have in common? 14 years ago, Sam was a public defender assigned to Max Cady's rape trial, and he made a serious error: he hid a document from his illiterate client that could have gotten him acquitted. Now, the cagey Cady has been released, and he intends to teach Sam Bowden and his family a thing or two about loss.",13.8586,/meJZAAuVcjic2ipvbOPz5UlE4P9.jpg,1991-11-13,False,False,7.263,3871
False,/tN3pTxkQoP96wtaEahYuRVdUWb2.jpg,"[878, 53, 35]",701387,Bugonia,en,Bugonia,"Two conspiracy obsessed young men kidnap the high-powered CEO of a major company, convinced that she is an alien intent on destroying planet Earth.",16.5681,/oxgsAQDAAxA92mFGYCZllgWkH9J.jpg,2025-10-23,False,False,7.3,1958
False,/dXDFWWxiEb6tg4ojMWQJrSI0Tun.jpg,"[53, 27]",49797,I Saw the Devil,ko,악마를 보았다,"Kyung-chul is a dangerous psychopath who kills for pleasure. Soo-hyeon, a top-secret agent, decides to track down the murderer himself. He promises himself that he will do everything in his power to take vengeance against the killer, even if it means that he must become a monster himself.",10.132,/zp5NrmYp80axIGiEiYPmm1CW6uH.jpg,2010-08-12,False,False,7.801,3027
False,/iffzIhuLAO38Po6sh1s6ZEVwlNL.jpg,"[28, 80]",24,Kill Bill: Vol. 1,en,Kill Bill: Vol. 1,"An assassin is shot by her ruthless employer, Bill, and other members of their assassination circle – but she lives to plot her vengeance.",12.1943,/v7TaX8kXMXs5yFFGR41guUDNcnB.jpg,2003-10-10,False,False,7.973,18966
False,/rMvPXy8PUjj1o8o1pzgQbdNCsvj.jpg,"[28, 12, 53]",299054,Expend4bles,en,Expend4bles,"Armed with every weapon they can get their hands on and the skills to use them, The Expendables are the world’s last line of defense and the team that gets called when all other options are off the table. But new team members with new styles and tactics are going to give “new blood” a whole new meaning.",12.4844,/iwsMu0ehRPbtaSxqiaUDQB9qMWT.jpg,2023-09-15,False,False,6.063,1888
False,/b7qyTKrkFDAVyAzBgVpqjvAHneH.jpg,"[53, 18, 10749]",114168,Perras,es,Perras,"Something terrible is happening in class 3A at Calmecatl Junior High. No one can leave the classroom until the guilty party is found. This is the device that gives us a glimpse of the ethics, games, esthetics and eroticism of these girl-women. It is not easy to say what the subject is, there are so many: the discovery of sexuality, discrimination, chance, drugs, maternity, traditions, betrayals, power, love. A mural of a complex reality from the point of view of twenty-something women in the skin of 14 to 15 year old girls.",11.8789,/jrJrgwFjAyzkZLiaU5dA8o1hcUA.jpg,2011-03-04,False,False,7.265,310
False,/ifUfE79O1raUwbaQRIB7XnFz5ZC.jpg,"[27, 9648]",646385,Scream,en,Scream,"Twenty-five years after a streak of brutal murders shocked the quiet town of Woodsboro, a new killer has donned the Ghostface mask and begins targeting a group of teenagers to resurrect secrets from the town’s deadly past.",12.5063,/nD4M4Bx457ryLuKYpxFwQ2IBJ5w.jpg,2022-01-12,False,False,6.688,3884
False,/6Oa3zTiluBz2W8D2ou1MY16dUiF.jpg,[18],510,One Flew Over the Cuckoo's Nest,en,One Flew Over the Cuckoo's Nest,"A petty criminal fakes insanity to serve his sentence in a mental ward rather than prison. He soon finds himself as a leader to the other patients—and an enemy to the cruel, domineering nurse who runs the ward.",13.2202,/kjWsMh72V6d8KRLV4EOoSJLT1H7.jpg,1975-11-19,False,False,8.412,11470
False,/xVUY7fJum48tTUqiqeamousRBUX.jpg,"[28, 35, 18]",868668,Ustaad Bhagat Singh,te,ఉస్తాద్ భగత్ సింగ్,"A tribal boy is shaped by the values of his teacher, who gives him the name 'Bhagat Singh'. He grows up deeply rooted in strong morals, which guide his actions throughout his life.He stands firm against injustice and takes on powerful evil forces, even when facing overwhelming odds.",11.7471,/clkojbDyqCwiMxw0yY5MBjKiqZL.jpg,2026-03-18,False,False,6.5,5
False,/rz8NcfTRczvn94vpnmMx42zt6EC.jpg,"[53, 18]",1042834,Eden,en,Eden,"A group of disillusioned outsiders abandon modern society in search of a new beginning. Settling on a remote, uninhabited island, their utopian dream quickly unravels as they discover that the greatest threat isn’t the brutal climate or deadly wildlife, but each other.",11.9426,/jbFEESMVbpJU8IjZBjiWGJdEsxR.jpg,2025-04-03,False,False,6.686,657
False,/o9puyKpayQoX8ikIaYtf2PfKv3.jpg,"[28, 12, 35, 878]",607,Men in Black,en,Men in Black,"After a police chase with an otherworldly being, a New York City cop is recruited as an agent in a top-secret organization established to monitor and police alien activity on Earth: the Men in Black. Agent K and new recruit Agent J find themselves in the middle of a deadly plot by an intergalactic terrorist who has arrived on Earth to assassinate two ambassadors from opposing galaxies.",11.8663,/uLOmOF5IzWoyrgIF5MfUnh5pa1X.jpg,1997-07-02,False,False,7.222,14853
False,/yp0sTg5nXyDpiE3sGj5GltbYeHQ.jpg,"[28, 35]",572164,EXIT,ko,엑시트,"At his mother's 70th birthday party, Yong-nam runs into Eui-joo, who rejected him in college. When the city is engulfed in toxic gas from a terrorist attack, the two must find a way to escape using all the techniques they learned in their college rock climbing club.",14.5912,/zf16eomhCB13cwMb4iFEbBT0Tsr.jpg,2019-07-31,False,False,7.622,298
False,/zbV32WKHFuEYLXLTpr0rmVjQn11.jpg,"[53, 28, 14]",1250,Ghost Rider,en,Ghost Rider,"In order to save his dying father, young stunt cyclist Johnny Blaze sells his soul to Mephistopheles and sadly parts from the pure-hearted Roxanne Simpson, the love of his life. Years later, Johnny's path crosses again with Roxanne, now a go-getting reporter, and also with Mephistopheles, who offers to release Johnny's soul if Johnny becomes the fabled, fiery 'Ghost Rider'.",11.8841,/1pyU94dAY7npDQCKuxCSyX9KthN.jpg,2007-01-15,False,False,5.608,6474
False,/ncoqdHs1poUaBqyKic9YI8ai7MP.jpg,"[53, 80]",161,Ocean's Eleven,en,Ocean's Eleven,"Less than 24 hours into his parole, charismatic thief Danny Ocean is already rolling out his next plan: In one night, Danny's hand-picked crew of specialists will attempt to steal more than $150 million from three Las Vegas casinos. But to score the cash, Danny risks his chances of reconciling with ex-wife, Tess.",12.4669,/hQQCdZrsHtZyR6NbKH2YyCqd2fR.jpg,2001-12-07,False,False,7.46,12565
False,/3WK7p9EdZmmvB1IbB2Vw9Rf4lXH.jpg,"[18, 10749]",296096,Me Before You,en,Me Before You,"Lou Clark, a directionless 26-year-old from the English countryside, takes a job at the local castle as a caregiver and companion to a wealthy young banker, Will Traynor. Wheelchair-bound from an accident two years prior, the once adventurous Will has all but given up — that is until Lou determines to show him that life is worth living.",12.3348,/Ia3dzj5LnCj1ZBdlVeJrbKJQxG.jpg,2016-06-01,False,False,7.919,13236
False,/sNIsmSXW2R7LjWBlF7w3w9qTxXM.jpg,"[18, 10749]",1501204,I Am a Plaything,ko,나는 노리개다,"Hyo-min, who became a prostitute by choice, undergoes sex training to serve clients under the supervision of Kyeong-seop, the manager of the establishment. She services countless men and even learns advanced techniques directly from Kyeong-mi, who works with her. Meanwhile, Kyeong-seop gradually opens his heart as he discovers the reason behind Hyo-min's decision to enter prostitution.",12.6812,/gcGlIas1pRkzNDzYklwvzaGCzzA.jpg,2025-06-14,False,False,0.0,0
False,,[10749],792723,Why My Sister-in-law Comes Out of There,ko,처제가 왜 거기서 나와?,"Mi-na, a female college student who lives with her sister, secretly works in a bar as a part-timer to buy luxury goods.  Mi-na, who goes to the bar as usual, greets her brother-in-law as a guest in the room and leaves as if running away. Mi-na asks her sister to keep her secret and seduces her brother-in-law...",9.3809,/8yTFfOplPMQs6HG3pGex6tXZO7x.jpg,2020-11-24,False,False,4.0,1
False,/9FrpAtF87VKblKkDEiIZzYgO40K.jpg,"[28, 35, 80]",2109,Rush Hour,en,Rush Hour,"When Hong Kong Inspector Lee is summoned to Los Angeles to investigate a kidnapping, the FBI doesn't want any outside help and assigns cocky LAPD Detective James Carter to distract Lee from the case. Not content to watch the action from the sidelines, Lee and Carter form an unlikely partnership and investigate the case themselves.",12.8202,/we7wOLVFgxhzLzUt0qNe50xdIQZ.jpg,1998-09-18,False,False,7.076,5671
False,/8AAuJtCzaibYkbE0QVHc8EBsELB.jpg,"[14, 28, 12, 16, 10751]",82702,How to Train Your Dragon 2,en,How to Train Your Dragon 2,"Five years after uniting the dragons and Vikings of Berk, Hiccup and Toothless soar beyond their homeland, charting the vast unknown. During one of their adventures, the pair discover a secret cave that houses hundreds of wild dragons -- and a mysterious dragon rider with a startling connection to Hiccup. And as the ruthless dragon conqueror Drago Bludvist rises to seize control of both dragons and people alike, Hiccup must step into his role as a true leader and, alongside his friends and Toothless, protect Berk from a devastating war.",13.5818,/d13Uj86LdbDLrfDoHR5aDOFYyJC.jpg,2014-06-05,False,False,7.682,10446
False,/qe4Tp0hURXqiih5AV1kHimXIt3u.jpg,"[28, 80]",414419,Kill Bill: The Whole Bloody Affair,en,Kill Bill: The Whole Bloody Affair,"A former assassin, known simply as The Bride, wakes from a coma four years after her jealous ex-lover Bill attempts to murder her on her wedding day. Fueled by an insatiable desire for revenge, she vows to get even with every person who contributed to the loss of her unborn child, her entire wedding party, and four years of her life.  After devising a hit list, The Bride sets off on her quest, enduring unspeakable injury and unscrupulous enemies.",12.5042,/nSOJfWJCdVFZQwXQA7RXn7FIIiY.jpg,2011-03-27,False,False,8.093,1300
False,/698FjyzLdpgXmUSr63LaRwblTmx.jpg,"[12, 878, 53]",507086,Jurassic World Dominion,en,Jurassic World Dominion,"Four years after Isla Nublar was destroyed, dinosaurs now live—and hunt—alongside humans all over the world. This fragile balance will reshape the future and determine, once and for all, whether human beings are to remain the apex predators on a planet they now share with history's most fearsome creatures.",12.8505,/jbAvCACjLf1ZG0unB2tdmx5HAf1.jpg,2022-06-01,False,False,6.598,7061
False,/vbkW4KerpshPZnP84w9qwSfYrhu.jpg,"[27, 53]",1198984,We Bury the Dead,en,We Bury the Dead,"After a catastrophic military disaster reanimates the dead, Ava searches for her missing husband amidst an increasingly hostile world.",11.7753,/xZqo0yPARmyF8TACVNyaOACkYWG.jpg,2026-01-01,False,False,6.057,244
False,/qAhedRxRYWZAgZ8O8pHIl6QHdD7.jpg,"[28, 12, 35]",384018,Fast & Furious Presents: Hobbs & Shaw,en,Fast & Furious Presents: Hobbs & Shaw,"Ever since US Diplomatic Security Service Agent Hobbs and lawless outcast Shaw first faced off, they just have traded smack talk and body blows. But when cyber-genetically enhanced anarchist Brixton's ruthless actions threaten the future of humanity, they join forces to defeat him.",12.8249,/qRyy2UmjC5ur9bDi3kpNNRCc5nc.jpg,2019-07-31,False,False,6.832,7763
False,/hJ5R9d6QuH3tzr8L8neZZTuzNXm.jpg,"[878, 18, 53]",78,Blade Runner,en,Blade Runner,"In the smog-choked dystopian Los Angeles of 2019, blade runner Rick Deckard is called out of retirement to terminate a quartet of replicants who have escaped to Earth seeking their creator for a way to extend their short life spans.",11.9485,/63N9uy8nd9j7Eog2axPQ8lbr3Wj.jpg,1982-06-25,False,False,7.938,15006
False,/AvYsEYnj8h0495UhBYEXqK7hkFo.jpg,"[35, 80, 18, 9648]",1287571,Agak Laen: Menyala Pantiku!,id,Agak Laen: Menyala Pantiku!,"After repeatedly failing their missions, Detectives Bene, Boris, Jegel, and Oki are given one last chance: to go undercover in a nursing home in search of a fugitive wanted for the murder of the mayor’s child.",11.0675,/fPJ9OjLgAQoLZrPeL6ZfQwNkfPK.jpg,2025-11-27,False,False,8.667,12
False,/qVGpxnjrGlHaSTCqTQI6viBDSfp.jpg,"[27, 53, 18]",346364,It,en,It,"In a small town in Maine, seven children known as The Losers Club come face to face with life problems, bullies and a monster that takes the shape of a clown called Pennywise.",11.9623,/9E2y5Q7WlCVNEhP5GiVTjhEhx1o.jpg,2017-09-06,False,False,7.241,20338
False,/vaRCS4CCFXcWz1j9GKd6rGLsQQ2.jpg,"[18, 10749]",1278,The Dreamers,en,The Dreamers,"When Isabelle and Theo invite Matthew to stay with them, what begins as a casual friendship ripens into a sensual voyage of discovery and desire in which nothing is off limits and everything is possible.",12.615,/gBb7GGaFYPu7nEUYvC8G4LaJJN1.jpg,2003-10-10,False,False,7.178,3093
False,/78frwN1N9PeHQB0iXxlxbnAFL1L.jpg,"[18, 10749]",387848,Buddy's Mom,ko,친구엄마,"20-year-old Kyeong-soo is a man who's full of assumptions. He learned about sex from Internet porn, but nothing about the real thing. He's only had crushes and has never even kissed before. He got embarrassed when he confessed his feelings to Ji-yeon, his crush. He comforted himself from the shame with Japanese girls in his room with his right hand. One day, he has a fight with his father and remembers his friend Baek-hyeon had invited him over to Gangwon-do. There he falls in love with his friends' mother.",11.951,/5JDVEZN0v3e9xMzZbZ92fC7HaQi.jpg,2015-11-12,False,False,5.7,15
False,/lNLW9bbFaBNxuvGtDfqFBCcUwHI.jpg,[10749],1659826,彼女のプラウダ 河北彩伽,ja,彼女のプラウダ 河北彩伽,,11.8198,/g2MwVlxvEjawC6n1QYM5mejHnBU.jpg,2025-12-22,False,False,0.0,0
False,/7py8kUCYaOdFn1TfVS87BDBySOz.jpg,"[35, 12, 878]",550988,Free Guy,en,Free Guy,"A bank teller discovers he is actually a background player in an open-world video game, and decides to become the hero of his own story. Now, in a world where there are no limits, he is determined to be the guy who saves his world his way before it's too late.",12.0011,/dxraF0qPr1OEgJk17ltQTO84kQF.jpg,2021-08-11,False,False,7.451,9832
False,/xcjJ5khg2yzOa282mza39Lbrm7j.jpg,"[27, 18]",9552,The Exorcist,en,The Exorcist,"When a mysterious entity possesses a young girl, her mother seeks the help of two Catholic priests to save her life.",12.5529,/5x0CeVHJI8tcDx8tUUwYHQSNILq.jpg,1973-12-26,False,False,7.744,8651
False,/r1GnyDcTV0WkwqLsI52QPM04aTh.jpg,"[35, 27, 878]",13009,Zombie Strippers!,en,Zombie Strippers!,"In the not too distant future a secret government re-animation chemo-virus gets released into conservative Sartre, Nebraska and lands in an underground strip club. As the virus begins to spread, turning the strippers into ""Super Zombie Strippers"" the girls struggle with whether or not to conform to the new ""fad"" even if it means there's no turning back.",13.1136,/iQcOzXCpewM9pbEwLoIrHLjpMvB.jpg,2008-04-18,False,False,4.863,431
False,/8fnYJPoXxwAN4valDLgz2whMGTH.jpg,"[35, 10751, 12]",772,Home Alone 2: Lost in New York,en,Home Alone 2: Lost in New York,"Instead of flying to Florida with his folks, Kevin ends up alone in New York, where he gets a hotel room with his dad's credit card—despite problems from a clerk and meddling bellboy. But when Kevin runs into his old nemeses, the Wet Bandits, he's determined to foil their plans to rob a toy store on Christmas Eve.",12.0839,/uuitWHpJwxD1wruFl2nZHIb4UGN.jpg,1992-11-15,False,False,6.788,10633
False,/gsQJOfeW45KLiQeEIsom94QPQwb.jpg,"[28, 53]",1125899,Cleaner,en,Cleaner,"When a group of radical activists take over an energy company's annual gala, seizing 300 hostages, an ex-soldier turned window cleaner suspended 50 storeys up on the outside of the building must save those trapped inside, including her older brother.",11.2982,/mwzDApMZAGeYCEVjhegKvCzDX0W.jpg,2025-02-19,False,False,6.411,530
False,/7JhsJxNmdW0y4IyNrHy10cECrAz.jpg,[35],109418,Grown Ups 2,en,Grown Ups 2,"Lenny has relocated his family back to the small town where he and his friends grew up. This time around, the grown ups are the ones learning lessons from their kids on a day notoriously full of surprises—the last day of school.",12.136,/hT6ijOtjtYrnyDhN7VA2QWyGFAm.jpg,2013-07-11,False,False,6.17,4696
False,/D2ppnImxdDinPEYJzmW2dZmnjA.jpg,[18],928358,Grand Jete,de,Grand Jeté,"Dance teacher and mother Nadja left her son Mario with her own mother when he was little. Now she has reappeared on his doorstep, seeking a closeness that knows fewer and fewer boundaries. An uncompromising film about family relationships.",12.4266,/awpPWrE5kqIURHotysiR2yBg9Ty.jpg,2022-09-20,False,False,4.875,48
False,/mFCS5OuhPYT79KXu5jl7RqznPR1.jpg,[27],259693,The Conjuring 2,en,The Conjuring 2,Lorraine and Ed Warren travel to north London to help a single mother raising four children alone in a house plagued by malicious spirits.,15.6589,/zEqyD0SBt6HL7W9JQoWwtd5Do1T.jpg,2016-06-08,False,False,7.294,9192
False,/yQy9Y3p5INwkfTuHSnzYnz4MCV3.jpg,"[35, 14, 10751]",1125257,Freakier Friday,en,Freakier Friday,"Years after Tess and Anna endured an identity crisis, Anna now has a daughter of her own and a soon-to-be stepdaughter. As they navigate the myriad challenges that come when two families merge, Tess and Anna discover lightning might indeed strike twice.",15.2019,/9wV65OmsjLAqBfDnYTkMPutXH8j.jpg,2025-08-06,False,False,6.827,708
False,/6WRrGYalXXveItfpnipYdayFkQB.jpg,"[18, 53, 80]",1422,The Departed,en,The Departed,"To take down South Boston's Irish Mafia, the police send in one of their own to infiltrate the underworld, not realizing the syndicate has done likewise. While an undercover cop curries favor with the mob kingpin, a career criminal rises through the police ranks. But both sides soon discover there's a mole among them.",12.2725,/nT97ifVT2J1yMQmeq20Qblg61T.jpg,2006-10-04,False,False,8.16,16226
False,/6aNKD81RHR1DqUUa8kOZ1TBY1Lp.jpg,"[35, 18]",637,Life Is Beautiful,it,La vita è bella,A touching story of an Italian book seller of Jewish ancestry who lives in his own little fairy tale. His creative and happy life would come to an abrupt halt when his entire family is deported to a concentration camp during World War II. While locked up he tries to convince his son that the whole thing is just a game.,12.5536,/6tEJnof1DKWPnl5lzkjf0FVv7oB.jpg,1997-12-20,False,False,8.439,14006
False,/dbFiLEQcaAIeMYwXQ4vVn9c2EkX.jpg,[18],1291659,The Wizard of the Kremlin,fr,Le Mage du Kremlin,"In the chaos of post-Soviet Russia, rising KGB officer Vladimir Putin joins forces with master manipulator Vadim Baranov to reshape life behind the Iron Curtain, using violence and deception to change the world forever.",12.5965,/85EYON4oXVYTPdMuW5q5ELQLU88.jpg,2026-01-21,False,False,6.497,169
False,/rVqY0Bo4Npf6EIONUROxjYAJfmD.jpg,"[12, 14, 10749, 10751]",420817,Aladdin,en,Aladdin,A kindhearted street urchin named Aladdin embarks on a magical adventure after finding a lamp that releases a wisecracking genie while a power-hungry Grand Vizier vies for the same lamp that has the power to make their deepest wishes come true.,12.6574,/ykUEbfpkf8d0w49pHh0AD2KrT52.jpg,2019-05-22,False,False,7.085,10617
False,/17rlIxssJdn8UiUywZV4hzY70uj.jpg,"[28, 80, 18]",483664,PlayBoy (and the Gang of Cherry),th,PlayBoy (and the Gang of Cherry),"The gay mafia Gang of Cherry is residing at a construction site somewhere in Thailand. One of its most notorious members is Mac aka PlayBoy, a gay male prostitute with an addiction for sm sex. Bipolar Cherry is the gang’s leader. The situation escalates when a shipment of drugs disappears.",13.5396,/3LlbpgxWqPXr5U7jQOPJ6RyXMHh.jpg,2017-08-31,False,False,4.35,10
False,/wbDkvShcrveXNFsgyujY4kdurVa.jpg,"[35, 10749]",957119,Sidelined: The QB and Me,en,Sidelined: The QB and Me,"Dallas, a burdened but headstrong dancer, is determined to get into the best dance school in the country—her late mother’s alma mater. However, that dream is suddenly derailed when the cheeky yet secretly grieving football star, Drayton, crashes into her life with a unique story of his own. Will the two of them be able to grow into their dreams together, or will their dreams be sidelined?",12.0191,/mSL6truNrWP1Bn9ng1rN0SkMI4f.jpg,2025-02-06,False,False,6.2,230
False,/628Dep6AxEtDxjZoGP78TsOxYbK.jpg,"[28, 12, 53]",575264,Mission: Impossible - Dead Reckoning Part One,en,Mission: Impossible - Dead Reckoning Part One,"Ethan Hunt and his IMF team embark on their most dangerous mission yet: To track down a terrifying new weapon that threatens all of humanity before it falls into the wrong hands. With control of the future and the world's fate at stake and dark forces from Ethan's past closing in, a deadly race around the globe begins. Confronted by a mysterious, all-powerful enemy, Ethan must consider that nothing can matter more than his mission—not even the lives of those he cares about most.",18.9867,/NNxYkU70HPurnNCSiCjYAmacwm.jpg,2023-07-08,False,False,7.504,5136
False,/wxx1JMbsyNMbHUI5DNtVxFEzQi.jpg,"[18, 28]",677179,Creed III,en,Creed III,"After dominating the boxing world, Adonis Creed has thrived in his career and family life. When a childhood friend and former boxing prodigy, Damian Anderson, resurfaces after serving a long sentence in prison, he is eager to prove that he deserves his shot in the ring. The face-off between former friends is more than just a fight. To settle the score, Adonis must put his future on the line to battle Damian — a fighter with nothing to lose.",11.5385,/cvsXj3I9Q2iyyIo95AecSd1tad7.jpg,2023-03-01,False,False,7.081,2878
False,/iYqSQaWDttQIQzsxg9xHyg0bttG.jpg,"[27, 878]",945961,Alien: Romulus,en,Alien: Romulus,"While scavenging the deep ends of a derelict space station, a group of young space colonizers come face to face with the most terrifying life form in the universe.",17.1525,/2uSWRTtCG336nuBiG8jOTEUKSy8.jpg,2024-08-13,False,False,7.164,4566
False,/6EO11KoiMMG29ISaQrm2G5DCe1X.jpg,"[9648, 27, 53]",838209,Exhuma,ko,파묘,"After tracing the origin of a disturbing supernatural affliction to a wealthy family's ancestral gravesite, a team of paranormal experts relocates the remains—and soon discovers what happens to those who dare to mess with the wrong grave.",12.4368,/6dasJ58GGFcC62H9KuukAryltUp.jpg,2024-02-22,False,False,7.56,689
False,/5a7lMDn3nAj2ByO0X1fg6BhUphR.jpg,"[12, 28, 878]",333339,Ready Player One,en,Ready Player One,"When the creator of a popular video game system dies, a virtual contest is created to compete for his fortune.",13.4064,/pU1ULUq8D3iRxl1fdX2lZIzdHuI.jpg,2018-03-28,False,False,7.588,16948
False,/2vFuG6bWGyQUzYS9d69E5l85nIz.jpg,"[878, 12, 28]",667538,Transformers: Rise of the Beasts,en,Transformers: Rise of the Beasts,"When a new threat capable of destroying the entire planet emerges, Optimus Prime and the Autobots must team up with a powerful faction known as the Maximals. With the fate of humanity hanging in the balance, humans Noah and Elena will do whatever it takes to help the Transformers as they engage in the ultimate battle to save Earth.",18.873,/gPbM0MK8CP8A174rmUwGsADNYKD.jpg,2023-06-06,False,False,7.2,5279
False,/dzWGnIAjUafpmY57F6vnm44FwWB.jpg,"[18, 10751, 35]",1671548,Dear You,zh,给阿嬷的情书,"Grandma Ye Shurou from Chaoshan lived a simple life, enjoying her twilight years. Her grandson, Xiaowei, burdened by debt, secretly traveled to Thailand to find his rumored billionaire grandfather, Zheng Musheng. However, Xiaowei returned with shocking news: his grandfather was long gone, and the person with whom Grandma had exchanged love letters was a complete stranger. As Xiaowei investigated, a love affair hidden for half a century suddenly surfaced, striking Grandma's heart.",11.5281,/rjmhzdVS3Ia535pFawju857e2Na.jpg,2026-04-30,False,False,9.154,26
False,/qFq2Ixo3XApoTp1H7JCTgLfGwVk.jpg,"[18, 36, 80]",338803,The Treacherous,ko,간신,"The story of Joseon's tyrant king Yeonsan who exploits the populace for his own carnal pleasures, his seemingly loyal retainer who controls him and all court dealings, and a woman who seeks vengeance.",11.1831,/1YpS9sXZ8bRrmPwULftGbfwImnR.jpg,2015-05-21,False,False,6.1,91
False,/AaABt75ZzfMGrscUR2seabz4PEX.jpg,"[28, 12, 14]",297762,Wonder Woman,en,Wonder Woman,An Amazon princess comes to the world of Man in the grips of the First World War to confront the forces of evil and bring an end to human conflict.,12.6261,/v4ncgZjG2Zu8ZW5al1vIZTsSjqX.jpg,2017-05-30,False,False,7.209,20917
False,/7yYR8ulZdXBXFKmxGw1Uk28jnyH.jpg,"[18, 10749]",741110,Dreamchild,fr,L'Enfant rêvé,"François and Noémie run a sawmill in the mountains not far from the Swiss border. François has taken over his family's business, making him the fourth generation. He dreams of having a child. After years of failed fertility assistance, they give up on having a baby of their own and turn to adoption. But then François meets Patricia, new to the neighborhood. They begin a passionate affair. Soon after, Patricia gets pregnant.",12.0018,/mdLNmqIehGximKCHZre65hCcYxb.jpg,2020-10-07,False,False,5.6,28
False,/zN41DPmPhwmgJjHwezALdrdvD0h.jpg,"[28, 878, 27]",615656,Meg 2: The Trench,en,Meg 2: The Trench,An exploratory dive into the deepest depths of the ocean of a daring research team spirals into chaos when a malevolent mining operation threatens their mission and forces them into a high-stakes battle for survival.,12.5886,/4m1Au3YkjqsxF8iwQy0fPYSxE0h.jpg,2023-08-02,False,False,6.377,3984
False,/5TO9LeUAdilHgq50veWqBpDejaU.jpg,[35],58008,Night Nurse,it,L'infermiera di notte,"A dentist invites a elderly patient to stay at his home to recover, unaware that he is a jewel thief. He plans to steal a valuable diamond but then runs into a beautiful nurse who, aside from constantly stripping nude, has plans of her own.",9.1992,/tzhBAhN35YjobVG3Ubm3ERnzhBL.jpg,1979-02-07,False,False,5.2,53
False,/4mlS1MitcOqdPLhxEFyk9Qwf5rr.jpg,"[16, 18, 10751]",260514,Cars 3,en,Cars 3,"Blindsided by a new generation of blazing-fast racers, the legendary Lightning McQueen is suddenly pushed out of the sport he loves. To get back in the game, he will need the help of an eager young race technician with her own plan to win, inspiration from the late Fabulous Hudson Hornet, and a few unexpected turns.",11.9233,/zg5RDxvIIAKsucjuU2EZJIHEIvz.jpg,2017-06-15,False,False,6.86,6390
False,/stmYfCUGd8Iy6kAMBr6AmWqx8Bq.jpg,"[28, 878, 35, 10751]",454626,Sonic the Hedgehog,en,Sonic the Hedgehog,"Powered with incredible speed, Sonic The Hedgehog embraces his new home on Earth. That is, until Sonic sparks the attention of super-uncool evil genius Dr. Robotnik. Now it’s super-villain vs. super-sonic in an all-out race across the globe to stop Robotnik from using Sonic’s unique power for world domination.",11.9488,/aQvJ5WPzZgYVDrxLX4R6cLJCEaQ.jpg,2020-02-12,False,False,7.284,10403
False,/xyWKrni8WrYzqn7ztvI5nIY0h62.jpg,"[35, 10749]",1181678,¿Quieres ser mi hijo?,en,¿Quieres ser mi hijo?,"Lu, a conformist woman in her forties, learns that her 15-year partner has been having extramarital affairs. Starting from scratch, she gets involved in an unexpected relationship with a young womanizer.",10.9819,/6PQJsmuvSMZQMmlJfTpjIkrizUh.jpg,2023-09-21,False,False,8.5,354
False,/uYVxuLVZsxnJfXK03YgZSzqiWiQ.jpg,[35],1511057,Roommates,en,Roommates,"When shy college freshman Devon asks cool-girl Celeste to be her roommate, a blossoming friendship quickly spirals into a war of passive aggression.",11.7578,/2rqcNmdsTgcXyf59IRduKN4nt8z.jpg,2026-04-13,False,False,6.568,125
False,/arNhhBd88bP3Bjoe4HT8MFE1JQA.jpg,"[28, 35, 12]",1029575,The Family Plan,en,The Family Plan,"Dan Morgan is many things: a devoted husband, a loving father, a celebrated car salesman. He's also a former assassin. And when his past catches up to his present, he's forced to take his unsuspecting family on a road trip unlike any other.",11.5393,/jLLtx3nTRSLGPAKl4RoIv1FbEBr.jpg,2023-12-14,False,False,7.221,1884
False,/g1OvTd1eF346vmx8qsJnjaiooZ6.jpg,"[12, 14, 10751]",630,The Wizard of Oz,en,The Wizard of Oz,"Young Dorothy finds herself in a magical world where she makes friends with a lion, a scarecrow and a tin man as they make their way along the yellow brick road to talk with the Wizard and ask for the things they miss most in their lives. The Wicked Witch of the West is the only thing that could stop them.",11.3666,/uCC3j4pV9eOZwzDUWp2ilbcTf1f.jpg,1939-08-15,False,False,7.6,6120
False,/75pK9Dj1CheZFItgld9TVvb2P4x.jpg,"[27, 53]",1477712,Ice Cream Man,en,Ice Cream Man,An idyllic summer town descends into madness when an ice cream man serves kids sweet delights with horrifying results.,10.5503,/c987gxFjXqYOxZEZKcTkS1ONTWH.jpg,2026-08-05,False,False,0.0,0
False,/usuRn9DUKQQr4nBWnrQzlOuZ1Q4.jpg,"[36, 18, 53, 10752]",205596,The Imitation Game,en,The Imitation Game,"Based on the real life story of legendary cryptanalyst Alan Turing, the film portrays the nail-biting race against time by Turing and his brilliant team of code-breakers at Britain's top-secret Government Code and Cypher School at Bletchley Park, during the darkest days of World War II.",12.3605,/zSqJ1qFq8NXFfi7JeIYMlzyR0dx.jpg,2014-11-14,False,False,7.984,18094
False,/mXLVA0YL6tcXi6SJSuAh9ONXFj5.jpg,"[12, 878, 10751]",601,E.T. the Extra-Terrestrial,en,E.T. the Extra-Terrestrial,"An alien is left behind on Earth and saved by the 10-year-old Elliott who decides to keep him hidden in his home. While a task force hunts for the extra-terrestrial, Elliott, his brother, and his little sister Gertie form an emotional bond with their new friend, and try to help him find his way home.",11.9591,/an0nD6uq6byfxXCfk6lQBzdL2J1.jpg,1982-06-11,False,False,7.516,12013
False,/h31SOVlekuHXsMWVGxI8nPPfY82.jpg,"[18, 37]",335,Once Upon a Time in the West,it,C'era una volta il West,"As the railroad builders advance unstoppably through the Arizona desert on their way to the sea, Jill arrives in the small town of Flagstone with the intention of starting a new life.",11.5686,/qbYgqOczabWNn2XKwgMtVrntD6P.jpg,1968-12-21,False,False,8.275,4906
False,/rfMWciUEZkqL9AiNcTedhtXQHr0.jpg,"[14, 53, 18]",1469458,Sambhavam Adhyayam Onnu,ml,സംഭവം അദ്ധ്യായം ഒന്ന്,"Three Kerala Police officers venture into a mysterious forest on the Kerala-Tamil Nadu border to find a missing officer. They encounter strange time-related phenomena, uncovering the hidden secrets of Velloorkkatt forest.",11.3879,/4ASKGsPMbzChx0YX5Pqc9HFXQm3.jpg,2026-03-06,False,False,6.2,6
False,/oehzS54FyGstwTdZCh3ALlJar5u.jpg,[18],4561,The Story of O,fr,Histoire d'O,"The beautiful O is taken by her boyfriend, Rene, to a bizarre retreat, where she is trained in bondage and sexual perversion...",12.1394,/x2hnSba2iyMHDPHrH1G1LB2K6lz.jpg,1975-08-27,False,False,5.497,183
False,/4rsomWxlqnHt3muGYK06auhOib6.jpg,"[10749, 18, 35]",818647,Through My Window,es,A través de mi ventana,"Raquel's longtime crush on her next-door neighbor turns into something more when he starts developing feelings for her, despite his family's objections.",11.3904,/jmkpZvMVIRrMFevxzOubSBfG0s0.jpg,2022-02-04,False,False,7.351,3346
False,/bvk2AAH64lP2YZs02Q3jskfHT8j.jpg,"[28, 53]",562,Die Hard,en,Die Hard,"High above the city of L.A. a team of terrorists has seized a building, taken hostages, and declared war. One man has manages to escape... An off-duty cop hiding somewhere inside. He's alone, tired... and the only chance anyone has got.",14.1972,/7Bjd8kfmDSOzpmhySpEhkUyK2oH.jpg,1988-07-15,False,False,7.812,12307
False,/vVpEOvdxVBP2aV166j5Xlvb5Cdc.jpg,"[28, 53, 80]",458156,John Wick: Chapter 3 - Parabellum,en,John Wick: Chapter 3 - Parabellum,"Super-assassin John Wick returns with a $14 million price tag on his head and an army of bounty-hunting killers on his trail. After killing a member of the shadowy international assassin’s guild, the High Table, John Wick is excommunicado, but the world’s most ruthless hit men and women await his every turn.",12.2172,/ziEuG1essDuWuC5lpWUaw1uXY2O.jpg,2019-05-15,False,False,7.439,11748
False,,[],1560230,She Only Eats Meat,es,Ella solo come carne,Sofía and Minerva tackle their many problems in different ways - all at once. Too many issues and a talent for chaos turn their inner journey into a hilarious spectacle.,11.3343,/i3zEJNROaJHFnFk9isbLLsJYrVn.jpg,2026-04-17,False,False,3.0,1
False,/n1ItmvzsDV5yLgDodSCLZpFlsP6.jpg,"[18, 53, 80]",146233,Prisoners,en,Prisoners,"Keller Dover is facing every parent’s worst nightmare. His six-year-old daughter, Anna, is missing, together with her young friend, Joy, and as minutes turn to hours, panic sets in. The only lead is a dilapidated RV that had earlier been parked on their street.",12.5407,/jsS3a3ep2KyBVmmiwaz3LvK49b1.jpg,2013-09-19,False,False,8.106,13098
False,/hy0Hx9fMPk2fmw26Li60z1S2giU.jpg,"[18, 80, 53]",629,The Usual Suspects,en,The Usual Suspects,"Held in an L.A. interrogation room, Verbal Kint attempts to convince the feds that a mythic crime lord, Keyser Soze, not only exists, but was also responsible for drawing him and his four partners into a multi-million dollar heist that ended with an explosion in San Pedro harbor – leaving few survivors. Verbal lures his interrogators with an incredible story of the crime lord's almost supernatural prowess.",11.3198,/99X2SgyFunJFXGAYnDv3sb9pnUD.jpg,1995-07-19,False,False,8.168,11429
False,/s3FiHTdpQVpqIqdBxLLiy40wGut.jpg,"[16, 28, 12, 35, 10751]",140300,Kung Fu Panda 3,en,Kung Fu Panda 3,"While Po and his father are visiting a secret panda village, an evil spirit threatens all of China, forcing Po to form a ragtag army to fight back.",11.3957,/oajNi4Su39WAByHI6EONu8G8HYn.jpg,2016-01-23,False,False,6.927,6594
False,/iQSXJs6RbTumcwxMjCedDoK99rx.jpg,"[53, 80, 18, 10770]",1659087,180,en,180,"When an unexpected road rage incident puts his son in critical condition, an enraged father spirals down a dark path of emotional turmoil and vengeance.",10.7854,/9ISjrhA38HpSSGtfiCk8lpziC3K.jpg,2026-04-16,False,False,5.726,117
False,/wxr4Z6E83h14CogsZOzDm1vuDX3.jpg,"[878, 28, 12]",91314,Transformers: Age of Extinction,en,Transformers: Age of Extinction,"As humanity picks up the pieces after the battle of Chicago, a shadowy group reveals itself in an attempt to control the direction of history…while an ancient, powerful new menace sets Earth in its crosshairs. With help from Cade Yeager, Optimus Prime and the Autobots rise to meet their most fearsome challenge yet.",12.5801,/jyzrfx2WaeY60kYZpPYepSjGz4S.jpg,2014-06-25,False,False,5.964,8758
False,/y2Ca1neKke2mGPMaHzlCNDVZqsK.jpg,"[28, 35, 53]",718930,Bullet Train,en,Bullet Train,"Unlucky assassin Ladybug is determined to do his job peacefully after one too many gigs gone off the rails. Fate, however, may have other plans, as Ladybug's latest mission puts him on a collision course with lethal adversaries from around the globe—all with connected, yet conflicting, objectives—on the world's fastest train.",12.7764,/j8szC8OgrejDQjjMKSVXyaAjw3V.jpg,2022-08-03,False,False,7.413,7559
False,/edVIvTc8RofOTxoAZN7a5kxIAay.jpg,"[27, 53]",1461254,Salmokji: Whispering Water,ko,살목지,"An incident unfolds when a film crew goes to a reservoir to update the road view where an unidentified figure was filmed, and they encounter something in the dark, deep waters.",10.6284,/bOl0rJ86WWxVYlQlGttHhHuYiPQ.jpg,2026-04-08,False,False,6.667,9
False,/d3hiSKKyIjvB3Lv577vHh0TxbFM.jpg,[10749],1650558,Abot Langit,tl,Abot Langit,"The relationship of a couple is tested when the girl’s first official flight pairs her with a confident senior pilot, jealousy and power dynamics surface in the training ground. The girl is now torn between her present relationship and new temptation she can’t resist.",11.1075,/5lVYe4aSimWdxJINKwq9s68TZ2G.jpg,2026-03-13,False,False,5.0,1
False,/lMRX4cLx4hxYth3iQ96c0E1RHGB.jpg,"[28, 35]",11770,Shaolin Soccer,cn,少林足球,A young Shaolin follower reunites with his discouraged brothers to form a soccer team using their martial art skills to their advantage.,11.5166,/z6ZQqwoxWy9muIxwUP4K2zWw7BU.jpg,2001-07-05,False,False,7.168,2534
False,/osHKguxvXPIUJJzsO3DEORZZ8QD.jpg,"[35, 18, 10749]",4564,Sex and the City,en,Sex and the City,A New York writer on sex and love is finally getting married to her Mr. Big. But her three best girlfriends must console her after one of them inadvertently leads Mr. Big to jilt her.,12.362,/AhNfnsGW95RKHQNLdgFH48UN0Zy.jpg,2008-05-12,False,False,6.549,2267
False,/rcEDPOOOUTLFxLLQJggfLffbofe.jpg,"[16, 28, 14]",810693,Jujutsu Kaisen 0,ja,劇場版 呪術廻戦 0,"Yuta Okkotsu is a nervous high school student who is suffering from a serious problem—his childhood friend Rika has turned into a curse and won't leave him alone. Since Rika is no ordinary curse, his plight is noticed by Satoru Gojo, a teacher at Jujutsu High, a school where fledgling exorcists learn how to combat curses. Gojo convinces Yuta to enroll, but can he learn enough in time to confront the curse that haunts him?",12.1395,/23oJaeBh0FDk2mQ2P240PU9Xxfh.jpg,2021-12-24,False,False,8.104,1754
False,/2dlt9I2ga6hweywz9zsFUz1PVii.jpg,"[878, 53, 27]",604079,The Long Walk,en,The Long Walk,"In a dystopian 1970s America, fifty teenage boys take part in a deadly annual walking contest, forced to maintain a minimum pace or be executed, until only one survivor remains.",10.9616,/wobVTa99eW0ht6c1rNNzLkazPtR.jpg,2025-09-10,False,False,6.915,1543
False,/l0fNAHLOFReQJsxCOmGWvJDnimn.jpg,"[18, 10751, 35]",360814,Dangal,hi,दंगल,"Dangal is an extraordinary true story based on the life of Mahavir Singh and his two daughters, Geeta and Babita Phogat. The film traces the inspirational journey of a father who trains his daughters to become world class wrestlers.",12.249,/jLiA1WW3kL1K9lYfYmVj57RD74N.jpg,2016-12-21,False,False,7.878,1158
False,/a65WMR49PnWmSaCzaCyMNNHKQfn.jpg,"[18, 9648, 10749]",1173558,Burning Betrayal,pt,O Lado Bom de Ser Traída,"Babi discovers a betrayal by her long-term partner and decides to embark on a new adventure in life. On this journey, she meets judge Marco and they begin to live a story permeated by a lot of sexual tension.",11.2604,/3MxgXI3VO7QCNnP0mPBjxLIemNM.jpg,2023-10-25,False,False,6.254,244
False,/pe3cTrUeAHHLycZVEmFjT9kEV7a.jpg,[28],646315,The Legendary Lighter,ko,전설의 라이타,A man who used to be called Lighter cleans up his act from his days as a gangster and struggles to start over.,13.718,/h5fCwKCnKAKxdX6onTnrU6MeYe8.jpg,2019-10-29,False,False,5.8,5
False,/y0LhmaMYpFkIfrUlOpJYTVMH2eA.jpg,[18],592695,Pleasure,sv,Pleasure,"19 year old Linnéa leaves her small town in Sweden and heads for Los Angeles with the aim of becoming the world's next big porn star, but the road to her goal turns out to be bumpier than she imagined.",11.5405,/TcOsu6iO5prSJbDn9oIQgIW655.jpg,2021-10-08,False,False,6.268,791
False,/v6wahTqcsU3kcQ1uz7wQpFTZbIb.jpg,"[18, 28, 53]",11713,Fist of Fury,zh,精武門,"During the Japanese occupation of Shanghai, Chen Zhen, the star pupil of a recently-deceased martial arts teacher battles a Japanese dojo which seeks the demise of his fighting school.",9.9096,/dlcipCOa9hlfBBz7kCAyjsf3q0E.jpg,1972-03-22,False,False,7.229,1077
False,/vNUwK5P42m81uG57kKI1WxSZwIQ.jpg,"[35, 10749]",1403735,Laila,te,లైలా,"Sonu Model, a renowned beautician from the old city, is forced to disguise himself as Laila, leading to a series of comedic, romantic, and action-packed events. Chaos ensues in this hilarious laugh riot",10.9565,/aFogllaRGlAhk1nqvVGFpZpl4qU.jpg,2025-02-14,False,False,5.25,8
False,/i2GVEvltEu3BXn5crBSxgKuTaca.jpg,"[27, 53]",614479,Insidious: The Red Door,en,Insidious: The Red Door,"To put their demons to rest once and for all, Josh Lambert and a college-aged Dalton Lambert must go deeper into The Further than ever before, facing their family's dark past and a host of new and more horrifying terrors that lurk behind the red door.",18.5317,/d07phJqCx6z5wILDYqkyraorDPi.jpg,2023-07-05,False,False,6.514,1967
False,/vw3zNfzvnVNF7nIjpiEgcdznfeC.jpg,"[16, 28, 14]",664767,Mortal Kombat Legends: Scorpion's Revenge,en,Mortal Kombat Legends: Scorpion's Revenge,"After the vicious slaughter of his family by stone-cold mercenary Sub-Zero, Hanzo Hasashi is exiled to the torturous Netherrealm. There, in exchange for his servitude to the sinister Quan Chi, he’s given a chance to avenge his family – and is resurrected as Scorpion, a lost soul bent on revenge. Back on Earthrealm, Lord Raiden gathers a team of elite warriors – Shaolin monk Liu Kang, Special Forces officer Sonya Blade, and action star Johnny Cage – an unlikely band of heroes with one chance to save humanity. To do this, they must defeat Shang Tsung's horde of Outworld gladiators and reign over the Mortal Kombat tournament.",11.7452,/iBvo3qOPcmhlqAaJcXcQHtx2qLk.jpg,2020-04-12,False,False,8.096,1488
False,/5fxTB08O7CW1hAcN2MWOKodp1h1.jpg,"[18, 35]",615777,Babylon,en,Babylon,"A tale of outsized ambition and outrageous excess, tracing the rise and fall of multiple characters in an era of unbridled decadence and depravity during Hollywood's transition from silent films to sound films in the late 1920s.",12.0348,/wjOHjWCUE0YzDiEzKv8AfqHj3ir.jpg,2022-12-22,False,False,7.351,3782
False,/lD8dFIk9wDEvOwZw0RB47e346io.jpg,"[10749, 18, 37]",698508,Redeeming Love,en,Redeeming Love,"A young couple's relationship clashes with the harsh realities of the California Gold Rush of 1850. Angel, experiencing love for the first time and facing demons unsurmountable, runs from the new life she doesn't believe she deserves. When Michael sets out to find her, Angel discovers that she indeed has the power to choose the life she wants.",10.7236,/2iu0lBF7sfAioLfSnSJtdKxlms6.jpg,2022-01-21,False,False,7.845,747
False,/woos7rldBAKG99HmcbNZNpMjwNk.jpg,"[10749, 878, 35]",1209511,Love Insurance Kompany,ta,லவ் இன்சூரன்ஸ் கம்பெனி,"In 2040, an app premised on ensuring romance for all is used widely by the population. When the voice behind the app's AI realizes its misconception to true love, he embarks on a quest to prove that love does not come from a screen.",10.7131,/1IIUWMKzNVvI6YJX8BKE6EJ9bVd.jpg,2026-04-10,False,False,4.8,8
False,/bNiiUCQUD7ij5Ybh2GoWSZwqAb1.jpg,"[14, 12, 28, 10751, 10749]",102651,Maleficent,en,Maleficent,"A beautiful, pure-hearted young woman, Maleficent has an idyllic life growing up in a peaceable forest kingdom, until one day when an invading army threatens the harmony of the land. She rises to be the land's fiercest protector, but she ultimately suffers a ruthless betrayal – an act that begins to turn her heart into stone. Bent on revenge, Maleficent faces an epic battle with the invading King's successor and, as a result, places a curse upon his newborn infant Aurora. As the child grows, Maleficent realizes that Aurora holds the key to peace in the kingdom – and to Maleficent's true happiness as well.",11.9687,/bDG3yei6AJlEAK3A5wN7RwFXQ7V.jpg,2014-05-28,False,False,7.089,13740
False,/mNQtUJv1F3u0uSKILFrGjIHqkxx.jpg,"[37, 18, 12]",281957,The Revenant,en,The Revenant,"In the 1820s, a frontiersman, Hugh Glass, sets out on a path of vengeance against those who left him for dead after a bear mauling.",11.484,/ji3ecJphATlVgWNY0B0RVXZizdf.jpg,2015-12-25,False,False,7.541,19332
False,/uvitbjFU4JqvMwIkMWHp69bmUzG.jpg,"[18, 80]",598,City of God,pt,Cidade de Deus,"In the poverty-stricken favelas of Rio de Janeiro in the 1970s, two young men choose different paths. Rocket is a budding photographer who documents the increasing drug-related violence of his neighborhood, while José “Zé” Pequeno is an ambitious drug dealer diving into a dangerous life of crime.",10.9623,/k7eYdWvhYQyRQoU2TB2A2Xu2TfD.jpg,2002-08-30,False,False,8.429,8194
False,/v8DepuF6gizphLzIyNZeQiB0hij.jpg,"[28, 12, 18, 10751]",38575,The Karate Kid,en,The Karate Kid,"12-year-old Dre Parker could've been the most popular kid in Detroit, but his mother's latest career move has landed him in China. Dre immediately falls for his classmate Mei Ying but the cultural differences make such a friendship impossible. Even worse, Dre's feelings make him an enemy of the class bully, Cheng. With no friends in a strange land, Dre has nowhere to turn but maintenance man Mr. Han, who is a kung fu master. As Han teaches Dre that kung fu is not about punches and parries, but maturity and calm, Dre realizes that facing down the bullies will be the fight of his life.",11.4654,/b1RBy3l297N0c7PHjlz35cClWju.jpg,2010-06-10,False,False,6.569,6566
False,/3sF2wc5SRQaBs0kC7Jhanz5NnbO.jpg,"[35, 80]",9072,Little Man,en,Little Man,"After leaving prison, dwarf criminal Calvin Sims joins his moron brother Percy in stealing an expensive huge diamond from a jewelry store for the mobster Walken. They are chased by the police, and Calvin hides the stone in the purse of executive Vanessa Edwards, whose husband Darryl Edwards wants to have a baby. Percy convinces Calvin to dress like a baby and be left in front of the Edwards' house to get inside the house and retrieve the diamond. Darryl and Vanessa keep Calvin for the weekend and decide to adopt him, while Walken threatens Darryl to get the stone back.",11.8511,/9KzPw1VN0pMBnq1KIqBaLI8LAB7.jpg,2006-08-31,False,False,5.955,1905
False,/cT9ZfwoPDk8JbgkessmQgxAWiaM.jpg,"[28, 878, 53]",1071585,M3GAN 2.0,en,M3GAN 2.0,"After the underlying tech for M3GAN is stolen and misused by a powerful defense contractor to create a military-grade weapon known as Amelia, M3GAN's creator Gemma realizes that the only option is to resurrect M3GAN and give her a few upgrades, making her faster, stronger, and more lethal.",11.0272,/oekamLQrwlJjRNmfaBE4llIvkir.jpg,2025-06-25,False,False,7.208,1342
False,/u3MWQCdHyCK7IADtat4sVmBXd9U.jpg,"[99, 10402]",1022256,Selena Gomez: My Mind & Me,en,Selena Gomez: My Mind & Me,"After years in the limelight, Selena Gomez achieves unimaginable stardom. But just as she reaches a new peak, an unexpected turn pulls her into darkness. This uniquely raw and intimate documentary spans her six-year journey into a new light.",11.8926,/oMpsswJv8x4vnOnIKqs4xJs2Kn3.jpg,2022-11-04,False,False,8.513,601
False,/7BdxZXbSkUiVeCRXKD3hi9KYeWm.jpg,"[16, 10751, 35, 28]",49444,Kung Fu Panda 2,en,Kung Fu Panda 2,"Po is finally living the dream as the Dragon Warrior—until a shadow from his past comes roaring back. When the ruthless peacock Lord Shen unleashes a devastating new weapon used to wipe out kung fu masters across the land, Po and the Furious Five race across China to put an end to his plans. But if Po is to have any hope of stopping him, he must first confront the truth of his origins—and find inner peace before his past tears him apart.",10.1848,/mtqqD00vB4PGRt20gWtGqFhrkd0.jpg,2011-05-25,False,False,7.066,7890
False,/iryef4LKiPQkvhNJS1EtLlay3br.jpg,"[28, 9648, 53, 878]",615173,The Witch: Part 2. The Other One,ko,마녀 2,"A girl wakes up in a huge secret laboratory, then accidentally meets another girl who is trying to protect her house from a gang. The mystery girl overthrows the gang with her unexpected powers, and laboratory staff set out to find her.",11.1175,/9YTuscJXmr9Iua62amCgGSU8PDW.jpg,2022-06-15,False,False,7.398,450
False,/4Nx40jwpoTHPjCWNGoaZ6kaoGxa.jpg,[18],255709,Hope,ko,소원,"After 8-year-old So-won narrowly survives a brutal sexual assault, her family labors to help her heal while coping with their own rage and grief.",13.4194,/x9yjkm9gIz5qI5fJMUTfBnWiB2o.jpg,2013-10-02,False,False,8.403,858
False,/8B8mdhvEy6mnu1whpLbd6ASoOOl.jpg,"[10749, 18]",93685,Swingers,nl,Swingers,"Despite Diana's insecure nature, she and her husband Julian agree with the idea to sexually experiment with another couple. They put out an ad on the net to which the well experienced Alex and Timo react. We follow Diana and Julian as they prepare for the arrival of Alex and Timo, who they have invited to their home for the weekend. Diana is nervous. As soon as she is confronted with the self-confident and ravishingly sexy Alex, her insecurity increases even more. Timo seems disinterested, a sharp contrast to the boyish excitement of Julian. But as night falls and their sexual exploration begins, we notice Timo may not be as casual as he initially seemed and Diana on the other hand contains hidden strength. And so we realize there's more to 'Swingers' than just sex. Swingers: could your relationship stand the test?",10.876,/cEIVkvx6mGSjnkOxlXh6eHd1Y4K.jpg,2002-10-01,False,False,5.947,75
False,/g4a5YLWwi6OCp8TcvxsUNrXMbN5.jpg,"[878, 28, 53]",87101,Terminator Genisys,en,Terminator Genisys,"The year is 2029. John Connor, leader of the resistance continues the war against the machines. At the Los Angeles offensive, John's fears of the unknown future begin to emerge when TECOM spies reveal a new plot by SkyNet that will attack him from both fronts; past and future, and will ultimately change warfare forever.",11.3611,/oZRVDpNtmHk8M1VYy1aeOWUXgbC.jpg,2015-06-23,False,False,5.957,8980
False,/ddIkmH3TpR6XSc47jj0BrGK5Rbz.jpg,"[10752, 28, 18]",374720,Dunkirk,en,Dunkirk,"The story of the miraculous evacuation of Allied soldiers from Belgium, Britain, Canada and France, who were cut off and surrounded by the German army from the beaches and harbour of Dunkirk between May 26th and June 4th 1940 during World War II.",12.4216,/b4Oe15CGLL61Ped0RAS9JpqdmCt.jpg,2017-07-19,False,False,7.452,17583
False,/8fZyDQqkuD4R8MPiduiKNQ3JYz3.jpg,"[28, 18]",1665724,Shera,pa,Shera,"A high-energy action drama centered on strength, loyalty, and confrontation. The story unfolds through intense moments and gripping action as the protagonist faces powerful forces and personal challenges.",10.9535,/7qgjO10RA9Jd7ffXbYeqQAwf1WF.jpg,2026-05-15,False,False,0.0,0
False,/1TUg5pO1VZ4B0Q1amk3OlXvlpXV.jpg,"[12, 18, 10751, 16]",420818,The Lion King,en,The Lion King,"Simba idolizes his father, King Mufasa, and takes to heart his own royal destiny. But not everyone in the kingdom celebrates the new cub's arrival. Scar, Mufasa's brother—and former heir to the throne—has plans of his own. The battle for Pride Rock is ravaged with betrayal, tragedy and drama, ultimately resulting in Simba's exile. With help from a curious pair of newfound friends, Simba will have to figure out how to grow up and take back what is rightfully his.",11.9172,/dzBtMocZuJbjLOXvrl4zGYigDzh.jpg,2019-07-12,False,False,7.097,10747
False,/eErmqswPMbSdMNi0HK7vNghArO9.jpg,"[80, 27, 9648]",1107166,Psycho Killer,en,Psycho Killer,"Following the brutal murder of her husband, a Kansas highway patrol officer sets out on a journey to track down the perpetrator. As the hunt progresses, she comes to realize the man responsible is a sadistic serial killer, and the depth of his mental depravity and his sinister agenda is more twisted than anyone could have imagined.",11.1165,/5xgxxmLivJXL8aF0HdZfpx8aAIo.jpg,2026-02-19,False,False,5.594,69
False,/6t8ES1d12OzWyCGxBeDYLHoaDrT.jpg,"[28, 12, 878]",330459,Rogue One: A Star Wars Story,en,Rogue One: A Star Wars Story,A rogue band of resistance fighters unite for a mission to steal the Death Star plans and bring a new hope to the galaxy.,11.0454,/i0yw1mFbB7sNGHCs7EXZPzFkdA1.jpg,2016-12-14,False,False,7.508,16423
False,/co7oxvpWxgd6FZU24DnljDDHYQA.jpg,"[27, 878, 53]",1064028,Subservience,en,Subservience,"With his wife out sick, a struggling father brings home a lifelike AI, only to have his self-aware new help want everything her new family has to offer... Like the affection of her owner and she'll kill to get it.",11.6059,/gBenxR01Uy0Ev9RTIw6dVBPoyQU.jpg,2024-08-15,False,False,6.612,1011
False,/61MrK5U4w4MVL1vfwoG12zYPJ8B.jpg,"[28, 53]",615457,Nobody,en,Nobody,"Hutch Mansell, a suburban dad, overlooked husband, nothing neighbor — a ""nobody."" When two thieves break into his home one night, Hutch's unknown long-simmering rage is ignited and propels him on a brutal path that will uncover dark secrets he fought to leave behind.",11.5193,/oBgWY00bEFeZ9N25wWVyuQddbAo.jpg,2021-03-18,False,False,7.878,8363
False,/8Qsr8pvDL3s1jNZQ4HK1d1Xlvnh.jpg,"[14, 12]",259316,Fantastic Beasts and Where to Find Them,en,Fantastic Beasts and Where to Find Them,"In 1926, Newt Scamander arrives at the Magical Congress of the United States of America with a magically expanded briefcase, which houses a number of dangerous creatures and their habitats. When the creatures escape from the briefcase, it sends the American wizarding authorities after Newt, and threatens to strain even further the state of magical and non-magical relations.",12.1513,/fLsaFKExQt05yqjoAvKsmOMYvJR.jpg,2016-11-16,False,False,7.309,19708
False,/wZS4xSfPtk1NPQnx9zsT5R2WhCu.jpg,"[35, 80, 878, 16, 10751]",438148,Minions: The Rise of Gru,en,Minions: The Rise of Gru,"A fanboy of a supervillain supergroup known as the Vicious 6, Gru hatches a plan to become evil enough to join them, with the backup of his followers, the Minions.",11.8439,/wKiOkZTN9lUUUNZLmtnwubZYONg.jpg,2022-06-29,False,False,7.3,4018
False,/uy2trYgO8MOQfQXlvMaLhBnkUqg.jpg,"[18, 28, 53]",7485,Shooter,en,Shooter,"A top Marine sniper, Bob Lee Swagger, leaves the military after a mission goes horribly awry and disappears, living in seclusion. He is coaxed back into service after a high-profile government official convinces him to help thwart a plot to kill the President of the United States. Ultimately double-crossed and framed for the attempt, Swagger becomes the target of a nationwide manhunt. He goes on the run to track the real killer and find out who exactly set him up, and why, eventually seeking revenge against some of the most powerful and corrupt leaders in the free world.",11.5418,/2aWGxo1E5polpBjPvtBRkWp7qaS.jpg,2007-03-22,False,False,7.124,5464
False,/hy3hPQRrn0Rq0VH94ULZa5aYSlk.jpg,"[10749, 35]",704347,Honey Do List,en,Honey Do List,"Walter's honey do list piles up and Frank is too busy to do the fixes, a new sexy handyman arrives with an agenda that isn't exactly on Walter's fix-it list. Can Walter resist this new temptation?",16.1748,/of6zefDol6KaIZVaoAbQqDCqQAV.jpg,2020-06-17,False,False,3.7,7
False,/ibKeXahq4JD63z6uWQphqoJLvNw.jpg,"[28, 878, 27]",345940,The Meg,en,The Meg,"A deep sea submersible pilot revisits his past fears in the Mariana Trench, and accidentally unleashes the seventy foot ancestor of the Great White Shark believed to be extinct.",12.2877,/eyWICPcxOuTcDDDbTMOZawoOn8d.jpg,2018-08-09,False,False,6.248,8204
False,/6LVSrgm83UYWlrLTCVGmWhFKYO0.jpg,"[27, 53, 18]",474350,It Chapter Two,en,It Chapter Two,"27 years after overcoming the malevolent supernatural entity Pennywise, the former members of the Losers' Club, who have grown up and moved away from Derry, are brought back together by a devastating phone call.",11.8404,/zfE0R94v1E8cuKAerbskfD3VfUt.jpg,2019-09-04,False,False,6.838,9624
False,/3FO1kbQmRlU1H6Kmn7sTfmd7mw9.jpg,[35],1621,Trading Places,en,Trading Places,A snobbish investor and a wily street con-artist find their positions reversed as part of a bet by two callous millionaires.,12.711,/8mBuLCOcpWnmYtZc4aqtvDXslv6.jpg,1983-06-07,False,False,7.228,3663
False,/flxZrYmIxBZur2K8JBoFmtQdNEv.jpg,[18],526024,Boy Undone,es,Memorias de lo que no fue,"Two young men spend the night together after meeting the previous evening in a notorious gay club. The next day, however, the host wakes to find the boy he picked up bewildered and confused, unable remember his name or anything about his past. Lacking any type of identification or obvious clues, the boys begin to search for the truth among fragments of memories that may or may not prove reliable.",11.5771,/eOBsUuK4qoW4S8Qm5hNZpno9mVi.jpg,2017-05-31,False,False,4.75,20
False,/yZP6GyrgzdpjH1AxPHlb8ACLkiA.jpg,"[27, 53]",49018,Insidious,en,Insidious,"A family discovers that dark spirits have invaded their home after their son inexplicably falls into an endless sleep. When they reach out to a professional for help, they learn things are a lot more personal than they thought.",11.3384,/1egpmVXuXed58TH2UOnX1nATTrf.jpg,2011-03-31,False,False,6.943,7333
False,/sTQNRqLbfCXolrb5CizAW1dj528.jpg,"[878, 14, 28]",246655,X-Men: Apocalypse,en,X-Men: Apocalypse,"After the re-emergence of the world's first mutant, world-destroyer Apocalypse, the X-Men must unite to defeat his extinction level plan.",10.825,/2mtQwJKVKQrZgTz49Dizb25eOQQ.jpg,2016-05-18,False,False,6.525,13785
False,/lgBZlJ1LHQel5nneNQMoesmvc7l.jpg,"[28, 12, 10752]",1271,300,en,300,"A story very loosely based the 480 B.C. Battle of Thermopylae, where the King of Sparta led his army against the advancing Persians.",10.7801,/h7Lcio0c9ohxPhSZg42eTlKIVVY.jpg,2007-03-07,False,False,7.201,14736
False,/ztiFxuG0gC6wQ8y7JZFYbCQyN4Y.jpg,"[16, 35, 10751, 10402]",438695,Sing 2,en,Sing 2,"Buster and his new cast now have their sights set on debuting a new show at the Crystal Tower Theater in glamorous Redshore City. But with no connections, he and his singers must sneak into the Crystal Entertainment offices, run by the ruthless wolf mogul Jimmy Crystal, where the gang pitches the ridiculous idea of casting the lion rock legend Clay Calloway in their show. Buster must embark on a quest to find the now-isolated Clay and persuade him to return to the stage.",11.1658,/aWeKITRFbbwY8txG5uCj4rMCfSP.jpg,2021-12-01,False,False,7.833,4779
False,/4tdV5AeojEdbvn6VpeQrbuDlmzs.jpg,"[16, 18, 12, 14]",916224,Suzume,ja,すずめの戸締まり,"Suzume, 17, lost her mother as a little girl. On her way to school, she meets a mysterious young man. But her curiosity unleashes a calamity that endangers the entire population of Japan, and so Suzume embarks on a journey to set things right.",11.635,/yStW1TXF5s7Tbtu9KjIZEaWl6HL.jpg,2022-11-11,False,False,7.9,1742
False,/nl18gyzai02Tu99VkURu7kCFrR8.jpg,"[28, 12]",184315,Hercules,en,Hercules,"When a new enemy threatens the innocent, Hercules must lead his fearless team of warriors in a battle against overwhelming odds.",10.4137,/sKNIwY6UENCJ36FvYvnBW3Vdzt7.jpg,2014-07-23,False,False,5.801,4347
False,/55SgWijKbM9GkoVuiW8MtW4qaly.jpg,"[35, 10749]",1306293,It Takes Two To Tango,fr,Aimons-nous vivants,"Antoine Toussaint is a famous, disillusioned 70 year-old crooner. On a train to Geneva where he plans to end his life, Antoine meets Victoire, a good-natured fan with a few loose wires. This unlikely encounter thwarts all Antoine’s plans, for better or worse!",10.7118,/gBT1mJ2E7K8QqOM0HVtStlBElvV.jpg,2025-04-16,False,False,5.8,60
False,/h3KN24PrOheHVYs9ypuOIdFBEpX.jpg,"[16, 10751, 12]",166428,How to Train Your Dragon: The Hidden World,en,How to Train Your Dragon: The Hidden World,"As Hiccup fulfills his dream of creating a peaceful dragon utopia, Toothless’ discovery of an untamed, elusive mate draws the Night Fury away. When danger mounts at home and Hiccup’s reign as village chief is tested, both dragon and rider must make impossible decisions to save their kind.",11.1893,/xvx4Yhf0DVH8G4LzNISpMfFBDy2.jpg,2019-01-03,False,False,7.751,7112
False,/i2fZIltljrhFPsUK9PN6O6ZE7M4.jpg,"[12, 16, 35, 10751, 14]",11836,The SpongeBob SquarePants Movie,en,The SpongeBob SquarePants Movie,"There's trouble brewing in Bikini Bottom. Someone has stolen King Neptune's crown, and it looks like Mr. Krab, SpongeBob's boss, is the culprit. Though he's just been passed over for the promotion of his dreams, SpongeBob stands by his boss, and along with his best pal Patrick, sets out on a treacherous mission to Shell City to reclaim the crown and save Mr. Krab's life.",10.7499,/1rvzKV1d18EbDVaEd4VDzK3cgnY.jpg,2004-11-19,False,False,7.1,3200
False,/9QusGjxcYvfPD1THg6oW3RLeNn7.jpg,"[28, 12, 14]",297802,Aquaman,en,Aquaman,"Half-human, half-Atlantean Arthur Curry is taken on the journey of his lifetime to discover if he is worth of being a king.",15.2508,/ufl63EFcc5XpByEV2Ecdw6WJZAI.jpg,2018-12-07,False,False,6.868,14918
False,/c0fB9xk7D1aVb3Bg2rk2SVJcGn.jpg,"[18, 10752]",423,The Pianist,en,The Pianist,"The true story of pianist Władysław Szpilman's experiences in Warsaw during the Nazi occupation. When the Jews of the city find themselves forced into a ghetto, Szpilman finds work playing in a café; and when his family is deported in 1942, he stays behind, works for a while as a laborer, and eventually goes into hiding in the ruins of the war-torn city.",12.0573,/2hFvxCCWrTmCYwfy7yum0GKRi3Y.jpg,2002-09-17,False,False,8.4,10148
False,/qA2TyqPldTtoTVY3LKrNIG5g6bH.jpg,"[18, 10749]",76,Before Sunrise,en,Before Sunrise,"An unexpected meeting on a train leads two travelers to spend an evening wandering through Vienna. As the night unfolds, they share stories and conversations about life and love, exploring new ideas while a quiet intimacy grows between them, knowing it may be their only night together.",12.6646,/kf1Jb1c2JAOqjuzA3H4oDM263uB.jpg,1995-01-27,False,False,7.974,4697
False,/43r72yQDIezet8VAZzRAxu6mLWf.jpg,"[18, 10751]",1193774,"Son, I Love Your Mouth",es,"Hijo, amo tu boca",Can a father fall head over heels in love with his son?,11.7161,/bU5PA9DmgEjgQVhm1dNrRpBcJZ5.jpg,2023-08-27,False,False,6.0,1
False,/2lBOQK06tltt8SQaswgb8d657Mv.jpg,"[10752, 36, 18]",530915,1917,en,1917,"At the height of the First World War, two young British soldiers must cross enemy territory and deliver a message that will stop a deadly attack on hundreds of soldiers.",11.1465,/iZf0KyrE25z1sage4SYFLCCrMi9.jpg,2019-12-25,False,False,7.987,13558
False,/iXXPaQPfQowpQ5UvhsHLj9BgFhe.jpg,"[27, 878]",126889,Alien: Covenant,en,Alien: Covenant,"The crew of the colony ship Covenant, bound for a remote planet on the far side of the galaxy, discovers what they think is an uncharted paradise but is actually a dark, dangerous world.",12.2899,/zecMELPbU5YMQpC81Z8ImaaXuf9.jpg,2017-05-09,False,False,6.177,9428
False,/avwIERZtWiWa34qShf5biDzAVaF.jpg,"[35, 18]",1049471,Outcome,en,Outcome,"Reef Hawk, Hollywood's poster child since age six, is not okay. When he learns about an extortion plot tied to a mysterious video, Reef preemptively sets out on a redemption tour to make amends, confront his demons, and avoid getting canceled.",11.1098,/kSzcpfbTy2pXHGvrVU2WhQTo6oU.jpg,2026-04-06,False,False,5.378,205
False,/fOAIBZQOyqktxjpedHZKTDJegkt.jpg,"[28, 53, 18]",1557848,The Sleeper,tr,Uykucu,"Ferman is a cold-blooded hitman who eliminates former agents for a secret organization. While eliminating a target during one of his missions, he encounters Saye and unexpectedly falls in love with her. Instead of killing her, he chooses to bring her into the organization. This decision marks the beginning of an irreversible path in both of their lives.",10.7765,/xvycfI4PRusKfqvzmkb8xqO0g48.jpg,2025-10-29,False,False,6.0,5
False,/bQXAqRx2Fgc46uCVWgoPz5L5Dtr.jpg,"[28, 12, 878]",436270,Black Adam,en,Black Adam,"Nearly 5,000 years after he was bestowed with the almighty powers of the Egyptian gods—and imprisoned just as quickly—Black Adam is freed from his earthly tomb, ready to unleash his unique form of justice on the modern world.",10.5951,/rCtreCr4xiYEWDQTebybolIh6Xe.jpg,2022-10-19,False,False,6.804,7025
False,/irpJXGiVr539uuspcQcNdkhS2lq.jpg,"[16, 28, 35, 10751, 878]",38055,Megamind,en,Megamind,"After Megamind, a highly intelligent alien supervillain, defeats his long-time nemesis Metro Man, Megamind creates a new hero to fight, but must act to save the city when his ""creation"" becomes an even worse villain than he was.",10.2138,/uZ9ytt3sPTx62XTfN56ILSuYWRe.jpg,2010-10-28,False,False,7.026,7470
False,/fypydCipcWDKDTTCoPucBsdGYXW.jpg,"[878, 12, 28]",653346,Kingdom of the Planet of the Apes,en,Kingdom of the Planet of the Apes,"Several generations following Caesar's reign, apes – now the dominant species – live harmoniously while humans have been reduced to living in the shadows. As a new tyrannical ape leader builds his empire, one young ape undertakes a harrowing journey that will cause him to question all he's known about the past and to make choices that will define a future for apes and humans alike.",19.6748,/gKkl37BQuKTanygYQG1pyYgLVgf.jpg,2024-05-08,False,False,7.054,4262
False,/xPpXYnCWfjkt3zzE0dpCNME1pXF.jpg,"[16, 28, 14]",635302,Demon Slayer -Kimetsu no Yaiba- The Movie: Mugen Train,ja,劇場版「鬼滅の刃」無限列車編,"Tanjiro Kamado, joined with Inosuke Hashibira, a boy raised by boars who wears a boar's head, and Zenitsu Agatsuma, a scared boy who reveals his true power when he sleeps, boards the Infinity Train on a new mission with the Fire Hashira, Kyojuro Rengoku, to defeat a demon who has been tormenting the people and killing the demon slayers who oppose it!",11.6639,/h8Rb9gBr48ODIwYUttZNYeMWeUU.jpg,2020-10-16,False,False,8.211,4526
False,/6qHI1IYj7QlLSCwHRzkL62X175s.jpg,[18],73,American History X,en,American History X,"Derek Vineyard is paroled after serving 3 years in prison for killing two African-American men. Through his brother, Danny Vineyard's narration, we learn that before going to prison, Derek was a skinhead and the leader of a violent white supremacist gang that committed acts of racial crime throughout L.A. and his actions greatly influenced Danny. Reformed and fresh out of prison, Derek severs contact with the gang and becomes determined to keep Danny from going down the same violent path as he did.",11.9177,/x2drgoXYZ8484lqyDj7L1CEVR4T.jpg,1998-07-01,False,False,8.327,12592
False,/hmAOMwVeJfdWXgK1Ikyl2eYkE99.jpg,"[16, 10751]",62211,Monsters University,en,Monsters University,A look at the relationship between Mike and Sulley during their days at Monsters University — when they weren't necessarily the best of friends.,10.9202,/y7thwJ7z5Bplv6vwl6RI0yteaDD.jpg,2013-06-19,False,False,7.052,11323
False,/zoVeIgKzGJzpdG6Gwnr7iOYfIMU.jpg,"[18, 10749]",11216,Cinema Paradiso,it,Nuovo Cinema Paradiso,"A filmmaker recalls his childhood, when he fell in love with the movies at his village's theater and formed a deep friendship with the theater's projectionist.",10.8075,/gCI2AeMV4IHSewhJkzsur5MEp6R.jpg,1988-11-17,False,False,8.427,4834
False,/mHG7dpLb0ZScSY3LpP443IHRmjy.jpg,"[16, 53]",10494,Perfect Blue,ja,PERFECT BLUE,"Rising pop star Mima quits singing to pursue a career as an actress. After she takes up a role on a popular detective show, her handlers and collaborators begin turning up murdered. Harboring feelings of guilt and haunted by visions of her former self, Mima's reality and fantasy meld into a frenzied paranoia.",13.8345,/6WTiOCfDPP8XV4jqfloiVWf7KHq.jpg,1998-02-28,False,False,8.304,3200
False,/4kix6fAblJIH6eMs0Ku2loyZJXK.jpg,"[28, 53, 878]",679,Aliens,en,Aliens,"Ripley, the sole survivor of the Nostromo's deadly encounter with the monstrous Alien, returns to Earth after drifting through space in hypersleep for 57 years. Although her story is initially met with skepticism, she agrees to accompany a team of Colonial Marines back to LV-426.",11.4665,/r1x5JGpyqZU8PYhbs4UcrO1Xb6x.jpg,1986-07-18,False,False,7.962,10871
False,/oDdRrwTCgaDzAshScrFO09qWqPB.jpg,"[18, 80]",10474,The Basketball Diaries,en,The Basketball Diaries,A high school basketball player’s life turns upside down after free-falling into the harrowing world of drug addiction.,8.0346,/AhvO1GGDPIgN0hOqZEgaFCbswMK.jpg,1995-04-21,False,False,7.401,2212
False,/kG8bBajeSTUxJGmS47WujcraZUk.jpg,"[27, 35, 18]",1284120,The Ugly Stepsister,no,Den stygge stesøsteren,"In a fairy-tale kingdom where beauty is a brutal business, Elvira battles to compete with her incredibly beautiful stepsister, Agnes, and she will go to any length to catch the Prince’s eye.",11.217,/rayAREIKtSinuov10GvrZHyXfXH.jpg,2025-03-07,False,False,7.325,1178
False,/sGE6N1vJjxZLkOJEXdIOqTslxuL.jpg,[99],1087040,Money Shot: The Pornhub Story,en,Money Shot: The Pornhub Story,"Featuring interviews with performers, activists and past employees, this documentary offers a deep dive into the successes and scandals of Pornhub.",10.4725,/kpTqWqLYcf1uErnx5VXLah4EWJZ.jpg,2023-03-15,False,False,5.762,357
False,/p26c040MErns7DJYhisa1CpVB5i.jpg,"[27, 9648, 53]",423108,The Conjuring: The Devil Made Me Do It,en,The Conjuring: The Devil Made Me Do It,"Paranormal investigators Ed and Lorraine Warren encounter what would become one of the most sensational cases from their files. The fight for the soul of a young boy takes them beyond anything they'd ever seen before, to mark the first time in U.S. history that a murder suspect would claim demonic possession as a defense.",11.1964,/xbSuFiJbbBWCkyCCKIMfuDCA4yV.jpg,2021-05-25,False,False,7.352,6549
False,/zVsOlg2sNTOJN7RTayC8X2FKjsu.jpg,[53],339308,The Unscarred,en,The Unscarred,Four exchange students meet in Berlin 20 years after graduating but picking up where they left off doesn't turn out to be as easy as they had hoped.,11.0714,/tgBRIucjHxtLUXO7HJiK54SteUb.jpg,2000-06-01,False,False,5.8,9
False,/xmdFozpWIeVYQuhhvtnkd8IgkW0.jpg,"[27, 53]",537523,Deadly Crush,en,Deadly Crush,"When a painter rents a secluded cabin to jump start her creativity, she has sex with a ghost and finds herself part of his plan to bring itself back to life.",8.971,/k0R9rLOCyvgilmBnchwAR1eYCOv.jpg,2018-09-25,False,False,3.7,7
False,/8zyQbsmMlXfLkcctjNz5YZZwpkw.jpg,[27],999136,Do Not Enter,en,Do Not Enter,"A group of young explorers investigates an old abandoned hotel, only to encounter a strange supernatural being and a competing group looking for a legendary hidden treasure.",10.4991,/stM9N7eJmHKLmFR59JG4tLdN7Wk.jpg,2026-03-19,False,False,5.579,101
False,/bQlw59HncOXX9alFlOYKHAvSnm.jpg,"[35, 14, 80, 10749]",854,The Mask,en,The Mask,"Timid bank clerk Stanley Ipkiss discovers a magical mask infused with the spirit of the Norse god Loki. Donning it transforms him into an unrestrained, green-faced, cartoon-like wild man. While the mask grants him the confidence to woo a local singer, it also makes him the target of a ruthless mobster.",11.7816,/jPC2eYub74zwf2tPGVtzSlBW6Oy.jpg,1994-07-29,False,False,6.99,11272
False,/ujUwzNV8ZkOzZonvhhHsc9KOKDf.jpg,"[878, 9648, 28]",1058424,Hope,ko,호프,"In the remote South Korean village of Hope Harbor, police chief Bum-seok and officer Sung-ae are called to investigate a mysterious creature wreaking havoc on the community. But all is not as it seems, and perceptions can be misleading. What begins as ignorance plants the seed of disaster, escalating through human conflict into a tragedy of cosmic proportions.",10.6932,/1n37BJchWHLiSYQkuFxe5KjB951.jpg,2026-07-15,False,False,0.0,0
False,/tK3QdOOrX4qEkmSlvrmc8cK7iOU.jpg,"[27, 35]",1393326,Ghost in the Cell,id,Ghost in the Cell,"A notorious prison, an invisible force begins killing inmates brutally, compelling enemy gangs and corrupt guards to work together as they try to survive the mounting bloodshed.",11.2379,/gF6Ijrq5bixh4qemCuroRwXtbBc.jpg,2026-04-16,False,False,7.958,12
False,/bQSfsZDaBWZCHI8Z2nrN1hkR6EG.jpg,"[35, 27]",246403,Tusk,en,Tusk,"When his best friend and podcast co-host goes missing in the backwoods of Canada, a young guy joins forces with his friend's girlfriend to search for him.",15.4956,/pA2SgITmH0lzet9Nn5cxeinRKMv.jpg,2014-09-19,False,False,5.532,1623
False,/r7K6Xt0RX4Mw0cAbZVw5cyb1Tux.jpg,"[28, 12, 14]",566525,Shang-Chi and the Legend of the Ten Rings,en,Shang-Chi and the Legend of the Ten Rings,Shang-Chi must confront the past he thought he left behind when he is drawn into the web of the mysterious Ten Rings organization.,21.1,/9f2Q0U3IOsLgrI2HkvldwSABZy5.jpg,2021-09-01,False,False,7.495,10399
False,/coru98UcFBzJIU7bxZguxaePgu0.jpg,[35],8363,Superbad,en,Superbad,Two co-dependent high school seniors are forced to deal with separation anxiety after their plan to stage a booze-soaked party goes awry.,11.7196,/ek8e8txUyUwd2BNqj6lFEerJfbq.jpg,2007-08-17,False,False,7.266,8102
False,/5r2NPZgYBB8ALBL3q4iX9AjTLJ6.jpg,"[10749, 18]",1308821,First Taste,tl,Unang Tikim,"Yuna, a woman engaged with her long time boyfriend, Nicco, starts to have second thoughts when she meets again her first love, Becca. Now she is torn between the man she loves and the woman she first loved.",11.1633,/oDWZS6LznvdH7mZOYfCro0ISJCM.jpg,2024-07-07,False,False,5.4,9
False,/9ys3pySjmZiONZWAy8QhOxv5SDH.jpg,"[35, 10749]",9655,She's the Man,en,She's the Man,"Viola Hastings is in a real jam. Complications threaten her scheme to pose as her twin brother, Sebastian, and take his place at a new boarding school. She falls in love with her handsome roommate, Duke, who loves beautiful Olivia, who has fallen for Sebastian! As if that were not enough, Viola's twin returns from London ahead of schedule but has no idea that his sister has already replaced him on campus.",10.1055,/gdF2PEBdwoohpPqKL93eCk17zNO.jpg,2006-03-17,False,False,6.818,3291
False,/2vq5GTJOahE03mNYZGxIynlHcWr.jpg,"[18, 28, 36]",359724,Ford v Ferrari,en,Ford v Ferrari,"American car designer Carroll Shelby and the British-born driver Ken Miles work together to battle corporate interference, the laws of physics, and their own personal demons to build a revolutionary race car for Ford Motor Company and take on the dominating race cars of Enzo Ferrari at the 24 Hours of Le Mans in France in 1966.",11.6868,/dR1Ju50iudrOh3YgfwkAU1g2HZe.jpg,2019-11-13,False,False,8.007,8995
False,/hNsYUryiwxcdeTMkaBcPF3iEg0p.jpg,"[878, 28]",335983,Venom,en,Venom,"Investigative journalist Eddie Brock attempts a comeback following a scandal, but accidentally becomes the host of Venom, a violent, super powerful alien symbiote. Soon, he must rely on his newfound powers to protect the world from a shadowy organization looking for a symbiote of their own.",11.741,/2uNW4WbgBXL25BAbXGLnLqX71Sw.jpg,2018-09-28,False,False,6.827,17252
False,/fKPgObonYgPgCdu88yjV7Hpn7Dp.jpg,"[28, 80, 53]",273481,Sicario,en,Sicario,An idealistic FBI agent is enlisted by a government task force to aid in the escalating war against drugs at the border area between the U.S. and Mexico.,11.1152,/lz8vNyXeidqqOdJW9ZjnDAMb5Vr.jpg,2015-09-17,False,False,7.419,9571
False,/g5haoqEqt5VwVwQKEkoXY9zqSxb.jpg,"[35, 10749]",232672,Blended,en,Blended,"Recently divorced mom Lauren and widowed dad Jim let their friends push them into a blind date, which goes disastrously wrong. Unsurprisingly, neither wants to see the other ever again. However, fate intervenes when both Jim and Lauren, unbeknownst to each other, purchase one-half of the same vacation package at a South African resort for families, during spring break. They and their children are forced to share the same romantic suite and participate in a slew of family activities together.",10.679,/o2YrH9jS7CAfWjETHFeL0tth79E.jpg,2014-05-21,False,False,6.897,3803
False,/mzRJpkWPjXdXak0WCc8ZxVH4hug.jpg,"[878, 28]",373571,Godzilla: King of the Monsters,en,Godzilla: King of the Monsters,"Follows the heroic efforts of the crypto-zoological agency Monarch as its members face off against a battery of god-sized monsters, including the mighty Godzilla, who collides with Mothra, Rodan, and his ultimate nemesis, the three-headed King Ghidorah. When these ancient super-species, thought to be mere myths, rise again, they all vie for supremacy, leaving humanity's very existence hanging in the balance.",10.5981,/mzOHg7Q5q9yUmY0b9Esu8Qe6Nnm.jpg,2019-05-29,False,False,6.692,6725
False,/bYXYrMZeS792zS87xD9ySUALVgK.jpg,"[18, 35]",297090,The Torture Club,ja,ちょっとかわいいアイアンメイデン,"The ""Torture Club"" is an official after-school activity at the private school Saint Honesty Gakuen. Yuzuki has no idea about the club when she enrolls, and gets abducted by the club members and hauled off the club-room. There, she finds out that upper-class student Aoi, her secret idol, is in the club, and decides to join, but…",11.2979,/hkK8JqGZa48jk9iaQBIyefGcqUo.jpg,2014-07-19,False,False,5.235,51
False,/qGZXYHvWR1TYOU9raCaEABrj9m7.jpg,"[16, 10751, 14]",10144,The Little Mermaid,en,The Little Mermaid,This colorful adventure tells the story of an impetuous mermaid princess named Ariel who falls in love with the very human Prince Eric and puts everything on the line for the chance to be with him. Memorable songs and characters -- including the villainous sea witch Ursula.,11.1013,/plcZXvI310FkbwIptvd6rqk63LP.jpg,1989-11-17,False,False,7.351,8405
False,,"[10749, 18, 35]",477392,Molulo: Jodoh Tak Bisa Dipaksa,id,Molulo: Jodoh Tak Bisa Dipaksa,"Based on an true story, a young man refuse marriage proposal from his parent and went to Kendari where he finally meet his love at Molulo festival.",13.3209,/iExSZnx2QKAzS99z9wF6zHB95e2.jpg,2017-11-02,False,False,0.0,0
False,/es6wAAA72qIKGecMggiRZNQK0fa.jpg,"[35, 10749, 10751]",1684226,Bride of the Year,af,Bruid van die Jaar,"When Lienkie's dream of budding a family of her own come crashing down, she hatches a devious plan to win ""Bride of the Year"" and get back at her ex.",10.0549,/2AiO7wnTrY5ktq0pLco3eS6g8NL.jpg,2026-05-15,False,False,7.1,25
False,/zHF0KdYTuKkwyaE1mt0oFeCB2EF.jpg,"[35, 27]",184345,A Haunted House 2,en,A Haunted House 2,"After exorcising the demons of his ex, Malcolm starts afresh with his new girlfriend and her two children. After moving into their dream home, Malcolm is once again plagued by bizarre paranormal events.",11.617,/oV7M00fPXy5P0nbdeMbSUjYv0vx.jpg,2014-04-17,False,False,6.182,1593
False,/AFz4opHapnKfpZgdZ2v6dQ1LoM.jpg,"[53, 27, 35]",80794,Daughter of Darkness,zh,滅門慘案之孽殺,The police suspect a young teenager who was horrifically abused by her family and raped by her father of finally snapping and slaughtering them all.,9.1952,/2ggoyYfBIMD3WbHj36Qlr7wgyFV.jpg,1993-10-28,False,False,5.5,28
False,/z4mSIudSz9ddv7kmZ7QFN0ALUz9.jpg,[27],8689,Cannibal Holocaust,it,Cannibal Holocaust,A New York University professor returns from a rescue mission to the Amazon rainforest with the footage shot by a lost team of documentarians who were making a film about the area's local cannibal tribes.,12.1657,/otxZzMh53TsN7yYFqSZ3rwH1yMd.jpg,1980-02-07,False,False,6.263,1867
False,/sYQwMTzlb8uSyaE7e3cfpfYOshu.jpg,[18],1658214,Scorpio Nights 4,tl,Scorpio Nights 4,"A countryside boy rents a room from a couple and discovers a hole exposing their secrets. His voyeurism leads into tangled affairs with two women, unraveling a twisted game of lust and betrayal.",10.6603,/lhgGvrHkwu9mtNeAhzaG828boH4.jpg,2026-03-31,False,False,7.333,3
False,/dCgrFY6uTqhEpyhe8MzP1oExyLt.jpg,"[80, 27, 53]",1032823,Trap,en,Trap,"A father and teen daughter attend a pop concert, where they realize they're at the center of a dark and sinister event.",10.4036,/jwoaKYVqPgYemFpaANL941EF94R.jpg,2024-07-31,False,False,6.236,2848
False,/ugiV9SpJburMOPeIyjBJyAnO1So.jpg,"[12, 14, 10751]",32657,Percy Jackson & the Olympians: The Lightning Thief,en,Percy Jackson & the Olympians: The Lightning Thief,"Accident prone teenager, Percy discovers he's actually a demi-God, the son of Poseidon, and he is needed when Zeus' lightning is stolen. Percy must master his new found skills in order to prevent a war between the Gods that could devastate the entire world.",10.8531,/brzpTyZ5bnM7s53C1KSk1TmrMO6.jpg,2010-02-01,False,False,6.2,7822
False,/y5tad0a4yRbxYgOHGllEIEeCCKt.jpg,"[16, 10749, 14, 10751]",10198,The Princess and the Frog,en,The Princess and the Frog,"A waitress, desperate to fulfill her dreams as a restaurant owner, is set on a journey to turn a frog prince back into a human being, but she has to face the same problem after she kisses him.",11.9434,/v6nAUs62OJ4DXmnnmPFeVmMz8H9.jpg,2009-12-08,False,False,7.225,6127
False,/71FjlP0qZPc1iymcHf8u5vXfH50.jpg,"[16, 10751]",73723,The Lorax,en,The Lorax,"A 12-year-old boy searches for the one thing that will enable him to win the affection of the girl of his dreams. To find it he must discover the story of the Lorax, the grumpy yet charming creature who fights to protect his world.",9.719,/tePFnZFw5JvjwjQjaKkqDPNMLPU.jpg,2012-03-01,False,False,6.528,3879
False,/vsmlShNNHrYlERZaqMOsZ3YctoO.jpg,"[28, 53, 80]",1701,Con Air,en,Con Air,"Newly-paroled former US Army ranger Cameron Poe is headed back to his wife, but must fly home aboard a prison transport flight dubbed ""Jailbird"" taking the “worst of the worst” prisoners, a group described as “pure predators”, to a new super-prison. Poe faces impossible odds when the transport plane is skyjacked mid-flight by the most vicious criminals in the country led by the mastermind — genius serial killer Cyrus ""The Virus"" Grissom, and backed by black militant Diamond Dog and psychopath Billy Bedlam.",10.0797,/kOKjgrEzGOP92rVQ6srA9jtp60l.jpg,1997-06-05,False,False,6.777,4696
False,/yKeYZOmBMQUMKpMlJJF8q4riYpl.jpg,"[99, 80]",1693002,The Murder of Rachel Nickell,en,The Murder of Rachel Nickell,A young mother is killed in broad daylight on London's Wimbledon Common — in front of her toddler. This documentary examines the yearslong murder case.,9.6268,/db9nxdSqZ8Mh6RDRreF1HFsz9hx.jpg,2026-06-04,False,False,5.889,9
False,/kJaRWmy1BGq3pHyE94LOTteiHer.jpg,"[28, 18, 9648, 53]",2501,The Bourne Identity,en,The Bourne Identity,"Wounded to the brink of death and suffering from amnesia, Jason Bourne is rescued at sea by a fisherman. With nothing to go on but a Swiss bank account number, he starts to reconstruct his life, but finds that many people he encounters want him dead. However, Bourne realizes that he has the combat and mental skills of a world-class spy—but who does he work for?",12.4086,/aP8swke3gmowbkfZ6lmNidu0y9p.jpg,2002-06-14,False,False,7.479,10101
False,/9XhZhoSnFJ3AjpfzdIiZVHLQIS4.jpg,"[28, 35, 80, 14]",9470,Kung Fu Hustle,cn,功夫,"It's the 1940s, and the notorious Axe Gang terrorizes Shanghai. Small-time criminals Sing and Bone hope to join, but they only manage to make lots of very dangerous enemies. Fortunately for them, kung fu masters and hidden strength can be found in unlikely places. Now they just have to take on the entire Axe Gang.",12.1368,/exbyTbrvRUDKN2mcNEuVor4VFQW.jpg,2004-02-10,False,False,7.5,3192
False,/s6aB9kjxNg0mu2361IkCUSpyHJV.jpg,"[35, 80, 53]",639988,No Other Choice,ko,어쩔수가없다,"After being laid off and humiliated by a ruthless job market, a veteran paper mill manager descends into violence in a desperate bid to reclaim his dignity.",10.9077,/sBpxTGLzKnvPSVtL5yQYpSxvKEb.jpg,2025-09-24,False,False,7.506,1082
False,/kCwmLYy9ZMto1eMH8BI9KcVVIH2.jpg,"[35, 27, 14, 28]",1022453,The Rajasaab,te,ది రాజాసాబ్,"Seeking his lost grandfather, a young man enters a haunted mansion and awakens a family curse powerful enough to upend both his life and reality.",10.5745,/nvK6gYa4diCnQkDVN42uoYXPrdT.jpg,2026-01-08,False,False,5.2,30
False,/qAzYK4YPSWDc7aa4R43LcwRIAyb.jpg,"[28, 12, 878]",299537,Captain Marvel,en,Captain Marvel,"The story follows Carol Danvers as she becomes one of the universe’s most powerful heroes when Earth is caught in the middle of a galactic war between two alien races. Set in the 1990s, Captain Marvel is an all-new adventure from a previously unseen period in the history of the Marvel Cinematic Universe.",17.4994,/AtsgWhDnHTq68L0lLsUrCnM7TjG.jpg,2019-03-06,False,False,6.782,16764
False,/vrFI0I3M8ROZduj9XbFDoQKZyao.jpg,"[27, 53]",9792,The Hills Have Eyes,en,The Hills Have Eyes,"Based on Wes Craven's 1977 suspenseful cult classic, The Hills Have Eyes is the story of a family road trip that goes terrifyingly awry when the travelers become stranded in a government atomic zone. Miles from nowhere, the Carter family soon realizes the seemingly uninhabited wasteland is actually the breeding ground of a blood-thirsty mutant family...and they are the prey.",11.0395,/2eJL1Ccr1FN3dm9OSDwyd8uaX1b.jpg,2006-03-10,False,False,6.468,3348
False,/7nAVXGHHtaNcdsqvDXmY6R9N0fG.jpg,"[28, 35]",1363123,The Family Plan 2,en,The Family Plan 2,"Now that Dan's assassin days are behind him, all he wants for Christmas is quality time with his kids. But when he learns his daughter has her own plans, he books a family trip to London—putting them all in the crosshairs of an unexpected enemy.",11.1597,/semFxuYx6HcrkZzslgAkBqfJvZk.jpg,2025-11-11,False,False,6.549,582
False,/qA6MHDGDY0LyutjLUgFJRbPXLpW.jpg,"[27, 878, 53]",1084199,Companion,en,Companion,"During a weekend getaway at a secluded lakeside estate, a group of friends finds themselves entangled in a web of secrets, deception, and advanced technology. As tensions rise and loyalties are tested, they uncover unsettling truths about themselves and the world around them.",12.1424,/oCoTgC3UyWGfyQ9thE10ulWR7bn.jpg,2025-01-22,False,False,7.017,2314
False,/kzeBfhXMRWiykBsqoL3UbfaM0S.jpg,"[28, 35, 80]",1035259,The Naked Gun,en,The Naked Gun,"Only one man has the particular set of skills... to lead Police Squad and save the world: Lt. Frank Drebin Jr. Following in his father's footsteps, he must solve a murder case to prevent Police Squad from closure.",11.9903,/rwla9vqzrKVVKVKiOuROTIXGsxj.jpg,2025-07-30,False,False,6.371,1742
False,/6U1ASeNWCTxIPeRFHXMBHp3JBfR.jpg,[53],233651,Sex Rider: Wet Highway,ja,セックス・ライダー　濡れたハイウェイ,"On the eve of her wedding and while cheating with another man, a woman gets involved into a dangerous new world of experiences.",9.7428,/jmyo0j2HMDeFvMh5y1wFYpoxH6S.jpg,1971-12-29,False,False,4.923,13
False,/5hcouxgjYMIdH3e113LOLK3eD6D.jpg,"[35, 10749, 18]",79871,Crazy Love,cn,蜜桃成熟時,"What was supposed to be summer school in England becomes an adventurous, exotic and romantic journey for a beautiful teenage girl. [from the Tai Seng Catalog] A nice story of a free-spirited (or, depending on your viewpoint, prick-teasing) young woman on a short journey of discovery.",10.8015,/vM4Tb2Wxk2X0Sgfy1wAS9bzSZsa.jpg,1993-04-17,False,False,6.413,46
False,/xuLA0pii2IMJW2puT7EvJtgpg0H.jpg,"[28, 12, 10751, 35]",675353,Sonic the Hedgehog 2,en,Sonic the Hedgehog 2,"After settling in Green Hills, Sonic is eager to prove he has what it takes to be a true hero. His test comes when Dr. Robotnik returns, this time with a new partner, Knuckles, in search for an emerald that has the power to destroy civilizations. Sonic teams up with his own sidekick, Tails, and together they embark on a globe-trotting journey to find the emerald before it falls into the wrong hands.",10.5805,/6DrHO1jr3qVrViUO6s6kFiAGM7.jpg,2022-03-30,False,False,7.428,5875
False,/2xnLwNvea2TSH0M0oc9iEq2KEVp.jpg,"[878, 53, 12, 28]",1196470,Survive,fr,Survivre,A couple celebrates their son’s birthday in the middle of the ocean on their boat. A violent storm hits and it brings up hungry creatures from the depths and they fight for their survival.,10.9425,/7fR3KxswtY8OHHZuOUB9td58CRX.jpg,2024-06-19,False,False,5.852,382
False,/splyNGhpQdqxc0SYABuVVWsfg73.jpg,"[35, 16]",331586,Boonie Bears: Robo-Rumble,zh,熊出没之年货,"With Spring Festival just around the corner, logger Vick learns that he has just been laid off for the holiday season. Trying to get another job, he finally gets employed as a Forest Ranger. At first, the Boonie Bears  distrust Vick, but when a giant Super Chopping Robot arrives to log the entire forest, the animal gang must learn to trust their one-time enemy and work together to defend the forest!",10.0292,/1ZYKnMwh8BhQyRzFaU0P52AlEh3.jpg,2014-01-30,False,False,7.0,9
False,/eFlx3fW8FHXOktGa7Tzy57RajtG.jpg,"[18, 10749]",1357459,Tatsulok: Tatlo Magkasalo,tl,Tatsulok: Tatlo Magkasalo,"Story about a happily married couple visited by an old friend, who ends up stirring the pot by becoming sexually involved with both the husband and the wife.",10.3229,/15B2oabjTSiydkqsV05jX2IV1Dq.jpg,2024-10-11,False,False,5.6,14
False,,[18],1123640,Manji Mai 3: I will let you go Paradise Jodo,ja,卍舞Ⅲ いかせてあげる、極楽浄土,"The female ninja butterfly was the daughter of a large store five years ago. The butterfly is in love with the Ronin Kurokawa Gennoshin, and one night he abandons everything and leaves the house to be with him, but he…",10.5894,/mvyxrQtti8b8fn5ZoAc36VcwArt.jpg,1996-05-18,False,False,0.0,0
False,/1hixFUqs2u1ozzgU2WdTErTj6w5.jpg,[18],1531018,Hot Night,tl,Sa Gabing Mainit,"Nica, nursing a broken heart, heads to Camp Haraya with her friends Ellen and Tony. There, she crosses paths with birthday celebrant Ralph and his group of friends. As emotions ignite and passions unfold, Nica must discover whether Ralph can help her find the spark she thought she lost.",11.4414,/uB2Opos65gHaPSeyziXW4XDHPZT.jpg,2025-08-29,False,False,7.0,3
False,/6D6M5z4reppUxo2cnBEKI02Csp1.jpg,"[28, 80, 53, 37]",1601243,Oscar Shaw,en,Oscar Shaw,"After retiring from the police force, a relentless detective haunted by the tragic loss of his closest friend sets out on a perilous quest for vengeance, seeking redemption and fighting to restore justice to the streets he once swore to protect.",10.5254,/tsE3nySukwrfUjouz8vzvKTcXNC.jpg,2026-01-09,False,False,6.719,32
False,/5nThxh7oDnRkueUhZyjNDyj43eZ.jpg,"[35, 18, 10749]",74871,One Wild Moment,fr,Un moment d'égarement,"Pierre, 44, contentedly divorced, takes his teen daughter to the Côte d'Azur along with his friend Jacques and Jacques' own teen daughter, Françoise. On the topless beaches of Saint-Tropez, Jacques and Pierre discuss marriage and being parents. Then, in a wild moment at a nighttime party, Françoise starts playing with Pierre, and one thing leads to another: they become lovers. After a couple of trysts, Pierre wants out, but Françoise declares her love for him and wants to tell her father about it. She does, but leaves out Pierre's name, so Jacques enlists Pierre's help in identifying who seduced his daughter. What will Pierre do?",19.4231,/6jTWy6HPxWyWKwatA0VigoYG9sO.jpg,1977-12-21,False,False,6.061,49
False,/4mcOCiR06dqQ5eoEJcG3zvonjOa.jpg,"[878, 28, 53, 12]",294254,Maze Runner: The Scorch Trials,en,Maze Runner: The Scorch Trials,"Thomas and his fellow Gladers face their greatest challenge yet: searching for clues about the mysterious and powerful organization known as WCKD. Their journey takes them to the Scorch, a desolate landscape filled with unimaginable obstacles. Teaming up with resistance fighters, the Gladers take on WCKD’s vastly superior forces and uncover its shocking plans for them all.",9.9995,/mYw7ZyejqSCPFlrT2jHZOESZDU3.jpg,2015-09-09,False,False,6.73,11035
False,/8BTsTfln4jlQrLXUBquXJ0ASQy9.jpg,"[12, 28, 878]",140607,Star Wars: The Force Awakens,en,Star Wars: The Force Awakens,"Thirty years after defeating the Galactic Empire, Han Solo and his allies face a new threat from the evil Kylo Ren and his army of Stormtroopers.",11.5647,/wqnLdwVXoBjKibFRR5U3y0aDUhs.jpg,2015-12-15,False,False,7.248,20559
False,/vMxOmgmBGegjVObjlb8ugsjGgkD.jpg,"[10752, 28, 18]",1252037,The Tank,de,Der Tiger,"A German Tiger tank crew is sent on a dangerous mission to rescue the missing officer Paul von Hardenburg from a top-secret bunker behind enemy lines. As they make their way through the lethal no-man's land, they must confront not only the enemy, but also their own fears and inner demons. Fueled by the Wehrmacht's methamphetamine, their mission increasingly becomes a journey into the heart of darkness.",9.9541,/65Jr1JAgWlu9em8zHhAfrNJJQBt.jpg,2025-09-18,False,False,7.105,439
False,/lalZuTh46pR318FTNpJB5MZFk1m.jpg,"[80, 18]",1625582,The Kerala Story 2,hi,The Kerala Story 2,"Three young Indian women across different states choose love over tradition, only to become trapped. Their parallel lives show how romance and rebellion transform into control and silence, turning love into a weapon that destroys freedom.",9.8011,/97jAFQcAnspd416cupbAbGMNT9z.jpg,2026-02-27,False,False,8.0,1
False,/7QDWTqSGqI2Q5dOBtvT64MOhmwJ.jpg,"[35, 10749]",930094,"Red, White & Royal Blue",en,"Red, White & Royal Blue","After an altercation between Alex, the president's son, and Britain's Prince Henry at a royal event becomes tabloid fodder, their long-running feud now threatens to drive a wedge in U.S./British relations. When the rivals are forced into a staged truce, their icy relationship begins to thaw and the friction between them sparks something deeper than they ever expected.",9.5005,/ta3ReqbdEcLJM3mcHMzbYFZI8v7.jpg,2023-07-27,False,False,7.9,1561
False,/r19pit61EI91tnOv7U4SxHhRPlN.jpg,"[18, 36]",1341137,A Great Awakening,en,A Great Awakening,One of the most defining moments in American history is the story of an unlikely friendship between the Reverend George Whitefield and Benjamin Franklin.,8.7212,/dXeeDRLGpTX1U97lWBAwQeeplsW.jpg,2026-04-03,False,False,7.111,9
False,/4DZxWNSAyksN6N3JkvpJ53Yq6zU.jpg,"[28, 18, 878]",263115,Logan,en,Logan,"In the near future, a weary Logan cares for an ailing Professor X in a hideout on the Mexican border. But Logan's attempts to hide from the world and his legacy are upended when a young mutant arrives, pursued by dark forces.",14.8305,/fnbjcRDYn6YviCcePDnGdyAkYsB.jpg,2017-02-28,False,False,7.82,20413
False,/8iPh3onZLleMTlswSiZcbyJ5uBk.jpg,"[16, 35]",1206167,Return of the Jungle,hi,Return of the Jungle,"Nine year old Mihir and his friends are faced with the daunting task of outwitting the biggest, meanest bully in school, Rahul Malhotra. To help them ride through this impossible journey, they turn to Thatha and his fantastic tales of inspiration from the ancient Jungles of India. Together, they must build a ruthless dinosaur, fight a nerve- racking game of cricket and travel all the way to Rajasthan, to rediscover the power of friendship, compassion and determination.",10.8701,/kXxSc3cG5wAB2wolqX8j0QKNwjD.jpg,2026-05-29,False,False,0.0,0
False,/5Sfl1SdrCWNHuRcPcqJP6Vcx8I8.jpg,[35],1370123,"Aida, the Movie",es,Aída y vuelta,"The film deals with the filming of an episode of the series with storylines that take place both within the fiction with the characters of 'Aída' and outside of it with the actors themselves and their relationships, which reflects on topics such as the limits of comedy, the work of a comedian and fame.",9.2373,/h4QnoqmMPS50U7m1XByw29CJ1ws.jpg,2026-01-30,False,False,6.943,53
False,/oFQilRMEq6yQbtMPxIYWpXeQ5ZN.jpg,"[80, 53]",291805,Now You See Me 2,en,Now You See Me 2,"One year after outwitting the FBI and winning the public’s adulation with their mind-bending spectacles, the Four Horsemen resurface only to find themselves face to face with a new enemy who enlists them to pull off their most dangerous heist yet.",10.7397,/A81kDB6a1K86YLlcOtZB27jriJh.jpg,2016-06-02,False,False,6.828,11592
False,/qgch2rFskIxDMgwrD5lWTaB4nBl.jpg,"[12, 35, 14]",512200,Jumanji: The Next Level,en,Jumanji: The Next Level,"As the gang return to Jumanji to rescue one of their own, they discover that nothing is as they expect. The players will have to brave parts unknown and unexplored in order to escape the world’s most dangerous game.",10.6181,/jyw8VKYEiM1UDzPB7NsisUgBeJ8.jpg,2019-12-04,False,False,6.877,9380
False,/uo5iWMS6szoTU21lThay6rDxnnk.jpg,[18],174341,Some Velvet Morning,en,Some Velvet Morning,"Fred arrives at the doorstep of his beautiful young mistress Velvet after four years apart, claiming to have finally left his wife. But when she rejects his attempts to rekindle their romance, his persistence evolves into obsession — and a dark history between the former lovers comes into focus.",10.9381,/136WOppljPobT4M5RiaAkMjWuCn.jpg,2013-12-13,False,False,5.836,61
False,/qHHlBPTpKyh9iTjx1cNMU8sXBnj.jpg,"[27, 53]",9902,Wrong Turn,en,Wrong Turn,"Chris crashes into a carload of other young people, and the group of stranded motorists is soon lost in the woods of West Virginia, where they're hunted by three cannibalistic mountain men who are grossly disfigured by generations of inbreeding.",10.1845,/12G5V0dTmljnv7RFMT144dJ2chh.jpg,2003-05-30,False,False,6.399,3006
False,/jXDselREPq8TOVGM4dzBBUM7xVk.jpg,"[28, 878, 12]",399579,Alita: Battle Angel,en,Alita: Battle Angel,"When Alita awakens with no memory of who she is in a future world she does not recognize, she is taken in by Ido, a compassionate doctor who realizes that somewhere in this abandoned cyborg shell is the heart and soul of a young woman with an extraordinary past.",12.2346,/xRWht48C2V8XNfzvPehyClOvDni.jpg,2019-01-31,False,False,7.255,10036
False,/wQyvrsNSTzFVEGgarZbFkFyIciy.jpg,[35],813,Airplane!,en,Airplane!,An ex-fighter pilot forced to take over the controls of an airliner when the flight crew succumbs to food poisoning.,9.4757,/7Q3efxd3AF1vQjlSxnlerSA7RzN.jpg,1980-06-27,False,False,7.308,5074
False,/1buxBsiQM1zQvEEM8FyJH6lZgHa.jpg,"[27, 35, 10749]",1177445,Cannibal Mukbang,en,Cannibal Mukbang,"Shy and looking for love, Mark quickly becomes smitten with the outgoing and mysterious Ash. But as his feelings for her intensify, so does his unexpected submersion into Ash's biggest love: the wild world of mukbanging. And with it, lots of bloodshed.",9.9524,/f30neqyKxshsD9T5bCGenqVSkjf.jpg,2025-09-25,False,False,4.455,11
False,/vBTRaVlbBIwENXW0HC2qNbu4chL.jpg,[18],278986,Gangor,bn,গাঙ্গর,"Sent to cover a story on the exploitation of tribal people, Upin meets a woman he believes is the epitome of Indian beauty. His pictures of her change both of their lives forever.",9.6542,/jf3Wa4ZIpHDhDkjUQ0PaUW7gyJM.jpg,2011-01-01,False,False,5.5,2
False,/wvXxKpFGXvQJRB0nvvfURhRD3C0.jpg,"[14, 12, 16, 35, 10751]",810,Shrek the Third,en,Shrek the Third,"The King of Far Far Away has died and Shrek and Fiona are to become King & Queen. However, Shrek wants to return to his cozy swamp and live in peace and quiet, so when he finds out there is another heir to the throne, they set off to bring him back to rule the kingdom.",9.8617,/n4SexGGQzI26E269tfpa80MZaGV.jpg,2007-05-17,False,False,6.3,9781
False,/26bnYQ0L005dXP7cL6H3EqjmFRx.jpg,[10749],1163974,The Karma of Sex,zh,玉蒲团之极乐宝鉴,,10.8767,/fgDil15yqzf3ABqJjoQPq01sNlf.jpg,1999-09-25,False,False,7.0,3
False,/nHRUtBwFNnNN70vcQ7lAsjc2T6S.jpg,"[27, 18, 878]",447332,A Quiet Place,en,A Quiet Place,A family is forced to live in silence while hiding from creatures that hunt by sound.,10.8591,/nAU74GmpUk7t5iklEp3bufwDq4n.jpg,2018-04-03,False,False,7.392,15361
False,/c6H7Z4u73ir3cIoCteuhJh7UCAR.jpg,"[878, 28, 12]",524434,Eternals,en,Eternals,"The Eternals are a team of ancient aliens who have been living on Earth in secret for thousands of years. When an unexpected tragedy forces them out of the shadows, they are forced to reunite against mankind’s most ancient enemy, the Deviants.",10.8588,/lFByFSLV5WDJEv3KabbdAF959F2.jpg,2021-11-03,False,False,6.773,9156
False,/kFI1oF6KVnLEbUT7yLIbKXeyvu.jpg,"[28, 12, 878]",602,Independence Day,en,Independence Day,"Strange phenomena surface around the globe. The skies ignite. Terror races through the world's major cities. As these extraordinary events unfold, it becomes increasingly clear that a force of incredible magnitude has arrived. Its mission: total annihilation over the Fourth of July weekend. The last hope to stop the destruction is an unlikely group of people united by fate and unimaginable circumstances.",9.5403,/p0BPQGSPoSa8Ml0DAf2mB2kCU0R.jpg,1996-06-25,False,False,6.912,10438
False,/ptcyGmBonW6mDQmrPhXbt6Rjrlp.jpg,"[18, 53]",1314786,Agent Zeta,es,Zeta,"Four Spanish ex-intelligence officers are assassinated simultaneously worldwide. The CNI discovers all participated in the covert ""Operation Ciénaga"" decades ago in Colombia. Zeta, the CNI's best operative, must hunt and protect the sole survivor, facing his deadliest global mission yet. Top Colombian agent Alfa will join Zeta, seemingly knowing more about ""Ciénaga""'s secrets than him.",10.8406,/1cKLG9KMoCjsgFB8Nw1EuglteVi.jpg,2026-03-20,False,False,6.616,155
False,/s7vWRjcfRVMW8tBIxhC3UhKxRoo.jpg,"[10749, 53]",1097549,Babygirl,en,Babygirl,A high-powered CEO puts her career and family on the line when she begins a torrid affair with her much younger intern.,10.8278,/ilwO6elz3mLV9CToT7C8pjVeKX0.jpg,2024-12-25,False,False,5.708,1209
False,/nzSjTiecdosBfwMGAdpt9CxltCI.jpg,[27],377,A Nightmare on Elm Street,en,A Nightmare on Elm Street,"Teenagers in a small town are dropping like flies, apparently in the grip of mass hysteria causing their suicides. A cop's daughter, Nancy Thompson, traces the cause to child molester Fred Krueger, who was burned alive by angry parents many years before. Krueger has now come back in the dreams of his killers' children, claiming their lives as his revenge. Nancy and her boyfriend, Glen, must devise a plan to lure the monster out of the realm of nightmares and into the real world...",16.4808,/wGTpGGRMZmyFCcrY2YoxVTIBlli.jpg,1984-11-09,False,False,7.346,5738
False,/6u4zm2EiOHbDS6A6VWaybdWkdNL.jpg,"[53, 18, 9648, 10749, 36]",2057,Original Sin,en,Original Sin,"A young man is plunged into a life of subterfuge, deceit and mistaken identity in pursuit of a femme fatale whose heart is never quite within his grasp.",10.6191,/7wB76uteIjw95oygMdCkmcibJg3.jpg,2001-05-08,False,False,6.139,904
False,/naNXYdBzTEb1KwOdi1RbBkM9Zv1.jpg,[27],420634,Terrifier,en,Terrifier,A maniacal clown named Art terrorizes three young women on Halloween night and everyone else who stands in his way.,10.8252,/fjXqhGmaeQpB73WerhrYU6HlyV5.jpg,2018-01-25,False,False,6.31,2968
False,/70Rm9ItxKuEKN8iu6rNjfwAYUCJ.jpg,[27],760104,X,en,X,"In 1979, a group of young filmmakers set out to make an adult film in rural Texas, but when their reclusive, elderly hosts catch them in the act, the cast find themselves fighting for their lives.",10.7869,/lopZSVtXzhFY603E9OqF7O1YKsh.jpg,2022-03-17,False,False,6.719,3967
False,/mabuNsGJgRuCTuGqjFkWe1xdu19.jpg,"[28, 12, 16, 10751]",260513,Incredibles 2,en,Incredibles 2,"Elastigirl springs into action to save the day, while Mr. Incredible faces his greatest challenge yet – taking care of the problems of his three children.",10.7758,/9lFKBtaVIhP7E2Pk0IY1CwTKTMZ.jpg,2018-06-14,False,False,7.453,13690
False,/vIEuJiIZN9EclAJDmD49F2zUzuX.jpg,"[28, 878, 53]",274855,Geostorm,en,Geostorm,"After an unprecedented series of natural disasters threatened the planet, the world's leaders came together to create an intricate network of satellites to control the global climate and keep everyone safe. But now, something has gone wrong: the system built to protect Earth is attacking it, and it becomes a race against the clock to uncover the real threat before a worldwide geostorm wipes out everything and everyone along with it.",10.775,/nrsx0jEaBgXq4PWo7SooSnYJTv.jpg,2017-10-12,False,False,6.126,5187
False,/dEkFlZzj2cb5F7SShvqkL54E4lr.jpg,[18],1033148,Die My Love,en,Die My Love,"After inheriting a remote Montana house, Jackson moves there from New York with his partner Grace, and the couple soon welcome a child. As Jackson becomes increasingly absent and rural isolation sets in, Grace struggles with loneliness, creative frustration, and unresolved emotional wounds. What begins as an attempt at renewal gradually turns into an intense psychological descent, placing strain on their relationship and exposing the fragile balance between love, identity, and motherhood.",10.7689,/kajpShbFhOdpl6yCrLezMrr9tB4.jpg,2025-10-06,False,False,6.131,544
False,/8srpvfRNT9qenQZACPTXDZYXitL.jpg,"[80, 18, 9648, 53]",12201,Edge of Darkness,en,Edge of Darkness,"As a seasoned homicide detective, Thomas Craven has seen the bleakest side of humanity. But nothing prepares him for the toughest investigation of his life: the search for his only daughter Emma's killer. Now, he is on a personal mission to uncover the disturbing secrets surrounding her murder, including corporate corruption, government collusion and Emma's own mysterious life.",10.5774,/pvHjp1vEFmp5FquSCPQ2O95tIZJ.jpg,2010-01-28,False,False,6.427,1733
False,/pxL08w7Eq0vKrQ3mJzYp0VHGaKG.jpg,"[28, 53, 878]",49530,In Time,en,In Time,"In the not-too-distant future, the aging gene has been switched off. To avoid overpopulation, time has become the currency and the way people pay for luxuries and necessities. The rich can live forever, while the rest struggle to negotiate for their immortality. A poor young man who suddenly comes into a fortune of time finds himself on the run from a corrupt police force known as the ""time keepers"".",9.9826,/3Mwj2sIONQckOZP3YwsUXF7U5I4.jpg,2011-10-27,False,False,6.971,12169
False,/pzMrxeP9XkKOtQVUBPTq5yk4ck5.jpg,"[12, 35, 18, 14]",116745,The Secret Life of Walter Mitty,en,The Secret Life of Walter Mitty,A timid magazine photo manager who lives life vicariously through daydreams embarks on a true-life adventure when a negative goes missing.,10.7192,/iAo1hlzsPV9XpYcLQp6Ud065tGO.jpg,2013-12-18,False,False,7.224,8269
False,/58qsiLrXYXxSJl5CjeeF7fZbKZH.jpg,"[35, 18, 10749]",532794,Sex Plate 17,ko,성판17: 남자들의 17가지 성적 판타지,A woman who can make all of one man’s fantasies come true moves in next door .,10.6966,/4MFOBDKciazhjdE12Mm3aNirk4J.jpg,2017-11-13,False,False,6.192,13
False,/lcITbesmy0IBO6TXTAgQHJE6Asx.jpg,"[18, 9648, 53]",619979,Deep Water,en,Deep Water,A well-to-do husband who allows his wife to have affairs in order to avoid a divorce becomes a prime suspect in the disappearance of her lovers.,10.6959,/6yRMyWwjuhKg6IU66uiZIGhaSc8.jpg,2022-03-17,False,False,5.821,1643
False,/xuRKnyritayMCGDNbm7PY71ix34.jpg,"[18, 14, 35]",947036,Sukhamano Sukhamann,ml,സുഖമാണോ? സുഖമാണ്!,"Theo, an ambulance driver stigmatized by his town, begins seeing visions of deceased people he transports. His troubled mind, shaped by childhood loss, creates these apparitions as emotional substitutes for connection.",10.691,/7kPUvSFAz95BDs2Wdsz4JLafaIN.jpg,2026-02-13,False,False,0.0,0
False,/lcITbesmy0IBO6TXTAgQHJE6Asx.jpg,"[18, 9648, 53]",619979,Deep Water,en,Deep Water,A well-to-do husband who allows his wife to have affairs in order to avoid a divorce becomes a prime suspect in the disappearance of her lovers.,10.5226,/6yRMyWwjuhKg6IU66uiZIGhaSc8.jpg,2022-03-17,False,False,5.821,1643
False,/xuRKnyritayMCGDNbm7PY71ix34.jpg,"[18, 14, 35]",947036,Sukhamano Sukhamann,ml,സുഖമാണോ? സുഖമാണ്!,"Theo, an ambulance driver stigmatized by his town, begins seeing visions of deceased people he transports. His troubled mind, shaped by childhood loss, creates these apparitions as emotional substitutes for connection.",10.1092,/7kPUvSFAz95BDs2Wdsz4JLafaIN.jpg,2026-02-13,False,False,0.0,0
False,/24hXgpn6rLTracW3baRgF0Gxo6W.jpg,"[18, 53]",1424965,Ice Skater,en,Ice Skater,"A survival drama about an ice skater stranded on an ice floe at the Arctic Sea. When the ice floe starts to float towards south and melt, the ice skater must use all means necessary to survive.",9.3418,/m93BKabB7Je8WQACed58BXeHNNR.jpg,2026-08-13,False,False,0.0,0
False,/m6Q47za3W95i8NWcJjmRpqqmuHD.jpg,[27],104894,A Garden Without Birds,ja,小鳥たちのいない花園,"Four friends arrange a kinky sex party at the top of a luxury hotel, where a dominatrix and her gimp await for the guests. Once they start using drugs to spice things up, the party takes a bloody turn.",10.6742,/7BkL7rz9cyVZAlvxKmeMLAnNvd9.jpg,1992-12-01,False,False,4.9,9
False,/1K3JmSNUN8OpjYsCjc0Hy0SYxAb.jpg,"[878, 12, 28]",102899,Ant-Man,en,Ant-Man,"Armed with the astonishing ability to shrink in scale but increase in strength, master thief Scott Lang must embrace his inner-hero and help his mentor, Doctor Hank Pym, protect the secret behind his spectacular Ant-Man suit from a new generation of towering threats. Against seemingly insurmountable obstacles, Pym and Lang must plan and pull off a heist that will save the world.",11.016,/rQRnQfUl3kfp78nCWq8Ks04vnq1.jpg,2015-07-14,False,False,7.066,20874
False,/o7JVhqMmrex1TPbmuxl8YXVlcfl.jpg,"[28, 35, 14]",287947,Shazam!,en,Shazam!,A boy is given the ability to become an adult superhero in times of need with a single magic word.,14.4322,/xnopI5Xtky18MPhK40cZAGAOVeV.jpg,2019-03-29,False,False,6.978,10207
False,/ogv0eTxwCVcrfKYsl2GKH4hNHJL.jpg,"[10751, 14, 35, 12]",1108427,Moana,en,Moana,"Moana answers the Ocean's call and, for the first time, voyages beyond the reef of her island of Motunui with the infamous demigod Maui on an unforgettable journey to restore prosperity to her people.",10.9573,/zKVgiv5qHCvCLT4A2ymJi5QeXDH.jpg,2026-07-08,False,False,0.0,0
False,/2IIKts2A9vnUdM9tTC76B8tDmuZ.jpg,[27],1151031,Bring Her Back,en,Bring Her Back,"Following the death of their father, a brother and sister are sent to live with a foster mother, only to learn that she is hiding a terrifying secret.",9.842,/1Q3GlCXGYWELifxANYZ5OVMRVZl.jpg,2025-05-19,False,False,7.35,1684
False,/bcVb0UyC15HQq8b6UV9DC0lBC5K.jpg,[10749],1167898,Straight,es,Straight,"Roberto is a successful 32-year-old banker with a demanding life and a job that occupies him even on the weekends; a talented girlfriend, Elia, with whom he has been in a relationship for six years; and in his free time a little soccer, beer and Cris, a 20-year-old boy he meets on a gay dating app. Cris will make him rethink whether he has the life he wants or the one he's expected to have.",11.4346,/34l0QGrhDv8DawQss6rDRkio4Ga.jpg,2024-11-21,False,False,7.0,20
False,/sHI9xlFRWCJ38AIIfOqnGjuEvXz.jpg,"[27, 53]",948,Halloween,en,Halloween,"Fifteen years after murdering his sister on Halloween Night 1963, Michael Myers escapes from a mental hospital and returns to the small town of Haddonfield, Illinois to kill again.",9.524,/wijlZ3HaYMvlDTPqJoTCWKFkCPU.jpg,1978-10-24,False,False,7.56,6190
False,/rSEfKLHDZKiMQWsyJIfKr9D0CaC.jpg,"[35, 10749]",41630,No Strings Attached,en,No Strings Attached,"Emma is a busy doctor who sets up a seemingly perfect arrangement when she offers her best friend Adam a relationship with one rule: No strings attached. But when a fling becomes a thing, can sex friends stay best friends?",10.998,/9C09L1U9S13J4Ut029Qhu0oLcTQ.jpg,2011-01-21,False,False,6.296,4994
False,/iiPBXynI88EgnpunHoUlBCnLpSE.jpg,"[9648, 53]",2832,Identity,en,Identity,"Complete strangers stranded at a remote desert motel during a raging storm soon find themselves the target of a deranged murderer. As their numbers thin out, the travelers begin to turn on each other, as each tries to figure out who the killer is.",9.122,/sYgimsiBywqVwJI8H4sETke8m7v.jpg,2003-04-25,False,False,7.186,4372
False,/5QEOy0QEpad9QsXeMxuGHPXMale.jpg,"[28, 12, 14]",76338,Thor: The Dark World,en,Thor: The Dark World,"Thor fights to restore order across the cosmos… but an ancient race led by the vengeful Malekith returns to plunge the universe back into darkness. Faced with an enemy that even Odin and Asgard cannot withstand, Thor must embark on his most perilous and personal journey yet, one that will reunite him with Jane Foster and force him to sacrifice everything to save us all.",11.6235,/wp6OxE4poJ4G7c0U2ZIXasTSMR7.jpg,2013-10-30,False,False,6.511,18342
False,/6WA9stUMbIkEPxn3D5SWlA8FIi7.jpg,"[12, 878, 53]",351286,Jurassic World: Fallen Kingdom,en,Jurassic World: Fallen Kingdom,"Three years after Jurassic World was destroyed, Isla Nublar now sits abandoned. When the island's dormant volcano begins roaring to life, Owen and Claire mount a campaign to rescue the remaining dinosaurs from this extinction-level event.",11.0695,/x2Us3jR6ToMJjbcPbLimYoxf6xr.jpg,2018-06-06,False,False,6.531,12769
False,/8lBViysvNJBPkl6zG1LVAaW3qhj.jpg,"[28, 12, 53]",206647,Spectre,en,Spectre,"A cryptic message from Bond’s past sends him on a trail to uncover a sinister organization. While M battles political forces to keep the secret service alive, Bond peels back the layers of deceit to reveal the terrible truth behind SPECTRE.",10.9245,/zj8ongFhtWNsVlfjOGo8pSr7PQg.jpg,2015-10-26,False,False,6.569,11256
False,/8xyJcJnYbupkPPMvwTEJaUwjxDI.jpg,"[27, 53]",71672,Wrong Turn 4: Bloody Beginnings,en,Wrong Turn 4: Bloody Beginnings,"A group of friends take refuge in a deserted sanatorium after they are left stranded in a snowstorm. Later, the place becomes a death trap when man-eating cannibals surround them.",9.9183,/l1vD4GY7tlT420KJ3xWTzyQ2Aa9.jpg,2011-10-17,False,False,5.744,1217
False,/uD267eSiACfWLxp47t3gYymOQRj.jpg,"[16, 35, 10751]",93456,Despicable Me 2,en,Despicable Me 2,Gru is recruited by the Anti-Villain League to help deal with a powerful new super criminal.,10.1388,/5Fh4NdoEnCjCK9wLjdJ9DJNFl2b.jpg,2013-06-26,False,False,6.946,12002
False,/7VSh4KRB38gs4t4Dlub8GwXNUub.jpg,"[18, 12, 10749, 10770]",115290,Blue Lagoon: The Awakening,en,Blue Lagoon: The Awakening,Two high school students become stranded on a tropical island and must rely on each other for survival. They learn more about themselves and each other while falling in love.,11.2478,/ptsBY9Aqo4Mn0V1krI5s8WfFxzW.jpg,2012-06-16,False,False,6.5,1504
False,/qBLEWvJNVsehJkEJqIigPsWyBse.jpg,"[16, 35, 10751, 12, 14]",585083,Hotel Transylvania: Transformania,en,Hotel Transylvania: Transformania,"When Van Helsing's mysterious invention, the ""Monsterfication Ray,"" goes haywire, Drac and his monster pals are all transformed into humans, and Johnny becomes a monster. In their new mismatched bodies, Drac and Johnny must team up and race across the globe to find a cure before it's too late, and before they drive each other crazy.",9.884,/teCy1egGQa0y8ULJvlrDHQKnxBL.jpg,2022-01-31,False,False,7.035,3023
False,/1SsHEx1sCfVZY6Nj0sMyFTlEDql.jpg,"[28, 12, 53]",9802,The Rock,en,The Rock,"When vengeful General Francis X. Hummel seizes control of Alcatraz Island and threatens to launch missiles loaded with deadly chemical weapons into San Francisco, only a young FBI chemical weapons expert and notorious Federal prisoner have the skills to penetrate the impregnable island fortress and take him down.",10.4605,/eBcoxveWzzXQrCrwWMGAROcqgpP.jpg,1996-06-07,False,False,7.15,5196
False,/zh6IdheEYinU4TPtorWsjx6qPQE.jpg,"[878, 10749, 35]",792307,Poor Things,en,Poor Things,"Brought back to life by an unorthodox scientist, a young woman runs off with a lawyer on a whirlwind adventure across the continents. Free from the prejudices of her times, she grows steadfast in her purpose to stand for equality and liberation.",10.6039,/kCGlIMHnOm8JPXq3rXM6c5wMxcT.jpg,2023-12-07,False,False,7.639,5505
False,/aVFx1VtlOxR3v0ADEatalXOvwbu.jpg,"[16, 14, 28]",620249,The Legend of Hei,zh,罗小黑战记,"When cat spirit Luo Xiaohei's home is deforested by humans, he must find a new one. He runs into a group of other spirit creatures who take him under their wing with dreams of reconquering the land they say is rightfully theirs. However, they run into a human known as Wuxian who separates Luo Xiaohei from the other spirits and the two go on a journey, with the cat spirit learning to control his abilities as well as forming his own thoughts on whether or not he should ally with the spirits or the humans.",10.5995,/nWdES36hGwADWWBGzvgT1Z3Xn86.jpg,2019-08-27,False,False,8.297,472
False,/xEY0MV2jSQBz9iOJfCFvLTiPGMA.jpg,"[53, 80]",75656,Now You See Me,en,Now You See Me,An FBI agent and an Interpol detective track a team of illusionists who pull off bank heists during their performances and reward their audiences with the money.,10.5672,/tWsNYbrqy1p1w6K9zRk0mSchztT.jpg,2013-05-29,False,False,7.331,16804
False,/pTuJflqadGl9sgj8UX8wzPosRDo.jpg,"[35, 18]",1491248,Hotel Excelsior,en,Hotel Excelsior,"A mysterious concierge guides us through stories that unfold in the same room over a century. A Jewish businessman celebrates a lonely family festivity with his daughter. A planned suicide leads to a life-changing encounter. An ageing rock band struggles with their image, and a young woman sees a callboy as her big chance for financial independence.",10.5671,/oIsFMywtS9MqdpPFtdZ3yJQMU0J.jpg,2026-04-22,False,False,0.0,0
False,/H5HjE7Xb9N09rbWn1zBfxgI8uz.jpg,"[28, 35, 10749]",746036,The Fall Guy,en,The Fall Guy,"Fresh off an almost career-ending accident, stuntman Colt Seavers has to track down a missing movie star, solve a conspiracy and try to win back the love of his life while still doing his day job.",10.565,/e7olqFmzcIX5c23kX4zSmLPJi8c.jpg,2024-04-24,False,False,7.0,3776
False,/9M7CfAYjhdXJk7em6khWH2aUjq7.jpg,"[53, 80, 18, 27]",15356,The Girl Next Door,en,The Girl Next Door,"In a quiet suburban town in the summer of 1958, two recently orphaned sisters are placed in the care of their mentally unstable Aunt Ruth. But Ruth's depraved sense of discipline will soon lead to unspeakable acts of abuse and torture that involve her young sons, the neighborhood children, and one 12-year-old boy whose life will be changed forever.",14.8698,/dXjLp7k7ILyg22T0s9VvpPKc9jn.jpg,2007-07-19,False,False,6.653,786
False,/yoyLhm534GHsWvx5cNBDhfZdTG7.jpg,"[16, 12, 35, 10751]",46195,Rio,en,Rio,"Captured by smugglers when he was just a hatchling, a macaw named Blu never learned to fly and lives a happily domesticated life in Minnesota with his human friend, Linda. Blu is thought to be the last of his kind, but when word comes that Jewel, a lone female, lives in Rio de Janeiro, Blu and Linda go to meet her. Animal smugglers kidnap Blu and Jewel, but the pair soon escape and begin a perilous adventure back to freedom -- and Linda.",9.541,/4nJxhUknKV8Gqdhov8pU1YWDYfb.jpg,2011-04-03,False,False,6.8,7177
False,/7g1zO5t0bd27Iqn5ZUDJmksOGPJ.jpg,"[18, 9648, 37]",273248,The Hateful Eight,en,The Hateful Eight,Bounty hunters seek shelter from a raging blizzard and get caught up in a plot of betrayal and deception.,10.5614,/jIywvdPjia2t3eKYbjVTcwBQlG8.jpg,2015-12-25,False,False,7.756,15294
False,/nVodCGKYLpqNC8YwQAbivKlWCgZ.jpg,"[28, 12, 14]",293167,Kong: Skull Island,en,Kong: Skull Island,"Explore the mysterious and dangerous home of the king of the apes as a team of explorers ventures deep inside the treacherous, primordial island.",9.9979,/r2517Vz9EhDhj88qwbDVj8DCRZN.jpg,2017-03-08,False,False,6.554,11137
False,/9whEVuKte4Qi0LI4TzPf7glinJW.jpg,"[16, 10751, 14]",936108,Smurfs,en,Smurfs,"When Papa Smurf is mysteriously taken by evil wizards, Razamel and Gargamel, Smurfette leads the Smurfs on a mission into the real world to save him. With the help of new friends, the Smurfs must discover what defines their destiny to save the universe.",10.5402,/8o6lkhL32xQJeB52IIG1us5BVey.jpg,2025-06-30,False,False,5.8,265
False,/lV1P1Q5gLDXVG1ZYCxZHStkcQC3.jpg,"[878, 12, 53]",131631,The Hunger Games: Mockingjay - Part 1,en,The Hunger Games: Mockingjay - Part 1,"After surviving the Quarter Quell, Katniss finds herself in the hidden stronghold of District 13, where the rebellion against the Capitol is gaining momentum. Struggling with the weight of becoming the symbol of resistance, she must navigate fragile alliances while trying to protect those she loves. As propaganda battles rage and Panem moves closer to full-scale war, Katniss is forced to confront the true cost of revolution.",10.5306,/4FAA18ZIja70d1Tu5hr5cj2q1sB.jpg,2014-11-19,False,False,6.818,16738
False,/ww1eIoywghjoMzRLRIcbJLuKnJH.jpg,"[28, 53, 18, 80]",343611,Jack Reacher: Never Go Back,en,Jack Reacher: Never Go Back,"Years after resigning command of an elite military police unit, the nomadic, righter-of-wrongs Reacher is drawn back into the life he left behind when his friend and successor, Major Susan Turner is framed for espionage. Reacher will stop at nothing to prove her innocence and to expose the real perpetrators behind the killings of his former soldiers.",10.5231,/cOg3UT2NYWHZxp41vpxAnVCOC4M.jpg,2016-10-19,False,False,6.014,5341
False,/1ug5vAtWFZdak94BnzZ1m2mb7h5.jpg,[18],313534,New Dubai,pt,Nova Dubai,"In a middle-class neighbourhood in a city in the countryside of Brazil, the real estate speculation is a menace to the affective memory of a group of friends. Their answer to this imminent transformation is to fuck in the construction sites. And what about love? Is love just a construction?",10.1393,/6muPGyLRhu7tiGnLt5msDqBVknR.jpg,2014-10-23,False,False,6.2,12
False,/9VM1KI9sVZETl0d00FK7CnBzxiw.jpg,"[16, 35, 10751, 14, 12]",1497970,Tom and Jerry: Forbidden Compass,zh,猫和老鼠：星盘奇缘,"During a chase inside a museum, Tom and Jerry find an ancient magical compass and end up being transported through time. Lost in a distant era, they will need to work together to find a way back home.",10.5046,/5qttWFjsO62k88civZaDMHiBTvy.jpg,2025-08-02,False,False,6.652,46
False,/zLa8fA7boGtNoNH7n6iYi9UqoaH.jpg,"[878, 9648, 27]",458305,Vivarium,en,Vivarium,"A young woman and her fiancé are in search of the perfect starter home. After following a mysterious real estate agent to a new housing development, the couple finds themselves trapped in a maze of identical houses and forced to raise an otherworldly child.",10.5035,/myf3qzpeN0JbuFRPwSpJcz7rmAT.jpg,2019-09-07,False,False,6.048,2546
False,,"[28, 80, 53]",755679,Fast Forever,en,Fast Forever,The eleventh and final installment in The Fast Saga. Plot TBA.,10.4882,/xaRzhQZ3zK5lN6vEetG8PD17KPF.jpg,2028-03-16,False,False,0.0,0
False,/keoXDv3shwA42UKfLDaxd5k50dk.jpg,"[80, 53, 10749, 27]",104866,Play Motel,it,Play Motel,The motel has a special room designed for sexual activities. It also has a habit of photographing sex act engines and extorting the parties concerned. One day a mysterious killer with black gloves up and the situation is changing.,10.4815,/gXfqkBXBl2tG3PrjRcAiw4N5iiq.jpg,1979-01-01,False,False,5.7,27
False,/vFm4pF0BgaWPj0i2zEiZO6TqEQ0.jpg,"[53, 28]",260346,Taken 3,en,Taken 3,"Ex-government operative Bryan Mills finds his life is shattered when he's falsely accused of a murder that hits close to home. As he's pursued by a savvy police inspector, Mills employs his particular set of skills to track the real killer and exact his unique brand of justice.",10.4734,/vzvMXMypMq7ieDofKThsxjHj9hn.jpg,2014-12-16,False,False,6.267,6149
False,/yBov7O4eXDcBLDpZrOHZzFr8rIl.jpg,"[16, 35, 12, 10751]",459151,The Boss Baby: Family Business,en,The Boss Baby: Family Business,The Templeton brothers — Tim and his Boss Baby little bro Ted — have become adults and drifted away from each other. But a new boss baby with a cutting-edge approach and a can-do attitude is about to bring them together again … and inspire a new family business.,10.4728,/kv2Qk9MKFFQo4WQPaYta599HkJP.jpg,2021-07-01,False,False,7.331,2686
False,,"[10749, 18]",1514125,Saigon Sunset,ko,사이공 선셋,A passionate melodrama depicting the most passionate moments of a woman who went on a trip to forget her ex-lover and a man who started his vacation hoping for a coincidence.,10.4702,/A7yQj3vKBU98PQoZPghCFUDqDnZ.jpg,2025-04-30,False,False,6.0,1
False,,"[10749, 18]",1514125,Saigon Sunset,ko,사이공 선셋,A passionate melodrama depicting the most passionate moments of a woman who went on a trip to forget her ex-lover and a man who started his vacation hoping for a coincidence.,10.0217,/A7yQj3vKBU98PQoZPghCFUDqDnZ.jpg,2025-04-30,False,False,6.0,1
False,/cUqXHZtnptgvyAE1hN47Wsf3ami.jpg,[35],57214,Project X,en,Project X,"Three high school seniors throw a party to make a name for themselves. As the night progresses, things spiral out of control as word of the party spreads.",10.2211,/lUPDGT3lyRrq8SvWuNWG2DP64bR.jpg,2012-03-01,False,False,6.898,6836
False,/gCIB3DdK00DyfwosVGf7pnFFdK3.jpg,"[28, 53]",399402,Hunter Killer,en,Hunter Killer,"Untested American submarine commander, Capt. Joe Glass of the USS Arkansas, is on the hunt for a U.S. sub in distress in the Arctic Ocean. He soon learns a secret Russian coup is in the offing, a conspiracy that threatens to dismantle the world order. With crew and country on the line, Glass must coordinate with an elite group of Navy SEALs to sneak through enemy waters, rescue the kidnapped Russian president, and hopefully prevent World War III.",10.1025,/a0j18XNVhP4RcW3wXwsqT0kVoQm.jpg,2018-10-19,False,False,6.913,2409
False,/ziECpBRIyclmBNaFSWlvCfsKbMD.jpg,"[12, 28, 878]",1892,Return of the Jedi,en,Return of the Jedi,"Luke Skywalker leads a mission to rescue his friend Han Solo from the clutches of Jabba the Hutt, the Emperor prepares to crush the Rebellion with a more powerful Death Star, and the Rebel fleet mounts a massive attack on the space station. Luke Skywalker confronts Darth Vader in a final climactic duel before the evil Emperor.",9.9976,/jQYlydvHm3kUix1f8prMucrplhm.jpg,1983-05-25,False,False,7.909,16955
False,/puJKgNcWaGgMk5VHanSSomUTpmw.jpg,"[10751, 14, 16, 10749]",11224,Cinderella,en,Cinderella,"Cinderella has faith her dreams of a better life will come true. With help from her loyal mice friends and a wave of her Fairy Godmother's wand, Cinderella's rags are magically turned into a glorious gown and off she goes to the Royal Ball. But when the clock strikes midnight, the spell is broken, leaving a single glass slipper... the only key to the ultimate fairy-tale ending!",11.2688,/ug3ndicuPM1V07vhVFGLMsd4AZl.jpg,1950-02-22,False,False,7.049,7158
False,/mfq6XYwSVDTdZu4qeJ7HYPu7KmA.jpg,"[10752, 28]",190859,American Sniper,en,American Sniper,"U.S. Navy SEAL Chris Kyle takes his sole mission—protect his comrades—to heart and becomes one of the most lethal snipers in American history. His pinpoint accuracy not only saves countless lives but also makes him a prime target of insurgents. Despite grave danger and his struggle to be a good husband and father to his family back in the States, Kyle serves four tours of duty in Iraq. However, when he finally returns home, he finds that he cannot leave the war behind.",10.4116,/vJgtfUmZE5i4L12sOryAPuBa04K.jpg,2014-12-25,False,False,7.413,13650
False,/4fza1QWpGAoxReiEsnvdFBeMyfX.jpg,"[10749, 18, 35]",286687,Love Lesson,ko,화려한 외출,"Korea's most popular song writer Hee-soo runs into a nineteen-year-old boy in the elevator. Hee-soo is inspired by a new song watching him shake at her figure. She starts to tell him about women under the excuse that she's teaching him music. They fall for each other but things get complicated when her life teacher, Joon-ho who taught her about life and music comes back.",9.6216,/yUQg6yvZIRQUSyQ36TQo0Tp1gzr.jpg,2013-12-05,False,False,6.8,42
False,/wVg8Fndzwq3ts3zedhW3Vn9aC4B.jpg,[18],812037,Last Summer,fr,L'Été dernier,"One summer, a French teenager who has been living with his mother in the city moves in with his estranged father’s family in the countryside, where he clashes with his stepmother.",10.0893,/a94IHwd6t2oXKy5KWTvaEnAs6Ux.jpg,2023-09-13,False,False,6.095,247
False,/yshotagFpG4Eebnec8tF6EGHeLq.jpg,"[18, 36]",284552,Lover of the Last Empress,cn,慈禧秘密生活,"The story of an innocent girl who is destined to become one of the emperor´s concubines. Initially she suffers from a loss of innocence and the intrigues of the other concubines but over the course of time she becomes less and less scrupulous and finally is impregnated by the emperor and thus becomes his wife - the empress of China. However, her ""career"" has corrupted her once innocent soul and so, after the emperor dies she rules the land with terror.",9.3769,/aBMD9XUaerpZxJDBnHEJ1Qev0tj.jpg,1995-03-17,False,False,5.75,28
False,/h5pAEVma835u8xoE60kmLVopLct.jpg,"[16, 10751, 14]",16859,Kiki's Delivery Service,ja,魔女の宅急便,"A young witch, on her mandatory year of independent life, finds fitting into a new community difficult while she supports herself by running an air courier service.",9.2368,/Aufa4YdZIv4AXpR9rznwVA5SEfd.jpg,1989-07-29,False,False,7.838,4578
False,/16aJtXO6lObbBUr11IvkjB1QD1f.jpg,"[18, 10749]",341174,Fifty Shades Darker,en,Fifty Shades Darker,"When a wounded Christian Grey tries to entice a cautious Ana Steele back into his life, she demands a new arrangement before she will give him another chance. As the two begin to build trust and find stability, shadowy figures from Christian’s past start to circle the couple, determined to destroy their hopes for a future together.",10.4571,/w3qa274gvca9t8pkUoG8nfQgTU3.jpg,2017-02-08,False,False,6.475,7945
False,/37y53Jt8K6MvN6s4zJVFa61luO2.jpg,"[10749, 18]",851644,20th Century Girl,ko,20세기 소녀,"In 1999, a teen girl keeps close tabs on a boy in school on behalf of her deeply smitten best friend – then she gets swept up in a love story of her own.",9.4762,/od22ftNnyag0TTxcnJhlsu3aLoU.jpg,2022-10-06,False,False,8.2,816
False,,[10749],883714,Nice Sister-In-Law 4,ko,착한 형수4,"Brother-in-law, I will fill your vacancy now! His younger brother Min-hyeon lives with his older brother Jun-hyeon. Pyeong-seok, who was burdened by living in the same house with his brother-in-law, keeps his eyes on Mi-jeong, the young and sexy wife of his older brother. He even imagines sharing love with his brother-in-law at the sound of a strange moan from the next room. One Sunday, my older brother is away from home in a hurry for work, and the two of them are left alone with a strange feeling...",10.6226,/bSL5uTtNd6X1ER7F1X1MTy2Ezpr.jpg,2019-08-19,False,False,5.0,1
False,/sM42bpH73dmf3kJrE8xr4kztYqR.jpg,"[878, 9648, 27]",70981,Prometheus,en,Prometheus,"A team of explorers discover a clue to the origins of mankind on Earth, leading them on a journey to the darkest corners of the universe. There, they must fight a terrifying battle to save the future of the human race.",10.6046,/qsYQflQhOuhDpQ0W2aOcwqgDAeI.jpg,2012-05-30,False,False,6.597,13274
False,/5En0fmDagt3Pk8d7P3uTwfeQceg.jpg,"[18, 35, 36]",490132,Green Book,en,Green Book,"Tony Lip, a bouncer in 1962, is hired to drive pianist Don Shirley on a tour through the Deep South in the days when African Americans, forced to find alternate accommodations and services due to segregation laws below the Mason-Dixon Line, relied on a guide called The Negro Motorist Green Book.",10.5104,/7BsvSuDQuoqhWmU2fL7W2GOcZHU.jpg,2018-11-16,False,False,8.224,12884
False,/lZYMXx74pWmbj5Q5jp1QaMvmuuR.jpg,"[28, 14, 53]",1180831,Troll 2,no,Troll 2,"When a dangerous new troll unleashes devastation across their homeland, Nora, Andreas and Major Kris embark on their most perilous mission yet.",9.7797,/p6xAExLNFbHcLfvSuvLPoM8aqZU.jpg,2025-11-30,False,False,6.392,479
False,/xLMJCCSatxENpHO9rLW9yD8A12C.jpg,"[16, 878, 18, 14]",18491,Neon Genesis Evangelion: The End of Evangelion,ja,新世紀エヴァンゲリオン劇場版 Air／まごころを、君に,"SEELE orders an all-out attack on NERV, aiming to destroy the Evas before Gendo can advance his own plans for the Human Instrumentality Project. Shinji is pushed to the limits of his sanity as he is forced to decide the fate of humanity.",10.528,/j6G24dqI4WgUtChhWjfnI4lnmiK.jpg,1997-07-19,False,False,8.3,1859
False,/tMXFNwfQylC0fGiokP8gWcS0zr4.jpg,[18],960505,Za honban: Aidoru kashu-hen,ja,ザ・本番　アイドル歌手篇,A story of girls afflicted with idol syndrome who will do anything to get a job in the industry and the men who take advantage of them. They are more than willing to sacrifice their bodies to make that stage debut.,7.9691,/o5ST5VIhOlt3pbhvBlwoA0y5fK8.jpg,1987-05-13,False,False,4.7,3
False,/c6yfABGVKuB5cjoOwdX4AJMlzUz.jpg,"[35, 14]",620,Ghostbusters,en,Ghostbusters,"After losing their university jobs, three parapsychologists start a ghost-catching business in New York City and uncover a supernatural threat that could destroy the world.",9.9744,/7E8nLijS9AwwUEPu2oFYOVKhdFA.jpg,1984-06-08,False,False,7.497,9760
False,/1hzH1Wu2xhXBNOWzw3RMwNTJX5q.jpg,"[28, 878]",240832,Lucy,en,Lucy,"A woman, accidentally caught in a dark deal, turns the tables on her captors and transforms into a merciless warrior evolved beyond human logic.",12.0218,/kRbpUTRNm6QbLQFPFWUcNC4czEm.jpg,2014-07-25,False,False,6.474,17083
False,/tH2SoOS2HqOJCOImbeGkmKSdCMz.jpg,"[12, 18, 10751]",1265,Bridge to Terabithia,en,Bridge to Terabithia,"Jesse Aarons trained all summer to become the fastest runner in school. So he's very upset when newcomer Leslie Burke outruns him and everyone else. Despite this and other differences including that she's rich, he's poor, she's a city girl, and he's a country boy the two become fast friends. Together they create Terabithia, a land of monsters, trolls, ogres, and giants where they rule as king and queen.",10.6841,/3xFxGodKPMFLheS8rujFSmLfcq4.jpg,2007-02-15,False,False,7.329,5262
False,/nFCUBRDF4C6RWopNo0nAfvMA6mm.jpg,[35],225886,Sex Tape,en,Sex Tape,"When Jay and Annie first got together, their romantic connection was intense – but ten years and two kids later, the flame of their love needs a spark.  To kick things up a notch, they decide – why not? – to make a video of themselves trying out every position in The Joy of Sex in one marathon three-hour session.  It seems like a great idea – until they discover that their most private video is no longer private.  With their reputations on the line, they know they’re just one click away from being laid bare to the world... but as their race to reclaim their video leads to a night they'll never forget, they'll find that their video will expose even more than they bargained for.",9.8803,/pFdS7SIdjcrYXtf141dabWVly9B.jpg,2014-07-17,False,False,5.407,4220
False,/57JocxmicOoAMhkUSmdKBlpZWMT.jpg,"[12, 28]",335977,Indiana Jones and the Dial of Destiny,en,Indiana Jones and the Dial of Destiny,"Finding himself in a new era, and approaching retirement, Indy wrestles with fitting into a world that seems to have outgrown him. But as the tentacles of an all-too-familiar evil return in the form of an old rival, Indy must don his hat and pick up his whip once more to make sure an ancient and powerful artifact doesn't fall into the wrong hands.",17.2576,/Af4bXE63pVsb2FtbW8uYIyPBadD.jpg,2023-06-25,False,False,6.513,4161
False,/r9aYDDP7tHpwCvQbOxcfhZFBT63.jpg,[27],1610418,The House on Haunted Grounds,en,The House on Haunted Grounds,"What begins as a routine investigation into a house slated for demolition turns into a nightmare when the team faces an evil force, leaving behind only the recovered footage.",8.9163,/750RNSHr25GQcCr2Ws8iSGrHJA9.jpg,2026-01-09,False,False,6.405,21
False,/455z1puGQRuMKumAaDttSEEzqg1.jpg,"[53, 28, 18]",4614,The Sum of All Fears,en,The Sum of All Fears,"When the president of Russia suddenly dies, a man whose politics are virtually unknown succeeds him. The change in political leaders sparks paranoia among American CIA officials, so CIA director Bill Cabot recruits a young analyst to supply insight and advice on the situation. Then the unthinkable happens: a nuclear bomb explodes in a U.S. city, and America is quick to blame the Russians.",8.5832,/3E4LW4bjRhEMDeeXeIsmkJ94v8K.jpg,2002-05-31,False,False,6.373,1957
False,/2TWIlmhE06ghspeQLEX1VmnEBiE.jpg,"[10749, 35]",1455079,"You, Me & Tuscany",en,"You, Me & Tuscany","When a woman crashes at an empty Italian villa, posing as the owner's fiancée, she discovers an unexpected romance that could transform her life.",11.2813,/mJS0IF7Af3WpPRhSTDT6rGpiLzw.jpg,2026-04-09,False,False,7.37,73
False,/smbez2rHwIeogYl88hXMtq8EPQE.jpg,"[18, 878]",1232889,Malta,es,Malta,"Mariana is a systematic girl. She studies English and German at a language school. She works in a call center as many hours as possible and saves everything she earns. To entertain herself a little, she looks for men in bars with whom she only plans to spend one night. Why compromise if she just wants to travel? That is Mariana's plan, to go away and what better than to an island in the Mediterranean. But Gabriel, an unlikely boy who keeps getting into her life with bad jokes and uncomfortable questions, forces her to look at herself and wonder what she wants to run away from.",9.9738,/64cVvqAGgxlRXRGue6Aw5BPDSRF.jpg,2024-03-08,False,False,5.4,8
False,/hm21I7yc6oYBogTloET3eXsVPlq.jpg,"[28, 35, 10752]",799583,The Ministry of Ungentlemanly Warfare,en,The Ministry of Ungentlemanly Warfare,"During World War II, the British Army assigns a group of competent soldiers to carry out a mission against the Nazi forces behind enemy lines... A true story about a secret British WWII organization — the Special Operations Executive. Founded by Winston Churchill, their irregular warfare against the Germans helped to change the course of the war, and gave birth to modern black operations.",10.1596,/8aF0iAKH9MJMYAZdi0Slg77RYa2.jpg,2024-04-18,False,False,7.013,1890
False,/qn8NzshtQmJD7Nm06sAp5yOtexH.jpg,"[18, 27, 9648, 53]",63311,The Skin I Live In,es,La piel que habito,A brilliant plastic surgeon creates a synthetic skin that withstands any kind of damage. His guinea pig: a mysterious and volatile woman who holds the key to his obsession.,9.6066,/xa7uCwGYykrf8MMI8iF5dZvNlrG.jpg,2011-08-17,False,False,7.487,4630
False,/sJpbDELfC8VjlRBOOkMJxxWpUg7.jpg,"[53, 12, 28]",27578,The Expendables,en,The Expendables,"Barney Ross leads a band of highly skilled mercenaries including knife enthusiast Lee Christmas, a martial arts expert Yin Yang, heavy weapons specialist Hale Caesar, demolitionist Toll Road, and a loose-cannon sniper Gunner Jensen. When the group is commissioned by the mysterious Mr. Church to assassinate the dictator of a small South American island, Barney and Lee visit the remote locale to scout out their opposition and discover the true nature of the conflict engulfing the city.",10.0131,/j09ZkH6R4JWVylBcDai1laCmGw7.jpg,2010-08-07,False,False,6.252,8297
False,/zDIievPXqjfjLogXFqnnopU0OkK.jpg,"[16, 35, 10751, 12]",412117,The Secret Life of Pets 2,en,The Secret Life of Pets 2,"Max the terrier must cope with some major life changes when his owner gets married and has a baby. When the family takes a trip to the countryside, nervous Max has numerous run-ins with canine-intolerant cows, hostile foxes and a scary turkey. Luckily for Max, he soon catches a break when he meets Rooster, a gruff farm dog who tries to cure the lovable pooch of his neuroses.",10.6495,/s9xg4V5EDKiphgIksVJ9gewBM11.jpg,2019-05-24,False,False,6.949,3331
False,/r2M9ElkHxEJP7riCFbT5N0uXZTc.jpg,"[12, 16, 35, 10751]",10527,Madagascar: Escape 2 Africa,en,Madagascar: Escape 2 Africa,"Alex, Marty, and other zoo animals find a way to escape from Madagascar when the penguins reassemble a wrecked airplane. The precariously repaired craft stays airborne just long enough to make it to the African continent. There the New Yorkers encounter members of their own species for the first time. Africa proves to be a wild place, but Alex and company wonder if it is better than their Central Park home.",10.8301,/agRbLOHgN46TQO4YdKR462iR7To.jpg,2008-10-30,False,False,6.5,7433
False,/cMfokHWle5lfCreoV08cbmkKv6G.jpg,"[16, 878, 12, 10751]",698687,Transformers One,en,Transformers One,"The untold origin story of Optimus Prime and Megatron, better known as sworn enemies, but once were friends bonded like brothers who changed the fate of Cybertron forever.",10.3634,/iRCgqpdVE4wyLQvGYU3ZP7pAtUc.jpg,2024-09-11,False,False,8.0,1629
False,/4QJtcL4D3abqdX6Snrk8ciRkroa.jpg,[27],663712,Terrifier 2,en,Terrifier 2,"A year after the Miles County massacre, Art the Clown is resurrected by a sinister entity. Art returns home, where he must hunt down and destroy teenage Sienna and her younger brother Jonathan on Halloween. As the body count rises, the siblings fight to stay alive while uncovering the true nature of Art's evil intent.",9.2051,/qEAlwXbYk6IHA4ztoS2XFFaa7Xo.jpg,2022-10-06,False,False,6.667,2494
False,/lMRMjd9yJsZLyaT97eiURu2zVb4.jpg,"[28, 53]",8681,Taken,en,Taken,"Bryan Mills, a former government operative, is trying to reconnect with his teenage daughter Kim. After reluctantly agreeing with his ex-wife to let Kim go to Paris on vacation with a friend, his worst nightmare comes true. While on the phone with his daughter shortly after she arrives in Paris, she and her friend are abducted by a gang of human traffickers. Working against the clock, Bryan relies on his extensive training and skills to track down the ruthless gang that abducted her and launch a one-man war to rescue his daughter.",12.2658,/ognkaUSNgJe1a2pjB4UNdzEo5jT.jpg,2008-02-18,False,False,7.407,12115
False,/yriYPLqyFqPW0QXaegT1KmWXk9a.jpg,"[878, 53]",1954,The Butterfly Effect,en,The Butterfly Effect,"A young man struggles to access sublimated childhood memories. He finds a technique that allows him to travel back into the past, to occupy his childhood body and change history. However, he soon finds that every change he makes has unexpected consequences.",9.9341,/ea5iv7TWMh18fOKoRGgmtcg85Gx.jpg,2004-01-17,False,False,7.579,8253
False,/mjudUA3QNsJCtuDeXUx55MLzuKM.jpg,"[10752, 28]",452557,Wolf Warrior 2,zh,战狼2,"China's deadliest special forces operative settles into a quiet life on the sea. When sadistic mercenaries begin targeting nearby civilians, he must leave his newfound peace behind and return to his duties as a soldier and protector.",9.5702,/87aWrVqaVhXhblhO7sYHLC2y8TT.jpg,2017-07-27,False,False,6.509,332
False,/7ZmZxar3bYORcl0TPA4oceyxcaE.jpg,"[16, 28, 35, 10751]",10555,Shark Tale,en,Shark Tale,"Oscar is a small fish whose big aspirations often get him into trouble. Meanwhile, Lenny is a great white shark with a surprising secret that no sea creature would guess: He's a vegetarian. When a lie turns Oscar into an improbable hero and Lenny becomes an outcast, the two form an unlikely friendship.",9.1755,/r08DpyPyhXcJTfNZAICNGMzcQ8l.jpg,2004-09-20,False,False,6.041,6708
False,/6n53UI4mX9QMfe2S0Pgt8mGebY1.jpg,"[35, 10749]",194,Amélie,fr,Le Fabuleux Destin d'Amélie Poulain,"At a tiny Parisian café, the adorable yet painfully shy Amélie accidentally discovers a gift for helping others. Soon Amelie is spending her days as a matchmaker, guardian angel, and all-around do-gooder. But when she bumps into a handsome stranger, will she find the courage to become the star of her very own love story?",10.0377,/nSxDa3M9aMvGVLoItzWTepQ5h5d.jpg,2001-04-25,False,False,7.92,12411
False,/zbTaYrQzZaaEf1SZlv3RTZiUvZw.jpg,"[18, 10749]",86331,Desire,fr,Q,"In a social context deteriorated by a countrywide economic crisis, the life of several people will be turned upside down after they meet Cécile, a character who symbolizes desire.",9.899,/wxvvNXY3n0637cOcdeC61eyVAnC.jpg,2011-10-06,False,False,6.282,1365
False,/vIIOXIHUM01rzCm8lNkxhqrqSDV.jpg,"[18, 10749, 27]",28844,Black Velvet,it,Velluto nero,"Crystal, a wealthy, scorned woman living in a massive Egyptian palace with her daughter Magda, finds commiseration in a dried-up Hollywood expat who surrounds himself with singing children.",10.3569,/nRIkmhFx3xJmFKi6ExsiHapDJKP.jpg,1976-08-06,False,False,4.375,32
False,/oXx1QZzeF5V3HMQ11q6WCkA2pQh.jpg,"[28, 16, 35, 80, 10751]",629542,The Bad Guys,en,The Bad Guys,"When the Bad Guys, a crew of criminal animals, are finally caught after years of heists and being the world’s most-wanted villains, Mr. Wolf brokers a deal to save them all from prison.",9.5029,/7qop80YfuO0BwJa1uXk1DXUUEwv.jpg,2022-03-17,False,False,7.532,2559
False,/2okfik8YwzSfdETpT5cUClSiGFO.jpg,"[16, 18]",1244492,Look Back,ja,ルックバック,"Popular, outgoing Fujino is celebrated by her classmates for her funny comics in the class newspaper. One day, her teacher asks her to share the space with Kyomoto, a truant recluse whose beautiful artwork sparks a competitive fervor in Fujino. What starts as jealousy transforms when Fujino realizes their shared passion for drawing.",9.9741,/4f2EcNkp1Mvp9wE5w7HKxcmACWg.jpg,2024-06-28,False,False,8.065,551
False,/3IFRjBDwtk0DlIsDfJ2zEzLjUBi.jpg,"[10751, 16, 35, 12]",82690,Wreck-It Ralph,en,Wreck-It Ralph,"Wreck-It Ralph is the 9-foot-tall, 643-pound villain of an arcade video game named Fix-It Felix Jr., in which the game's titular hero fixes buildings that Ralph destroys. Wanting to prove he can be a good guy and not just a villain, Ralph escapes his game and lands in Hero's Duty, a first-person shooter where he helps the game's hero battle against alien invaders. He later enters Sugar Rush, a kart racing game set on tracks made of candies, cookies and other sweets. There, Ralph meets Vanellope von Schweetz who has learned that her game is faced with a dire threat that could affect the entire arcade, and one that Ralph may have inadvertently started.",9.0935,/fiHyt6UmG4yjcXFt9Cbpw6OedHh.jpg,2012-11-01,False,False,7.357,13076
False,/hSVVwSFbgPMnrMKLu3hl4RtTKv1.jpg,"[18, 10749]",39688,Like a Brother,fr,Comme un frère,"Sebastien is a small town boy who moves to Paris and begins to explore the gay night life there. When a friend from back home calls to announce he's coming to Paris, Sebastien confronts some unrequited feelings.",11.0093,/tiAKYNJEpMnS8L1nKqEYC5yjm0C.jpg,2005-04-17,False,False,4.2,24
False,/6TjllWT3cGrPFyqDXurVZ3L8bBi.jpg,"[9648, 53, 18]",745,The Sixth Sense,en,The Sixth Sense,"Following an unexpected tragedy, child psychologist Malcolm Crowe meets a nine year old boy named Cole Sear, who is hiding a dark secret.",9.8243,/vOyfUXNFSnaTk7Vk5AjpsKTUWsu.jpg,1999-08-06,False,False,7.952,12879
False,/7NRGAtu8E4343NSKwhkgmVRDINw.jpg,"[27, 53]",507089,Five Nights at Freddy's,en,Five Nights at Freddy's,"Recently fired and desperate for work, a troubled young man named Mike agrees to take a position as a night security guard at an abandoned theme restaurant: Freddy Fazbear's Pizzeria. But he soon discovers that nothing at Freddy's is what it seems.",9.7926,/7BpNtNfxuocYEVREzVMO75hso1l.jpg,2023-10-25,False,False,7.316,5029
False,/A63giQFJP4ABqNk4sLzegVeqVdl.jpg,"[18, 10752, 36]",14574,The Boy in the Striped Pyjamas,en,The Boy in the Striped Pyjamas,"When his family moves from their home in Berlin to a strange new house in Poland, young Bruno befriends Shmuel, a boy who lives on the other side of the fence where everyone seems to be wearing striped pajamas. Unaware of Shmuel's fate as a Jewish prisoner or the role his own Nazi father plays in his imprisonment, Bruno embarks on a dangerous journey inside the camp's walls.",10.3197,/2C8QCXdMlojTxZjfBlINr4FWcb6.jpg,2008-05-07,False,False,7.819,7671
False,/lhHxiwtHq1GG5MhPyWaETvKjoGg.jpg,"[18, 14, 10749]",410119,Yu Pui Tsuen II,cn,足本玉蒲團,"Before Michael Mak’s Sex And Zen became a cult favourite in the ’90s, there was Ho Fan’s Yu Pui Tsuen (The Carnal Prayer Mat, 1987). But without sex bomb Amy Yip, coarse humour or lesbian love affairs, Yu Pui Tsuen had to rely on the nudity and sex from his cast of relative unknowns to save the day.  When a young man dreams that he drowns after a night of carnal passion, he asks a buddhist monk to translate the experience for him. The monk replies that the dream is a warning not to indulge the pleasures of the flesh to excess, but the man ignores his advice, marrying a virgin and making love to her constantly. However, after several torrid affairs, the man begins to realise the sagacity of the monk's warning.",9.4175,/3NwBn6zPY6yXCqfxEHmEgGh8Jgc.jpg,1987-10-15,False,False,5.4,28
False,/rRcNmiH55Tz0ugUsDUGmj8Bsa4V.jpg,"[35, 10749]",884605,No Hard Feelings,en,No Hard Feelings,"On the brink of losing her childhood home, Maddie discovers an intriguing job listing: wealthy helicopter parents looking for someone to “date” their introverted 19-year-old son, Percy, before he leaves for college. To her surprise, Maddie soon discovers the awkward Percy is no sure thing.",10.5445,/gD72DhJ7NbfxvtxGiAzLaa0xaoj.jpg,2023-06-15,False,False,6.7,3846
False,/zrvIgIQwN9u74AKToLz6XEayTFz.jpg,[99],701469,Robbers: A The 1975 Documentary,en,Robbers: A The 1975 Documentary,"A documentary on the band, The 1975.",11.3892,/8yNylFBfU3NEb7GVKrQNMnu64KR.jpg,2020-01-30,False,False,6.0,1
False,/eNI7PtK6DEYgZmHWP9gQNuff8pv.jpg,"[878, 28, 12]",624860,The Matrix Resurrections,en,The Matrix Resurrections,"Plagued by strange memories, Neo's life takes an unexpected turn when he finds himself back inside the Matrix.",9.7264,/8c4a8kE7PizaGQQnditMmI1xbRp.jpg,2021-12-16,False,False,6.333,6482
False,/3avI4nJ3WNweQFHa2UwRMOO8cbL.jpg,"[18, 27, 80]",74997,The Human Centipede 2 (Full Sequence),en,The Human Centipede 2 (Full Sequence),"Inspired by the fictional Dr. Heiter, disturbed loner Martin dreams of creating a 12-person centipede and sets out to realize his sick fantasy.",9.501,/9YEUMnMhIjD5ek4zIqOhLSnTnJS.jpg,2011-10-06,False,False,4.768,1448
False,/eDtsTxALld2gPw9lO1hQIJXqMHu.jpg,"[12, 28, 53]",954,Mission: Impossible,en,Mission: Impossible,"When Ethan Hunt, the leader of a crack espionage team whose perilous operation has gone awry with no explanation, discovers that a mole has penetrated the CIA, he's surprised to learn that he's the prime suspect. To clear his name, Hunt now must ferret out the real double agent and, in the process, even the score.",9.1512,/l5uxY5m5OInWpcExIpKG6AR3rgL.jpg,1996-05-22,False,False,7.025,9988
False,/39Niij05MXfibXBsHiUU0Ml0POX.jpg,"[27, 10749]",1242011,Together,en,Together,"Years into their relationship, Tim and Millie find themselves at a crossroads as they move to the country, abandoning all that is familiar in their lives except each other. With tensions already flaring, a nightmarish encounter with a mysterious, unnatural force threatens to corrupt their lives, their love, and their flesh.",8.871,/80slKYVM5teFH3kz6ouWrZXveqj.jpg,2025-07-14,False,False,6.924,1158
False,/gprjiZWY43vxSKngMha1wfb5TGG.jpg,"[27, 14]",426063,Nosferatu,en,Nosferatu,"A gothic tale of obsession between a haunted young woman and the terrifying vampire infatuated with her, causing untold horror in its wake.",10.3903,/5qGIxdEO841C0tdY8vOdLoRVrr0.jpg,2024-12-25,False,False,6.708,3674
False,/7NKfxJrQn053UJeLftlx4m4NTzo.jpg,"[27, 28]",36647,Blade,en,Blade,"The Daywalker known as ""Blade"" - a half-vampire, half-mortal man - becomes the protector of humanity against an underground army of vampires.",10.0557,/oWT70TvbsmQaqyphCZpsnQR7R32.jpg,1998-08-21,False,False,6.838,6714
False,/rOmUuQEZfPXglwFs5ELLLUDKodL.jpg,"[28, 35, 14]",845781,Red One,en,Red One,"After Santa Claus (codename: Red One) is kidnapped, the North Pole's Head of Security must team up with the world's most infamous tracker in a globe-trotting, action-packed mission to save Christmas.",9.6149,/cdqLnri3NEGcmfnqwk2TSIYtddg.jpg,2024-10-31,False,False,6.989,3046
False,/1McO40rFBnUSz0EB2EwYQlUv9LV.jpg,"[27, 53]",776797,The Sadness,zh,哭悲,"A young couple is pushed to the limits of sanity as they attempt to be reunited amid the chaos of a pandemic outbreak. The streets erupt into violence and depravity, as those infected are driven to enact the most cruel and ghastly things imaginable.",9.5529,/mi5lh2brPMzuWYddyUKuCtcnjt1.jpg,2021-01-22,False,False,6.823,1118
False,/z9ft5HYHzWcasR6SGcgeluxTznB.jpg,"[16, 35, 10751, 10402]",335797,Sing,en,Sing,A koala named Buster recruits his best friend to help him drum up business for his theater by hosting a singing competition.,10.6151,/rwopfpHqPCYBSgBuZwkaXXqHp14.jpg,2016-11-23,False,False,7.1,8433
False,/9il7qNbeYnPMYlutsVYDsj4hRyb.jpg,"[18, 28]",480530,Creed II,en,Creed II,"Between personal obligations and training for his next big fight against an opponent with ties to his family's past, Adonis Creed is up against the challenge of his life.",10.4981,/v3QyboWRoA4O9RbcsqH8tJMe8EB.jpg,2018-11-21,False,False,7.034,5797
False,/1jdPUUSy37Wzw3xuc8otI86X2gv.jpg,"[16, 14, 10402, 878]",1575337,Cosmic Princess Kaguya!,ja,超かぐや姫！,"Iroha's life gets knocked off its orbit when Kaguya, a carefree runaway from the Moon, moves in and convinces her to perform in a virtual world together.",9.6332,/9I9cM38gecZcwJ0C6r0cwfvtPJP.jpg,2026-01-22,False,False,8.3,85
False,/f8ng3EDMLkuTMupe4TjgiJS1r0S.jpg,"[28, 878]",530254,The Witch: Part 1. The Subversion,ko,마녀,"Ja-yoon is a high school student who struggles with memory loss after she endured some unknown trauma during her childhood. While trying to uncover the truth, she is unwittingly dragged into a world of crime and finds herself on a journey that will awaken many secrets hidden deep within.",10.3329,/4i2wo2ja5g2PmUxWa1a2eYIboZf.jpg,2018-06-27,False,False,7.913,751
False,/iwvP8XVpYVmJ3xfF9xdBi5uAOWl.jpg,"[80, 18, 53, 28]",75780,Jack Reacher,en,Jack Reacher,"One morning in an ordinary town, five people are shot dead in a seemingly random attack. All evidence points to a single suspect: an ex-military sniper who is quickly brought into custody. The interrogation yields one written note: 'Get Jack Reacher!'. Reacher, an enigmatic ex-Army investigator, believes the authorities have the right man but agrees to help the sniper's defense attorney. However, the more Reacher delves into the case, the less clear-cut it appears. So begins an extraordinary chase for the truth, pitting Jack Reacher against an unexpected enemy, with a skill for violence and a secret to keep.",9.8232,/uQBbjrLVsUibWxNDGA4Czzo8lwz.jpg,2012-12-20,False,False,6.663,7637
False,/9udCLTxTFl28RxnK8Q05E154ZGa.jpg,"[35, 18]",120467,The Grand Budapest Hotel,en,The Grand Budapest Hotel,"The Grand Budapest Hotel tells of a legendary concierge at a famous European hotel between the wars and his friendship with a young employee who becomes his trusted protégé. The story involves the theft and recovery of a priceless Renaissance painting, the battle for an enormous family fortune and the slow and then sudden upheavals that transformed Europe during the first half of the 20th century.",10.5938,/eWdyYQreja6JGCzqHWXpWHDrrPo.jpg,2014-02-26,False,False,8.0,16113
False,/tYT4DdVw1utDPE4QIsBHxlKHai8.jpg,"[10749, 35]",1429520,Sidelined 2: Intercepted,en,Sidelined 2: Intercepted,"Freshman star quarterback Drayton struggles with the weight of expectations after a devastating setback, while dancer Dallas begins to question the future she thought she wanted. As their high school relationship begins to unravel under the pressures of distance and self-discovery, they’ll learn that the bravest versions of themselves emerge when they let life redirect them.",10.1062,/sEIP1pTVXa8BJaYSuVeVG3wFN10.jpg,2025-11-27,False,False,6.827,98
False,/vxOUVzvezd6BsLHPgK9c1T2kR2W.jpg,"[80, 53, 37, 28]",1293162,Thieves Highway,en,Thieves Highway,"After discovering a plot to haul stolen cattle in the middle of nowhere, a desperate and isolated lawman becomes the only thing standing between a group of dangerous rustlers and a clear run to the border.",10.6806,/78B66xBCgmnh88d10B85uFjC88V.jpg,2026-05-10,False,False,7.0,8
False,/abwxHfymXGAbbH3lo9PDEJEfvtW.jpg,"[12, 28, 878]",1894,Star Wars: Episode II - Attack of the Clones,en,Star Wars: Episode II - Attack of the Clones,"Following an assassination attempt on Senator Padmé Amidala, Jedi Knights Anakin Skywalker and Obi-Wan Kenobi investigate a mysterious plot into the heart of the Separatist movement and the beginning of the Clone Wars.",9.3679,/oZNPzxqM2s5DyVWab09NTQScDQt.jpg,2002-05-15,False,False,6.595,14363
False,/ySHUoK4utUOiSfCinw81H1TsV0E.jpg,"[878, 28, 27]",1241470,Osiris,en,Osiris,"Special Forces commandos on a mission are abducted mid-operation by a mysterious spacecraft. Upon waking aboard, they find themselves prey to a relentless alien race in a fight for survival.",9.8299,/3YtZHtXPNG5AleisgEatEfZOT2w.jpg,2025-07-25,False,False,6.107,257
False,/4vSBj7BYsyuKCx96EJzGyp20WfY.jpg,"[35, 27]",593643,The Menu,en,The Menu,"A young couple travels to a remote island to eat at an exclusive restaurant where the chef has prepared a lavish menu, with some shocking surprises.",13.7793,/fPtUgMcLIboqlTlPrq0bQpKK8eq.jpg,2022-11-17,False,False,7.181,6250
False,/218MafWtM9XpPRuNdh0uhrNezi5.jpg,"[878, 12, 18]",982843,The Great Flood,ko,대홍수,"When a raging flood traps a researcher and her young son, a call to a crucial mission puts their escape — and the future of humanity — on the line.",9.1053,/1tUOZQDgZaGqZtrB21MieiXARL2.jpg,2025-09-18,False,False,5.987,711
False,/1M2i4Mxd03elGOTmEkIvqrHfmyS.jpg,"[35, 18, 10749]",19913,(500) Days of Summer,en,(500) Days of Summer,"Tom, greeting-card writer and hopeless romantic, is caught completely off-guard when his girlfriend, Summer, suddenly dumps him. He reflects on their 500 days together to try to figure out where their love affair went sour, and in doing so, Tom rediscovers his true passions in life.",9.9861,/qXAuQ9hF30sQRsXf40OfRVl0MJZ.jpg,2009-07-17,False,False,7.302,11041
False,/8g8WtAAEGRramjw9G4ivYQV8OaR.jpg,"[10749, 18]",4478,Indecent Proposal,en,Indecent Proposal,John Gage offers a down-on-his-luck yuppie husband $1 million for the opportunity to spend the night with the man's wife.,9.6731,/a39WoiTJEG5kNLIrr3kOMwg3LFg.jpg,1993-04-07,False,False,6.41,1618
False,/cGbPBHKSFO7hSIjxkb3KOaGdOep.jpg,"[14, 12, 10749]",967941,Wicked: For Good,en,Wicked: For Good,"As an angry mob rises against the Wicked Witch, Glinda and Elphaba will need to come together one final time. With their singular friendship now the fulcrum of their futures, they will need to truly see each other, with honesty and empathy, if they are to change themselves, and all of Oz, for good.",10.6134,/si9tolnefLSUKaqQEGz1bWArOaL.jpg,2025-11-19,False,False,6.632,1013
False,/44Yi72Ut3NchXewQzx814ViE2dy.jpg,"[28, 12, 53]",22832,Ninja Assassin,en,Ninja Assassin,"Ninja Assassin follows Raizo, one of the deadliest assassins in the world. Taken from the streets as a child, he was transformed into a trained killer by the Ozunu Clan, a secret society whose very existence is considered a myth. But haunted by the merciless execution of his friend by the Clan, Raizo breaks free from them and vanishes. Now he waits, preparing to exact his revenge.",9.9875,/ipJ4mgqse6uoTRsDyU3TXmva1rt.jpg,2009-09-29,False,False,6.692,1782
False,/bwaxhNVSi0lGvsg9C5jlHipNr0C.jpg,"[28, 10749]",1510583,Rakkhosh,bn,রাক্ষস,"The story about a man pushed to his limits by love and greed, who eventually embraces his darker side to seek justice or revenge in a world filled with ""monsters.""",9.9176,/a2fCCiq14zbk7VGyUAgZvqIMxr6.jpg,2026-03-21,False,False,5.5,1
False,/ywWva4trKw7f3wtbz81Fe3FnrtC.jpg,"[12, 18, 37]",581,Dances with Wolves,en,Dances with Wolves,"Wounded Civil War soldier John Dunbar tries to commit suicide—and becomes a hero instead. As a reward, he's assigned to his dream post, a remote junction on the Western frontier, and soon makes unlikely friends with the local Sioux tribe.",8.2921,/hw0ZEHAaTqTxSXGVwUFX7uvanSA.jpg,1990-11-09,False,False,7.842,4699
False,/fwrqW8Lp5VQuppFrODd4iJ8LySE.jpg,"[28, 12, 9648]",335787,Uncharted,en,Uncharted,"A young street-smart, Nathan Drake and his wisecracking partner Victor “Sully” Sullivan embark on a dangerous pursuit of “the greatest treasure never found” while also tracking clues that may lead to Nathan’s long-lost brother.",13.545,/rJHC1RUORuUhtfNb4Npclx0xnOf.jpg,2022-02-10,False,False,6.888,6878
False,/4w6KujcSnUaaxV9lztg5Tedwe05.jpg,"[28, 35, 80, 10749, 878, 53]",64348,Robotrix,cn,女機械人,"When evil inventor Ryuichi Yamamoto transfers his mind into that of a powerful cyborg, he becomes a murderer and rapist. But when one of his victims, Police officer Selina Lam becomes super robot Eve-R27, she teams up with android sidekick Ann and together they seek to bring the criminally insane scientist to justice.",8.6867,/3ikwwNbk7GVorndt8lUyzaqIWpu.jpg,1991-05-31,False,False,6.0,48
False,/wWqTMWkEw6HouLd1zPZbZWxtAPr.jpg,"[28, 878, 12]",399566,Godzilla vs. Kong,en,Godzilla vs. Kong,"In a time when monsters walk the Earth, humanity’s fight for its future sets Godzilla and Kong on a collision course that will see the two most powerful forces of nature on the planet collide in a spectacular battle for the ages.",9.6977,/pgqgaUx1cJb5oZQQ5v0tNARCeBp.jpg,2021-03-24,False,False,7.535,10645
False,/hII4gDYkG9DJZ6iysUO4cNjkD2p.jpg,"[16, 18, 27]",53064,Midori,ja,地下幻燈劇画 少女椿,"After losing her parents, young flower selling Midori is put up by a fairground group. She is abused and forced to slavery, until the arrival of an enigmatic magician of short stature, who gives her hope for a better future.",9.853,/iv3TU7RAuWnMwhsYd7eaAIJ3NuO.jpg,1992-05-02,False,False,6.072,167
False,/dF2c20sRDgySZLaLS2OUerL07sz.jpg,"[12, 14, 18, 10749]",18239,The Twilight Saga: New Moon,en,The Twilight Saga: New Moon,"Forks, Washington resident Bella Swan is reeling from the departure of her vampire love, Edward Cullen, and finds comfort in her friendship with Jacob Black, a werewolf. But before she knows it, she's thrust into a centuries-old conflict, and her desire to be with Edward at any cost leads her to take greater and greater risks.",9.8495,/k2qTooPlHffgNABNWxeJdGMglPK.jpg,2009-11-18,False,False,5.99,9755
False,/2UcDOPaJjCTW0YrvyeMkAof5wub.jpg,"[27, 35]",633604,Yummy,nl,Yummy,"A young couple travels to a shabby Eastern European hospital for plastic surgery. The young woman wants a breast reduction. Her mother comes along for yet another face-lift. Wandering through an abandoned ward the boyfriend stumbles upon a young woman, gagged and strapped to an operating table; she is the result of an experimental rejuvenation treatment. He frees her, but does not realize he just caused the outbreak of a virus that will change doctors, patients and his mother-in-law into bloodthirsty zombies.",9.8422,/nRysfd4JdnPJx82ZYs8atFmSuVC.jpg,2019-12-13,False,False,6.343,354
False,/wYtEvBmpBRXPdwGgr1gcWiwJSI7.jpg,"[28, 27, 878]",460458,Resident Evil: Welcome to Raccoon City,en,Resident Evil: Welcome to Raccoon City,"Once the booming home of pharmaceutical giant Umbrella Corporation, Raccoon City is now a dying Midwestern town. The company’s exodus left the city a wasteland…with great evil brewing below the surface. When that evil is unleashed, the townspeople are forever…changed…and a small group of survivors must work together to uncover the truth behind Umbrella and make it through the night.",9.8304,/bArhvjRHl535XMaSh9VjInF2mSZ.jpg,2021-11-24,False,False,5.936,2699
False,/ivJ5UzT6IzucLVfbZwCCwiJJoBz.jpg,"[18, 10749]",531428,Portrait of a Lady on Fire,fr,Portrait de la jeune fille en feu,"On an isolated island in Brittany at the end of the eighteenth century, a female painter is obliged to paint a wedding portrait of a young woman.",9.8,/2LquGwEhbg3soxSCs9VNyh5VJd9.jpg,2019-09-06,False,False,8.1,2941
False,/6c7j7MQCczzNVvcrNEiXbs8Kt2p.jpg,"[28, 18, 53]",9509,Man on Fire,en,Man on Fire,"Jaded ex-CIA operative John Creasy reluctantly accepts a job as the bodyguard for a 10-year-old girl in Mexico City. They clash at first, but eventually bond, and when she's kidnapped he's consumed by fury and will stop at nothing to save her life.",9.8,/grCGLCcTHv9TChibzOwzUpykcjB.jpg,2004-04-23,False,False,7.466,5696
False,/phiRQhfwZZeMMn3osvQUmGYmJbp.jpg,"[27, 28, 80]",755,From Dusk Till Dawn,en,From Dusk Till Dawn,"After kidnapping a father and his two kids, the Gecko brothers head south to a seedy Mexican bar to hide out in safety, unaware of its notorious clientele.",9.7972,/sV3kIAmvJ9tPz4Lq5fuf9LLMxte.jpg,1996-01-19,False,False,7.042,6496
False,/wFN8llYh215M8i2fqWAcPV8CSyL.jpg,"[16, 12, 10751, 35]",49519,The Croods,en,The Croods,"The prehistoric Croods family live in a particularly dangerous moment in time. Patriarch Grug, his mate Ugga, teenage daughter Eep, son Thunk, and feisty Gran gather food by day and huddle together in a cave at night. When a more evolved caveman named Guy arrives on the scene, Grug is distrustful, but it soon becomes apparent that Guy is correct about the impending destruction of their world.",9.7951,/27zvjVOtOi5ped1HSlJKNsKXkFH.jpg,2013-03-15,False,False,6.939,7535
False,/kJYPag1YrA4PsXIftFdq3QEaanV.jpg,"[12, 28, 53, 878]",605,The Matrix Revolutions,en,The Matrix Revolutions,The human city of Zion defends itself against the massive invasion of the machines as Neo fights to end the war at another front while also opposing the rogue Agent Smith.,9.7945,/bkkS61w94ZVMNVd8KEyyJl2tnY5.jpg,2003-11-05,False,False,6.753,10828
False,/2SRJMIoJzABzgyGw01U6VbQbvJD.jpg,"[10749, 35]",621,Grease,en,Grease,"Australian good girl Sandy and greaser Danny fell in love over the summer. But when they unexpectedly discover they're now in the same high school, will they be able to rekindle their romance despite their eccentric friends?",9.789,/2rM7fQKpb7cs1Iq7IBqub9LFDzJ.jpg,1978-06-16,False,False,7.369,7674
False,/syKRQetsTIluudtRpuABOlFGizh.jpg,"[18, 36, 10752, 28]",2024,The Patriot,en,The Patriot,"After proving himself on the field of battle in the French and Indian War, Benjamin Martin wants nothing more to do with such things, preferring the simple life of a farmer. But when his son Gabriel enlists in the army to defend their new nation, America, against the British, Benjamin reluctantly returns to his old life to protect his son.",9.785,/fWZd815QxUCUcrWQZwUkAp9ljG.jpg,2000-06-28,False,False,7.202,4333
False,/5uALG7vTGtHac2Sgc2PLyEf6Gax.jpg,"[14, 18, 35]",549649,Dancing With Ghosts,ko,귀신과 함께 춤을,"Yoo-jin appears in the dreams of Dong-jae who is a host for lonely women at night. She appears in real life, asking him for help. What she needs is to sleep with him once. Yoo-jin was a virgin ghost and she needed Dong-jae to help her to go back to the after world. However, he doesn't want to sleep with her because she used to be his crush and he'd been waiting to see her in his dreams and in real life. He is afraid sleeping with her will make him lose her. Will he sleep with her or continue to live with her like this?",9.776,/rkZ59bseDBbA2o4iX3X3g2XtFSH.jpg,2018-09-27,False,False,6.5,2
False,/nMgQD51KzAqrt4F6iwxw5TetVLW.jpg,[35],9757,Norbit,en,Norbit,"A mild-mannered guy who is engaged to a monstrous woman meets the woman of his dreams, and schemes to find a way to be with her.",9.7716,/XcZ5NzygPp54csxCnzvQKuxFL2.jpg,2007-02-08,False,False,5.7,2594
False,/1m1c5gIWWkb1FEC9lzsoXHhhs7b.jpg,"[28, 18, 36, 10752]",197,Braveheart,en,Braveheart,"Enraged at the slaughter of Murron, his new bride and childhood love, Scottish warrior William Wallace slays a platoon of the local English lord's soldiers. This leads the village to revolt and, eventually, the entire country to rise up against English rule.",9.7683,/or1gBugydmjToAEq7OZY0owwFk.jpg,1995-05-24,False,False,7.945,11121
False,/vPJwn9pp5f58CqdaXU3eOSLoJkl.jpg,"[28, 35, 80]",5175,Rush Hour 2,en,Rush Hour 2,"It's vacation time for Carter as he finds himself alongside Lee in Hong Kong wishing for more excitement. While Carter wants to party and meet the ladies, Lee is out to track down a Triad gang lord who may be responsible for killing two men at the American Embassy. Things get complicated as the pair stumble onto a counterfeiting plot. The boys are soon up to their necks in fist fights and life-threatening situations. A trip back to the U.S. may provide the answers about the bombing, the counterfeiting, and the true allegiance of sexy customs agent Isabella.",9.7616,/aBQf2vMiCINeVC9v6BGVYKXurTh.jpg,2001-08-03,False,False,6.769,4602
False,/fGBJEfGjHmhg7nLAT0Jkcv9qV5e.jpg,"[18, 35, 10749]",43347,Love & Other Drugs,en,Love & Other Drugs,"Maggie is an alluring free spirit who won't let anyone – or anything – tie her down. But she meets her match in Jamie, whose relentless and nearly infallible charm serves him well with the ladies and the cutthroat world of pharmaceutical sales. Maggie and Jamie's evolving relationship takes them both by surprise, as they find themselves under the influence of the ultimate drug: love.",9.7605,/wZLM2uKJRYNchLmiCIjosX0rXy8.jpg,2010-11-22,False,False,7.0,5614
False,/55eNvuXNumZ3oDmtcsJvzGhKyLZ.jpg,"[28, 53, 80]",345887,The Equalizer 2,en,The Equalizer 2,"Robert McCall, who serves an unflinching justice for the exploited and oppressed, embarks on a relentless, globe-trotting quest for vengeance when his former partner is murdered.",9.7517,/cQvc9N6JiMVKqol3wcYrGshsIdZ.jpg,2018-07-19,False,False,6.789,5988
False,/30jbD8Er4aB7FbfUbyZLORMDnJN.jpg,"[10752, 28]",1241436,Warfare,en,Warfare,"A platoon of Navy SEALs embarks on a dangerous mission in Ramadi, Iraq, with the chaos and brotherhood of war retold through their memories of the event.",9.75,/l39TlELomwysfsr37vrvCV6rmaQ.jpg,2025-04-09,False,False,7.088,1457
False,/cjZ7No0DX2L3ielLSoUOMYPw7C.jpg,"[27, 35]",1124620,The Monkey,en,The Monkey,"When twin brothers find a mysterious wind-up monkey, a series of outrageous deaths tear their family apart. Twenty-five years later, the monkey begins a new killing spree forcing the estranged brothers to confront the cursed toy.",9.7405,/yYa8Onk9ow7ukcnfp2QWVvjWYel.jpg,2025-02-10,False,False,6.001,1333
False,/YEPGeTTg1cGzz1RymWFbmESRZn.jpg,"[18, 53, 27]",143308,Flower and Snake 3: Punishment,ja,花と蛇 飼育篇,When successful business man refuses to save the business of his former partner he has his wife and her student kidnapped. The former partner plans to take his revenge by forcing both women into sexual slavery by training them as SM porn stars.,9.7402,/dHG4mTjv4DDl2NFtQe3IMCcVHdT.jpg,1986-03-08,False,False,4.7,13
False,/YEPGeTTg1cGzz1RymWFbmESRZn.jpg,"[18, 53, 27]",143308,Flower and Snake 3: Punishment,ja,花と蛇 飼育篇,When successful business man refuses to save the business of his former partner he has his wife and her student kidnapped. The former partner plans to take his revenge by forcing both women into sexual slavery by training them as SM porn stars.,9.4865,/dHG4mTjv4DDl2NFtQe3IMCcVHdT.jpg,1986-03-08,False,False,4.7,13
False,/iXlHfi9hq7nfSv31pBab8fpMfZh.jpg,"[35, 10751, 14]",10830,Matilda,en,Matilda,"Matilda Wormwood is an brilliant and intelligent little girl. Unfortunately, her parents, Harry and Zinnia, fail to see that fact. As time passes, she finally starts school and has a kind teacher, loyal friends, and a terrifying, sadistic headmistress. As she becomes fed up with the constant cruelty, she discovers she has a special gift that she just might be able to use to outwit the unruly adults around her.",9.4197,/wYoDpWInsBEVSmWStnRH06ddoyk.jpg,1996-08-02,False,False,7.181,4815
False,/1GlZNA9L5trst3ItgRiyQTUH1uf.jpg,[18],37799,The Social Network,en,The Social Network,"In 2003, Harvard undergrad and computer programmer Mark Zuckerberg begins work on a new concept that eventually turns into the global social network known as Facebook. Six years later, Mark is one of the youngest billionaires ever, but his unprecedented success leads to both personal and legal complications when he ends up on the receiving end of two lawsuits, one involving his former friend.",9.8918,/n0ybibhJtQ5icDqTp8eRytcIHJx.jpg,2010-10-01,False,False,7.374,13173
False,/zv1xOEQzebKyku349qDZ085FZlO.jpg,"[10752, 10749, 36, 28]",676,Pearl Harbor,en,Pearl Harbor,"The lifelong friendship between Rafe McCawley and Danny Walker is put to the ultimate test when the two ace fighter pilots become entangled in a love triangle with beautiful Naval nurse Evelyn Johnson. But the rivalry between the friends-turned-foes is immediately put on hold when they find themselves at the center of Japan's devastating attack on Pearl Harbor on Dec. 7, 1941.",9.0404,/y8A0Cvp8WQmZ3bjbnsL53lY0dsC.jpg,2001-05-21,False,False,6.935,7003
False,/i275mAQP4KhPtYUpMUgBGMmK4WN.jpg,"[27, 53, 18]",1249508,Grizzly Night,en,Grizzly Night,"On August 12, 1967, in Montana's Glacier National Park, the unthinkable happened: that same night, nine miles apart, there were not one—but two—fatal grizzly bear attacks.",9.5096,/4NESS9cK1CVBrmI87GS2JtJG28q.jpg,2026-01-30,False,False,6.355,55
False,/2QCwYIcWkRcGMNSqHFrbdppZgX6.jpg,"[28, 18, 36, 10752]",11422,Midway,en,Midway,"This war drama depicts the U.S. and Japanese forces in the naval Battle of Midway, which became a turning point for Americans during World War II.",7.8292,/vCzGV28YFmWubUn1jh8ytagYocR.jpg,1976-06-18,False,False,6.6,325
False,/bBiZN1epQTu3F8iFLBuMhc4TRzr.jpg,[18],10997,Farewell My Concubine,zh,霸王别姬,"In an epic tale of theater, gender, love and class, two Beijing opera actors navigate political turmoil as their friendship evolves over decades.",7.6813,/f54hNIiHNINw3JiUJB2XaQl5wCN.jpg,1993-01-01,False,False,7.895,679
False,/6iDQCBUSZKzY8Rnu8ECwl2gXcfG.jpg,"[18, 10402, 10749]",88,Dirty Dancing,en,Dirty Dancing,"Expecting the usual tedium that accompanies a summer in the Catskills with her family, 17-year-old Frances 'Baby' Houseman is surprised to find herself stepping into the shoes of a professional hoofer—and unexpectedly falling in love.",8.5715,/9Jw6jys7q9gjzVX5zm1z0gC8gY9.jpg,1987-08-21,False,False,7.326,6508
False,/m8JTwHFwX7I7JY5fPe4SjqejWag.jpg,"[28, 12, 878]",640146,Ant-Man and the Wasp: Quantumania,en,Ant-Man and the Wasp: Quantumania,"Super-Hero partners Scott Lang and Hope van Dyne, along with with Hope's parents Janet van Dyne and Hank Pym, and Scott's daughter Cassie Lang, find themselves exploring the Quantum Realm, interacting with strange new creatures and embarking on an adventure that will push them beyond the limits of what they thought possible.",16.4621,/qnqGbB22YJ7dSs4o6M7exTpNxPz.jpg,2023-02-15,False,False,6.226,5851
False,/e3hG3uadtcP0pYdRa5ch4ysQW76.jpg,"[28, 18, 36]",14537,Harakiri,ja,切腹,"Down-on-his-luck veteran Tsugumo Hanshirō enters the courtyard of the prosperous House of Iyi. Unemployed, and with no family, he hopes to find a place to commit seppuku—and a worthy second to deliver the coup de grâce in his suicide ritual. The senior counselor for the Iyi clan questions the ronin’s resolve and integrity, suspecting Hanshirō of seeking charity rather than an honorable end. What follows is a pair of interlocking stories which lay bare the difference between honor and respect, and promises to examine the legendary foundations of the Samurai code.",9.5273,/zK7HsOC7QxW1ldKIeFG8YJ5F2Eb.jpg,1962-09-15,False,False,8.436,1216
False,/1EECShloaXfQpXLphUzpDKxSTeA.jpg,"[10751, 10749, 35, 18, 28]",1141320,The Family Star,te,ద ఫ్యామిలీ స్తార్,"Govardhan, a devoted architect from Hyderabad, juggles supporting his extended family while seeking a partner who understands his commitments. When he discovers Indu thesis on his family, he challenges her, leading to unexpected twists as they navigate misunderstandings and eventually find love amidst sacrifice and understanding",8.8265,/2mLyHeWwU0Ocv9Jvk72IDqZqT7G.jpg,2024-04-04,False,False,4.833,18
False,/cgjLr9VVQzp0mYQ6IUc3JlZ8Frp.jpg,"[14, 35]",310,Bruce Almighty,en,Bruce Almighty,"Bruce Nolan toils as a ""human interest"" television reporter in Buffalo, NY, but despite his high ratings and the love of his beautiful girlfriend, Bruce remains unfulfilled. At the end of the worst day in his life, he angrily ridicules God — and the Almighty responds, endowing Bruce with all of His divine powers.",10.4777,/wqkWrOFtYnZSvIMu8Lsmz7WIvKC.jpg,2003-05-23,False,False,6.726,11498
False,/2ndw55F40IkALzWyjCCza3M6nqM.jpg,[18],14,American Beauty,en,American Beauty,"Lester Burnham, a depressed suburban father in a mid-life crisis, decides to turn his hectic life around after developing an infatuation with his daughter's attractive friend.",10.6275,/wby9315QzVKdW9BonAefg8jGTTb.jpg,1999-09-15,False,False,8.0,13060
False,/nPBaJKudqdAMpTTcxDt0LtuIgua.jpg,"[18, 10749]",913544,Ved,mr,वेड,"Satya lives in a railway colony who dreams of playing for the railway cricket team and eventually representing Team India. Soon he falls madly in love with Nisha. However, Satya`s life takes a drastic change when a local Politician Bhaskar creates havoc in his personal and professional life. 12 Years Later, Satya is a drunk miserable man hopelessly waiting for his love. He is married to Shravani who has been crazily in love with Satya since her childhood. Who`s love has more madness - Satya or Shravani?",9.2972,/kNd1IkaAVOvrkDqvCsjEiSrWn29.jpg,2022-12-30,False,False,7.1,10
False,/o2SeAw8ARPB1D8oudCRJcxW3w60.jpg,"[27, 53]",13186,Wrong Turn 2: Dead End,en,Wrong Turn 2: Dead End,Retired military commander Colonel Dale Murphy hosts the simulated post-apocalyptic reality show where participants are challenged to survive a remote West Virginia wasteland. But the show turns into a nightmarish showdown when each realizes they are being hunted by an inbred family of cannibals determined to make them all dinner!,9.9044,/ow3IMhTVLryZuCEoQznVTTmFYuu.jpg,2007-08-25,False,False,6.149,1547
False,/84h6avqHvW2TgLfERuqYkQwzjp1.jpg,"[27, 53]",1130276,Succubus,en,Succubus,A new father going through a marital separation joins a dating app and matches with a beautiful but mysterious young woman... whose powers of seduction and manipulation entangle him in a mystery more horrifying than he could have ever imagined.,8.5786,/7AfBMebJS8mEtSV5ymdxEPpgvXb.jpg,2024-10-06,False,False,8.575,239
False,/9fbAlFZjGz8Xkfs93EefMwZiDQM.jpg,"[28, 12, 878]",49529,John Carter,en,John Carter,"John Carter is a war-weary, former military captain who's inexplicably transported to the mysterious and exotic planet of Barsoom (Mars) and reluctantly becomes embroiled in an epic conflict. It's a world on the brink of collapse, and Carter rediscovers his humanity when he realizes the survival of Barsoom and its people rests in his hands.",8.8928,/lCxz1Yus07QCQQCb6I0Dr3Lmqpx.jpg,2012-03-07,False,False,6.37,6109
False,/9R0D4i23Sr16d44D5hmwRGDW08W.jpg,"[18, 10749]",492101,New Golden Lotus  I,cn,新金瓶梅 第一集,,8.5627,/54zOGJOTt0YMqp3cAqBnF6slN39.jpg,1996-03-08,False,False,6.8,9
False,/a0E1mbejev56Ii51hCnYUDj4tZS.jpg,"[16, 10751, 12]",37135,Tarzan,en,Tarzan,"Tarzan was a small orphan who was raised by an ape named Kala since he was a child. He believed that this was his family, but on an expedition Jane Porter is rescued by Tarzan. He then finds out that he's human. Now Tarzan must make the decision as to which family he should belong to...",8.7752,/bTvHlcqiOjGa3lFtbrTLTM3zasY.jpg,1999-06-17,False,False,7.406,7341
False,/rNvn89IcEJPqRKxIgwTAPXl9qjJ.jpg,"[27, 35]",19994,Jennifer's Body,en,Jennifer's Body,"Jennifer, a gorgeous, seductive cheerleader takes evil to a whole new level after she's possessed by a sinister demon. Now it's up to her best friend to stop Jennifer's reign of terror before it's too late.",9.2161,/wrkjsGcFJxcQqR56kJUYAEKKg2T.jpg,2009-09-18,False,False,6.0,4250
False,/4ZZiOP4Imzv6ULF9QczvfQ1VdEO.jpg,"[16, 28, 18, 878]",1406657,Scarlet,ja,果てしなきスカーレット,"After failing to avenge her father's murder, Princess Scarlet, wakes up in the ""Land of the Dead."" In this world filled with madness, if she does not achieve her revenge against her nemesis and reach the ""No End Place,"" she will become ""Void"" and cease to exist. Can Scarlet find a way to live at the end of her endless journey?",9.0078,/2O2tOyS4kvO9GtFPHpWmbXvfRQv.jpg,2025-11-21,False,False,7.3,100
False,/87wqeMeUeMRLjsE1IWNKJcPlpuC.jpg,"[18, 10749]",289,Casablanca,en,Casablanca,"In Casablanca, Morocco in December 1941, a cynical American expatriate meets a former lover, with unforeseen complications.",9.0482,/lGCEKlJo2CnWydQj7aamY7s1S7Q.jpg,1943-01-15,False,False,8.1,6058
False,/oYiPf8oR2ZrjvGIVzGTw1BZihDP.jpg,"[9648, 18, 10749, 53, 10770]",153104,Wicked Minds,en,Wicked Minds,Holden returns home from college and is surprised to find his overpowering competitive father married to a much younger woman Lana. Holden quickly falls for the beauty and charisma of his step mother. A passionate affair begins between son and stepmother.,8.87,/A6A15cDR8mpdOxW4y7UzFanzbM0.jpg,2003-03-01,False,False,6.34,53
False,/eGyvNUw7Kess2QfgtqZjAHC7DqW.jpg,"[28, 80, 53, 12]",619803,The Roundup,ko,범죄도시 2,"The 'Beast Cop' Ma Seok-do heads to a foreign country to extradite a suspect, but soon after his arrival, he discovers additional murder cases and hears about a vicious killer who has been committing crimes against tourists for several years.",10.1543,/wg9oh3IRDOkdDRRygBNO1ylXskQ.jpg,2022-05-18,False,False,7.334,438
False,/3IJ8kG8i84PncXkSovu0PaZQfjM.jpg,"[28, 80, 53]",337339,The Fate of the Furious,en,The Fate of the Furious,"When a mysterious woman seduces Dom into the world of crime and a betrayal of those closest to him, the crew face trials that will test them as never before.",9.9151,/dImWM7GJqryWJO9LHa3XQ8DD5NH.jpg,2017-04-12,False,False,6.854,10820
False,/sDhABATFQX8nfTHShTfH8HeqKY1.jpg,"[80, 18, 53]",819,Sleepers,en,Sleepers,Two gangsters seek revenge on the state jail worker who during their stay at a youth prison sexually abused them. A sensational court hearing takes place to charge him for the crimes.,8.8646,/yUpiEk2EojS9ZEXb3nIQonQCYYF.jpg,1996-10-18,False,False,7.604,3890
False,/3pJx6MzdvdWQACLTYQtDW3IgzV0.jpg,[18],1588846,Ekis,tl,Ekis,"Erik Matti’s classic Ekis gets a bold reboot with an all-girls ensemble led by Angela Morena, Cheena Dizon, and Aliya Raymundo. A crew of female thugs launches a kidnap-for-ransom plot, but when things go wrong, escaping the chaos becomes impossible.",9.877,/vuUvGqqGabV422qzjGWPlhRuvN0.jpg,2025-12-19,False,False,6.2,4
False,/sW0X1265yuRHUorLKCrJDv9TJD7.jpg,"[28, 53]",1491902,Bang,th,ปัง,"Follows a ruthless hitman who, after narrowly escaping a fatal attempt on his life, betrays his gang in an effort to find forgiveness but ends up becoming a target himself.",8.4107,/8SUzKOqe2ectvhYdSnR7Vq2F3n1.jpg,2025-07-11,False,False,6.599,81
False,/5j77rB8NRa7lXuu1Sgmm6wfgrzZ.jpg,"[35, 878]",957,Spaceballs,en,Spaceballs,"When the nefarious Dark Helmet hatches a plan to snatch Princess Vespa and steal her planet's air, space-bum-for-hire Lone Starr and his clueless sidekick fly to the rescue. Along the way, they meet Yogurt, who puts Lone Starr wise to the power of ""The Schwartz."" Can he master it in time to save the day?",8.5892,/kNbaxEsnCyWBTfANVPHayujBsxp.jpg,1987-06-24,False,False,6.869,3398
False,/x1j5VVU4ypEx1hM0PDYGwCJvwtS.jpg,"[27, 9648]",508642,Gonjiam: Haunted Asylum,ko,곤지암,"The crew of a horror web series travels to an abandoned asylum for a live broadcast, but they encounter much more than expected as they move deeper inside the nightmarish old building.",8.9506,/fNqlsmu2tiI1bXcpU31yjHPkiJz.jpg,2018-03-28,False,False,7.277,931
False,/rq3fVu4LBLCiuFSKUEDcrWvYhWR.jpg,"[18, 10770]",53445,The Unloved,en,The Unloved,"Lucy is eleven years old. Having been neglected by her estranged mother and father, she is placed in a children's home. Through her eyes, we follow her struggle to cope with the system; her only saving being her self-belief and certainty that she is being watched over and protected by the holy spirit.",8.8126,/h8IJpERlvkOyIM6qpycvb0EsibI.jpg,2009-05-17,False,False,6.8,34
False,/AfvIjhDu9p64jKcmohS4hsPG95Q.jpg,"[27, 53]",756999,The Black Phone,en,The Black Phone,"Finney Blake, a shy but clever 13-year-old boy, is abducted by a sadistic killer and trapped in a soundproof basement where screaming is of little use. When a disconnected phone on the wall begins to ring, Finney discovers that he can hear the voices of the killer’s previous victims. And they are dead set on making sure that what happened to them doesn’t happen to Finney.",10.1947,/p9ZUzCyy9wRTDuuQexkQ78R2BgF.jpg,2022-06-16,False,False,7.521,5850
False,/rFY9V4Dhq7lbIu6LlpzbL9u2K2E.jpg,[35],257211,The Intern,en,The Intern,"70-year-old widower Ben Whittaker has discovered that retirement isn't all it's cracked up to be. Seizing an opportunity to get back in the game, he becomes a senior intern at an online fashion site, founded and run by Jules Ostin.",8.8298,/bTQ46fupPbjBfFBHuzfD3hxxL0Q.jpg,2015-09-23,False,False,7.231,7338
False,/ziexSS07RmowuyqAdJMh1sGxjHg.jpg,"[28, 80, 18]",7220,The Punisher,en,The Punisher,"When undercover FBI agent Frank Castle's wife and son are slaughtered, he becomes 'the Punisher' -- a ruthless vigilante willing to go to any length to avenge his family.",9.1897,/7rmA1HwYp2GKM85BL0cVwCaosGr.jpg,2004-04-15,False,False,6.373,3147
False,/qB2eFmGEh5YCzhXUpz7As2PaDCh.jpg,"[28, 12, 53]",37724,Skyfall,en,Skyfall,"When Bond's latest assignment goes gravely wrong, agents around the world are exposed and MI6 headquarters is attacked. While M faces challenges to her authority and position from Gareth Mallory, the new Chairman of the Intelligence and Security Committee, it's up to Bond, aided only by field agent Eve, to locate the mastermind behind the attack.",9.2089,/d0IVecFQvsGdSbnMAHqiYsNYaJT.jpg,2012-10-24,False,False,7.262,16139
False,/l9jEItb8GRyhZfny92QeqpCeOu.jpg,"[16, 12, 35, 10751]",153518,The Angry Birds Movie,en,The Angry Birds Movie,"An island populated entirely by happy, flightless birds or almost entirely. In this paradise, Red, a bird with a temper problem, speedy Chuck, and the volatile Bomb have always been outsiders. But when the island is visited by mysterious green piggies, it’s up to these unlikely outcasts to figure out what the pigs are up to.",9.2089,/iOH0fEFtV9z9rZp9zmBFGGeWicv.jpg,2016-05-11,False,False,6.3,3998
False,/s9kbcVd0PQCw2JPKo9C84ChP2x.jpg,"[27, 53, 10749]",1417285,The Stain,th,ราคี,"When Malee, a young woman with a dark past, is drawn by fate to an apartment where she must confront haunting memories from her childhood, she encounters Pran, a botanist, a tea blending master, and the founder of a Thai floral tea brand.",9.6395,/vPxVvwMduxySggqEyHpwQNtjbx6.jpg,2026-02-26,False,False,4.0,2
False,/dfkE2LppPbJ1qUzi3tdND5iuMFp.jpg,"[35, 80]",10607,Don't Be a Menace to South Central While Drinking Your Juice in the Hood,en,Don't Be a Menace to South Central While Drinking Your Juice in the Hood,"When Ashtray moves to South Central L.A. to live with his father (who appears to be the same age he is) and grandmother (who likes to talk tough and smoke reefer), he falls in with his gang-banging cousin Loc Dog, who along with the requisite pistols and Uzi carries a thermo-nuclear warhead for self-defense. Will Ashtray be able to keep living the straight life?",11.6379,/HZQBF7JDd2e9p4rPSbSHuWHaCC.jpg,1996-01-12,False,False,7.044,1519
False,/yBCekmb7vK70xUhtsRQBcTu65sB.jpg,"[878, 18]",840,Close Encounters of the Third Kind,en,Close Encounters of the Third Kind,"After an encounter with UFOs, an electricity linesman feels undeniably drawn to an isolated area in the wilderness where something spectacular is about to happen.",9.1939,/yaPx3cK9zGFX3SbcKwxWM1QIbUh.jpg,1977-12-14,False,False,7.353,4649
False,/m3WlBJJRbFPaut1QS0PbOG8Wezy.jpg,"[10749, 18]",1327862,Regretting You,en,Regretting You,"Morgan Grant and her daughter Clara explore what's left behind after a devastating accident reveals a shocking betrayal and forces them to confront family secrets, redefine love, and rediscover each other.",9.131,/z4gVnxTaks3anTycwKjDmvQSuWt.jpg,2025-10-22,False,False,7.014,416
